reviewId,content,score,gender,location,date,sentimiento,content_limpio,topico_principal_soft,porcentaje_pertenencia
34c160a2-a435-47d3-9ceb-b180643f89d2,Very bad app fake hai ye,1.0,male,"Rabat, Morocco",2020-10-16,Negativo,very bad app fake hai ye,2,83.62
ba2fee87-237c-4859-af1d-9deedef20f20,"Worst app in the world!!! If you don't pay your subscription, they try and debit your account 5 times a day resulting in such a loss... So unprofessional and absurd how they try and make money of you!!!! Will never recommend this app!",1.0,male,"Lisbon, Portugal",2020-07-11,Negativo,worst app in the world if you dont pay your subscription they try and debit your account 5 times a day resulting in such a loss so unprofessional and absurd how they try and make money of you will never recommend this app,0,95.47
76cfcca0-6a1a-4e39-a6e9-965e165355ae,"I'm a petite, easily-recognizable woman, living alone in a small town within a very religious country. As an atheist, I specified that I was not interested in dating people of faith, set my incoming requests to ""match my filter preferences only"" and, for safety and privacy, set the app to ""hide all souls within 10 miles."" Nevertheless, I keep receiving ""love"" from local, Catholic men... Not only is this a very poorly-designed app, it apparently also poses major security risks to its users.",1.0,male,"Los Angeles, United States",2021-04-05,Negativo,im a petite easilyrecognizable woman living alone in a small town within a very religious country as an atheist i specified that i was not interested in dating people of faith set my incoming requests to match my filter preferences only and for safety and privacy set the app to hide all souls within 10 miles nevertheless i keep receiving love from local catholic men not only is this a very poorlydesigned app it apparently also poses major security risks to its users,3,97.99
6b4b1ea0-726b-4d17-8c6b-4ec3477e83a3,The verification system is the worst if you have beard like me.,1.0,male,"Denver, United States",2021-09-10,Negativo,the verification system is the worst if you have beard like me,1,80.87
618f0a64-fa2b-4687-abc9-5c1b37f0aa67,Great if you're looking for prostitutes,1.0,male,"Calgary, Canada",2021-03-10,Negativo,great if youre looking for prostitutes,0,61.81
ff3b983d-ae67-4c44-aa44-a93a91ede574,MEN BEWARE! This app got alot of Catfish. Don't join this app or you will get scam.,1.0,male,"Denver, United States",2021-04-18,Negativo,men beware this app got alot of catfish dont join this app or you will get scam,2,92.21
20de9ffb-092a-4870-8ebe-307954305599,Filter country needs payment already,1.0,male,"Glasgow, United Kingdom",2020-07-07,Negativo,filter country needs payment already,3,54.5
dc24af0e-075e-4dca-b00d-719b4060f712,Wrost app,1.0,male,"Cancun, Mexico",2021-04-19,Negativo,wrost app,0,25.0
55c175e0-8e7e-41ba-9024-2e91c4a91f6b,I'll rate higher after using the app longer,1.0,male,"Suva, Fiji",2022-01-18,Negativo,ill rate higher after using the app longer,0,84.35
08286649-9fae-4b43-8ad7-09f0f1b16f14,Its not good no.matches,1.0,male,"Phoenix, United States",2021-11-25,Negativo,its not good nomatches,0,62.15
4b3e9d2e-be89-4cbe-b3a5-7598ca2d7ed2,"There's now a person or group of people making multiple accounts to sell pictures and videos. They keep liking me, telling me to buy their content, which means that they purposely have my profile saved to spam me. I no longer like this app. This app used to be clean and legitimate.",1.0,male,"Jacksonville, United States",2021-09-13,Negativo,theres now a person or group of people making multiple accounts to sell pictures and videos they keep liking me telling me to buy their content which means that they purposely have my profile saved to spam me i no longer like this app this app used to be clean and legitimate,1,82.76
060e3041-e8e6-444c-9b04-5e285a571fa7,Update: So been in the app a bit and there are a TON of fake profiles. My inbox is hemorrhaging but not a single one of them is a real oerson. 1 star. Haven't used the app yet so here's your rating. Two stars simply cause it's a cool ghost icon. May change it after I explore the app some. Or may just delete the app if no one is in my area and forget about rating. In that case y'all are stuck with 2 stars.,1.0,male,"Ho Chi Minh City, Vietnam",2020-09-03,Negativo,update so been in the app a bit and there are a ton of fake profiles my inbox is hemorrhaging but not a single one of them is a real oerson 1 star havent used the app yet so heres your rating two stars simply cause its a cool ghost icon may change it after i explore the app some or may just delete the app if no one is in my area and forget about rating in that case yall are stuck with 2 stars,1,73.65
52cef251-276f-494e-9a30-8af497b72f38,"very low limit on viewing profiles, how the heck is one supposed to find compatible people here",1.0,male,"Rosario, Argentina",2021-12-21,Negativo,very low limit on viewing profiles how the heck is one supposed to find compatible people here,0,93.32
ca0dda26-98f9-47b9-b906-69bfaf6d720c,From 3 to 1. Bugs bugs and bugs. Reached to support in the app but no response. Got imprisoned in a realm for unthinkable reason. Was a nice app.,1.0,male,"Calgary, Canada",2021-11-28,Negativo,from 3 to 1 bugs bugs and bugs reached to support in the app but no response got imprisoned in a realm for unthinkable reason was a nice app,2,94.35
fbff60f8-5123-4b3b-a98e-07c7b0d2dcbc,Good,1.0,male,"Johannesburg, South Africa",2020-10-07,Negativo,good,0,62.15
1cc98c45-d588-4bde-9fbf-af753b0dc28c,This app is trash you have to buy coins to keep texting,1.0,male,"Montreal, Canada",2021-07-16,Negativo,this app is trash you have to buy coins to keep texting,1,84.31
1dfa2127-1e7a-4349-a0b4-4ac5af16c46f,All the time sending me to my card to pay gime some day to see how it work and will see,1.0,male,"Stockholm, Sweden",2020-07-12,Negativo,all the time sending me to my card to pay gime some day to see how it work and will see,2,51.21
df44ffdd-8e46-4cf6-8bb6-bc0abdfdd112,"Most of the girls sending me hearts are bots or live very far away. And I just got a notification that someone left me on read, encouraging me to activate Boo Infinity to find out who. What a weird and insulting way to promote your premium tier...",1.0,male,"Taipei, Taiwan",2020-09-08,Negativo,most of the girls sending me hearts are bots or live very far away and i just got a notification that someone left me on read encouraging me to activate boo infinity to find out who what a weird and insulting way to promote your premium tier,0,96.82
34910ac7-3960-4dd2-974b-1da13957bea0,it's literally same as any other dating app like bumble or tinder. don't get deceived by their advertisements,1.0,male,"Washington DC, United States",2021-01-06,Negativo,its literally same as any other dating app like bumble or tinder dont get deceived by their advertisements,2,91.19
ad8cbb33-ce59-4c45-8a27-787700684237,"It has been a common occurrence where I'd get notifications that someone liked me, but when I look at my requests nothing is there. It has happened several times within the last month.",1.0,male,"Lagos, Nigeria",2020-10-03,Negativo,it has been a common occurrence where id get notifications that someone liked me but when i look at my requests nothing is there it has happened several times within the last month,0,95.86
cdd32400-f7a0-4ae8-86f8-20635ef1a0b9,No souls detected ' Way way to many times pressing the X button to move on to a better face ' hopefully. Great waste of 15 quid. Horrendous app. Total rubbish. Tricky to navigate what you really want.. Nah. I wouldn't waste my money on this app people. A refund would be gratefully appreciated,1.0,male,"Calgary, Canada",2021-09-30,Negativo,no souls detected way way to many times pressing the x button to move on to a better face hopefully great waste of 15 quid horrendous app total rubbish tricky to navigate what you really want nah i wouldnt waste my money on this app people a refund would be gratefully appreciated,1,95.33
7072ad8f-8141-4c6d-999e-ccf7388a58e8,It's good,1.0,male,"Calgary, Canada",2021-11-05,Negativo,its good,0,62.15
475bd6b2-f8be-4020-808b-6d2194e25f77,Great if you pay the money,1.0,male,"Monterrey, Mexico",2021-01-23,Negativo,great if you pay the money,0,57.57
faed4b74-646c-4e6e-a9b6-c5e47678b0c6,Scam,1.0,male,"Tijuana, Mexico",2021-01-08,Negativo,scam,2,60.39
6c9fe2e5-c946-4774-bb0b-1f29d1042de5,This app working is worst Till now I couldn't get any message from girls,1.0,male,"Lahore, Pakistan",2020-09-05,Negativo,this app working is worst till now i couldnt get any message from girls,3,91.0
8beea3d3-a5d8-4bb5-9068-bbf809a47496,No be5ter tgan other dating apps. It eventually charges you to use its AI.,1.0,male,"Shanghai, China",2020-08-19,Negativo,no be5ter tgan other dating apps it eventually charges you to use its ai,2,84.63
f3f2faa8-1a3a-443f-bafc-46f4e32868cf,Geat app,1.0,male,"Jacksonville, United States",2021-09-02,Negativo,geat app,0,25.0
88640788-1e5b-4843-b93d-cb6e0ac89ceb,"Deleted profile because I didn't match with anyone interesting, got an email a week later saying a got a new match so re-download to see what the heck that was about, and there was no new match",1.0,male,"Tijuana, Mexico",2021-06-26,Negativo,deleted profile because i didnt match with anyone interesting got an email a week later saying a got a new match so redownload to see what the heck that was about and there was no new match,1,96.84
cb240754-0dba-453e-805e-59b519cd2b34,I’d say there just aren’t many people near me on Boo. That gets frustrating after a while.,1.0,male,"Manchester, United Kingdom",2020-08-02,Negativo,id say there just arent many people near me on boo that gets frustrating after a while,2,89.12
60c99447-f3c8-4925-8745-d036d927b29f,"Honestly, most of the matches I see are way too far away. It makes the app feel less active.",1.0,male,"Quebec City, Canada",2021-04-15,Negativo,honestly most of the matches i see are way too far away it makes the app feel less active,1,90.41
6db65b55-0082-4ece-8b01-43406e44e9ce,"For me, i like the idea of personality matching, but sometimes it feels too boxed in. That part could definitely be improved.",1.0,male,"Phoenix, United States",2021-02-27,Negativo,for me i like the idea of personality matching but sometimes it feels too boxed in that part could definitely be improved,2,89.17
9955e782-e8ca-4545-bd2a-e05ee73e783f,"Honestly, even with all the personality info, conversations still fizzle out. It takes away some of the appeal.",1.0,male,"New York, United States",2021-11-23,Negativo,honestly even with all the personality info conversations still fizzle out it takes away some of the appeal,3,90.53
27a3f71b-837d-41de-8ea8-4c516bc413eb,"For me, the app can be a little confusing to navigate at first. It ends up feeling slower than expected.",1.0,male,"Phoenix, United States",2021-09-05,Negativo,for me the app can be a little confusing to navigate at first it ends up feeling slower than expected,0,87.43
ac943af1-4f41-4199-a2d5-85021001bd8f,"For me, too many useful features feel locked unless you pay. It takes away some of the appeal.",1.0,male,"Calgary, Canada",2021-06-28,Negativo,for me too many useful features feel locked unless you pay it takes away some of the appeal,3,89.27
e6d5dfcc-bf31-494e-90f0-1699b49f9a7e,"The main issue for me is that some profiles are detailed, but a lot of them are pretty empty. It ends up feeling slower than expected.",1.0,male,"Mexico City, Mexico",2021-05-29,Negativo,the main issue for me is that some profiles are detailed but a lot of them are pretty empty it ends up feeling slower than expected,1,49.92
3a616a74-a919-4906-bfc0-dffe0ff1e53b,"I wanted to like it, but there just aren’t many people near me on Boo. It makes the app feel less active.",1.0,male,"Queenstown, New Zealand",2022-01-23,Negativo,i wanted to like it but there just arent many people near me on boo it makes the app feel less active,2,89.11
f05c2fa1-1479-4acc-9130-0ce6ed9163b8,"I wanted to like it, but most of the matches I see are way too far away.",1.0,female,"Nadi, Fiji",2022-02-14,Negativo,i wanted to like it but most of the matches i see are way too far away,1,68.49
fa0b2082-e1b7-434b-b9a4-cdf4a1cf6c85,"I wanted to like it, but i like the idea of personality matching, but sometimes it feels too boxed in. It ends up feeling slower than expected.",1.0,male,"Chicago, United States",2021-01-19,Negativo,i wanted to like it but i like the idea of personality matching but sometimes it feels too boxed in it ends up feeling slower than expected,2,58.24
a50a8509-3f41-4a36-897c-565dcaf6b67c,"So far, even with all the personality info, conversations still fizzle out.",1.0,male,"Montreal, Canada",2020-11-21,Negativo,so far even with all the personality info conversations still fizzle out,3,87.34
f6c81778-520e-470b-8271-4d131cc3a3f3,"In my experience, the app can be a little confusing to navigate at first. It makes it harder to actually meet someone.",1.0,male,"Monterrey, Mexico",2021-10-23,Negativo,in my experience the app can be a little confusing to navigate at first it makes it harder to actually meet someone,2,88.94
5b913299-3db5-4356-b3dd-12dcbc1486ea,"In my experience, too many useful features feel locked unless you pay. It makes the app feel less active.",1.0,male,"Helsinki, Finland",2020-08-07,Negativo,in my experience too many useful features feel locked unless you pay it makes the app feel less active,3,90.47
f8c5ef1c-f936-4413-93b3-93ef436aaead,"Personally, some profiles are detailed, but a lot of them are pretty empty. That gets frustrating after a while.",1.0,male,"Los Angeles, United States",2021-02-04,Negativo,personally some profiles are detailed but a lot of them are pretty empty that gets frustrating after a while,3,90.57
278a1534-8b2f-4e44-9895-c44c7c097068,"I wanted to like it, but there just aren’t many people near me on Boo. It takes away some of the appeal.",1.0,male,"Shenzhen, China",2020-08-11,Negativo,i wanted to like it but there just arent many people near me on boo it takes away some of the appeal,2,60.95
d790ac05-f03a-48b6-8954-4625518c6c39,"For me, most of the matches I see are way too far away. It makes the app feel less active.",1.0,male,"Montreal, Canada",2021-01-08,Negativo,for me most of the matches i see are way too far away it makes the app feel less active,1,89.21
1cbca2a6-f534-4a45-a378-145421c82da6,"Honestly, i like the idea of personality matching, but sometimes it feels too boxed in. It takes away some of the appeal.",1.0,male,"Delhi, India",2020-08-11,Negativo,honestly i like the idea of personality matching but sometimes it feels too boxed in it takes away some of the appeal,0,90.19
2a25d7b6-a2e0-4969-82a6-b9774385cc29,"The main issue for me is that even with all the personality info, conversations still fizzle out. It ends up feeling slower than expected.",1.0,male,"Washington DC, United States",2020-12-22,Negativo,the main issue for me is that even with all the personality info conversations still fizzle out it ends up feeling slower than expected,3,56.98
9a0296e6-b7b1-424a-af58-146ab70d1c09,What bothers me is that the app can be a little confusing to navigate at first. It makes the experience less consistent.,1.0,male,"San Francisco, United States",2021-10-19,Negativo,what bothers me is that the app can be a little confusing to navigate at first it makes the experience less consistent,2,88.82
d279ec10-0719-4b3f-ad78-a3489ae1f824,"Personally, too many useful features feel locked unless you pay. It takes away some of the appeal.",1.0,male,"Buenos Aires, Argentina",2021-12-27,Negativo,personally too many useful features feel locked unless you pay it takes away some of the appeal,3,90.6
ce2de50c-fcbc-42dd-abc7-9cda4618fb57,"So far, some profiles are detailed, but a lot of them are pretty empty. It makes the app feel less active.",1.0,male,"Houston, United States",2021-10-20,Negativo,so far some profiles are detailed but a lot of them are pretty empty it makes the app feel less active,3,90.43
2ac6c981-d55c-447d-9ab8-1f3acd21a5f3,"Personally, there just aren’t many people near me on Boo. It makes the experience less consistent.",1.0,male,"Toronto, Canada",2021-06-03,Negativo,personally there just arent many people near me on boo it makes the experience less consistent,2,89.22
1eb5f42a-f3bb-4b37-8c62-26374a3d2157,What bothers me is that most of the matches I see are way too far away. It makes it harder to actually meet someone.,1.0,male,"Austin, United States",2021-07-06,Negativo,what bothers me is that most of the matches i see are way too far away it makes it harder to actually meet someone,1,90.41
bf3c9263-f4f9-4c66-9382-4c63c195e97a,"For me, i like the idea of personality matching, but sometimes it feels too boxed in. It makes the app feel less active.",1.0,male,"San Francisco, United States",2021-02-02,Negativo,for me i like the idea of personality matching but sometimes it feels too boxed in it makes the app feel less active,2,89.1
e635af40-4bab-4c0a-9518-5f11649f451a,"One downside is that even with all the personality info, conversations still fizzle out. That gets frustrating after a while.",1.0,male,"Kampala, Uganda",2020-10-09,Negativo,one downside is that even with all the personality info conversations still fizzle out that gets frustrating after a while,3,90.52
af6a862e-9974-4211-a5a5-5280fa11af32,"In my experience, the app can be a little confusing to navigate at first. It makes the experience less consistent.",1.0,male,"San Diego, United States",2021-03-20,Negativo,in my experience the app can be a little confusing to navigate at first it makes the experience less consistent,2,88.95
8518246c-1c4b-4deb-88e9-fdd33ef775de,"Honestly, too many useful features feel locked unless you pay. It makes the app feel less active.",1.0,male,"Washington DC, United States",2021-09-14,Negativo,honestly too many useful features feel locked unless you pay it makes the app feel less active,3,90.39
4233105d-2f71-40af-93ed-0a669802bc78,"I wanted to like it, but some profiles are detailed, but a lot of them are pretty empty. That part could definitely be improved.",1.0,male,"Berlin, Germany",2020-08-06,Negativo,i wanted to like it but some profiles are detailed but a lot of them are pretty empty that part could definitely be improved,3,60.94
9ace78da-aead-4ee5-8f73-6d40abc59bfd,I’d say there just aren’t many people near me on Boo. It makes the experience less consistent.,1.0,male,"Munich, Germany",2020-07-12,Negativo,id say there just arent many people near me on boo it makes the experience less consistent,2,89.18
8a6a0fc9-0ecb-4db2-8443-7f4d876f8e82,What bothers me is that most of the matches I see are way too far away. It makes the app feel less active.,1.0,male,"New York, United States",2021-10-07,Negativo,what bothers me is that most of the matches i see are way too far away it makes the app feel less active,1,90.5
e12861fa-1ec5-47e3-ad05-494694fe37f7,"Personally, i like the idea of personality matching, but sometimes it feels too boxed in. It makes the experience less consistent.",1.0,male,"San Diego, United States",2020-12-27,Negativo,personally i like the idea of personality matching but sometimes it feels too boxed in it makes the experience less consistent,2,90.55
0a7935eb-27b7-48c9-972f-020f26ca6ba1,"Honestly, even with all the personality info, conversations still fizzle out. It makes it harder to actually meet someone.",1.0,male,"Denver, United States",2021-08-26,Negativo,honestly even with all the personality info conversations still fizzle out it makes it harder to actually meet someone,3,90.51
4d5e295c-d288-423d-97e1-3795cb40f6a1,What bothers me is that the app can be a little confusing to navigate at first. It makes it harder to actually meet someone.,1.0,male,"Vancouver, Canada",2021-09-16,Negativo,what bothers me is that the app can be a little confusing to navigate at first it makes it harder to actually meet someone,2,88.81
43855dfd-f2dc-4f24-8dfa-70c4b612983f,I’d say too many useful features feel locked unless you pay.,1.0,male,"Quito, Ecuador",2022-01-13,Negativo,id say too many useful features feel locked unless you pay,3,87.24
746f8ce6-a9a3-4112-a430-8ef678e15681,"I’d say some profiles are detailed, but a lot of them are pretty empty. That gets frustrating after a while.",1.0,male,"Mexico City, Mexico",2021-02-26,Negativo,id say some profiles are detailed but a lot of them are pretty empty that gets frustrating after a while,3,90.46
119fb74e-050c-4883-b84e-708dc3b0dd0b,"For me, there just aren’t many people near me on Boo. It makes the experience less consistent.",1.0,male,"Quebec City, Canada",2021-02-01,Negativo,for me there just arent many people near me on boo it makes the experience less consistent,2,87.5
132f6970-0a97-46a5-97fc-d1f7fc506fc2,"So far, most of the matches I see are way too far away. It makes it harder to actually meet someone.",1.0,male,"Philadelphia, United States",2021-10-29,Negativo,so far most of the matches i see are way too far away it makes it harder to actually meet someone,1,90.27
f055fddc-47b9-4472-b2a2-3e3639cc6f98,"So far, i like the idea of personality matching, but sometimes it feels too boxed in. It ends up feeling slower than expected.",1.0,male,"Seattle, United States",2021-10-03,Negativo,so far i like the idea of personality matching but sometimes it feels too boxed in it ends up feeling slower than expected,2,53.86
782f6e38-2895-4876-a399-aea899c4053b,"What bothers me is that even with all the personality info, conversations still fizzle out. It makes the app feel less active.",1.0,male,"Denver, United States",2021-07-28,Negativo,what bothers me is that even with all the personality info conversations still fizzle out it makes the app feel less active,3,90.53
2dadc506-2027-42d8-846a-5542957e1f51,What bothers me is that the app can be a little confusing to navigate at first. It ends up feeling slower than expected.,1.0,male,"Boston, United States",2021-11-01,Negativo,what bothers me is that the app can be a little confusing to navigate at first it ends up feeling slower than expected,0,89.06
281d29ea-63ac-4222-9f04-c907c0baeb9c,"Personally, too many useful features feel locked unless you pay. That gets frustrating after a while.",1.0,male,"Los Angeles, United States",2021-07-22,Negativo,personally too many useful features feel locked unless you pay that gets frustrating after a while,3,90.49
24996dca-f98e-4817-b5c6-272b77f0bfc4,"The main issue for me is that some profiles are detailed, but a lot of them are pretty empty. It makes it harder to actually meet someone.",1.0,female,"Sydney, Australia",2022-01-28,Negativo,the main issue for me is that some profiles are detailed but a lot of them are pretty empty it makes it harder to actually meet someone,3,90.49
2acbb891-abf0-41bf-bd1c-34b83a2584eb,I’d say there just aren’t many people near me on Boo. It ends up feeling slower than expected.,1.0,male,"Chicago, United States",2021-01-17,Negativo,id say there just arent many people near me on boo it ends up feeling slower than expected,1,47.9
0ff72e2c-362d-4972-8e16-bdaa6b99c76d,"In my experience, most of the matches I see are way too far away. It makes the app feel less active.",1.0,male,"San Jose, United States",2021-09-18,Negativo,in my experience most of the matches i see are way too far away it makes the app feel less active,1,90.42
0359e896-ca14-418f-825b-71833433689d,"In my experience, i like the idea of personality matching, but sometimes it feels too boxed in. It takes away some of the appeal.",1.0,male,"Wellington, New Zealand",2022-01-23,Negativo,in my experience i like the idea of personality matching but sometimes it feels too boxed in it takes away some of the appeal,0,64.19
a4998c77-b666-4e0c-bd70-76e57ce2fcc7,"Honestly, even with all the personality info, conversations still fizzle out. It makes the experience less consistent.",1.0,male,"Dallas, United States",2021-01-17,Negativo,honestly even with all the personality info conversations still fizzle out it makes the experience less consistent,3,90.58
101e162f-9d89-45b0-8b0f-15536d435778,"In my experience, the app can be a little confusing to navigate at first. It makes it harder to actually meet someone.",1.0,male,"San Jose, United States",2021-07-03,Negativo,in my experience the app can be a little confusing to navigate at first it makes it harder to actually meet someone,2,88.94
d558372a-ae54-4f7b-bac1-9659574b7961,"Honestly, too many useful features feel locked unless you pay. That gets frustrating after a while.",1.0,male,"Jacksonville, United States",2021-02-05,Negativo,honestly too many useful features feel locked unless you pay that gets frustrating after a while,3,90.33
3867ab54-b943-4b61-b703-902ed4842512,"The main issue for me is that some profiles are detailed, but a lot of them are pretty empty. That part could definitely be improved.",1.0,male,"Houston, United States",2021-04-04,Negativo,the main issue for me is that some profiles are detailed but a lot of them are pretty empty that part could definitely be improved,3,77.34
3f24b9b5-ce8d-4fce-b06b-61b5d2f28f7a,"I wanted to like it, but there just aren’t many people near me on Boo. That part could definitely be improved.",1.0,male,"Osaka, Japan",2020-08-14,Negativo,i wanted to like it but there just arent many people near me on boo that part could definitely be improved,2,89.18
5223e328-ce75-42f7-ab22-16f6e1be9ca6,The main issue for me is that most of the matches I see are way too far away.,1.0,male,"Valencia, Spain",2020-07-11,Negativo,the main issue for me is that most of the matches i see are way too far away,1,87.31
5d18db40-1e6f-49b5-853a-8684c049a31b,"The main issue for me is that i like the idea of personality matching, but sometimes it feels too boxed in. It ends up feeling slower than expected.",1.0,male,"Denver, United States",2021-10-01,Negativo,the main issue for me is that i like the idea of personality matching but sometimes it feels too boxed in it ends up feeling slower than expected,1,47.38
6fc40916-1b17-4f6d-848a-602208f8e879,"One downside is that even with all the personality info, conversations still fizzle out. It ends up feeling slower than expected.",1.0,male,"Washington DC, United States",2021-03-30,Negativo,one downside is that even with all the personality info conversations still fizzle out it ends up feeling slower than expected,3,60.37
9be2f060-c238-43c7-b13b-7bd1317c2e95,What bothers me is that the app can be a little confusing to navigate at first. It ends up feeling slower than expected.,1.0,male,"Mexico City, Mexico",2021-07-10,Negativo,what bothers me is that the app can be a little confusing to navigate at first it ends up feeling slower than expected,0,89.06
dc3b1487-74dc-4d4d-8057-76aef35d8f83,"So far, too many useful features feel locked unless you pay. It makes the app feel less active.",1.0,male,"Chicago, United States",2021-09-19,Negativo,so far too many useful features feel locked unless you pay it makes the app feel less active,3,90.5
198ea073-de4e-4a4e-804f-992179b55961,"What bothers me is that some profiles are detailed, but a lot of them are pretty empty. That gets frustrating after a while.",1.0,male,"San Antonio, United States",2021-03-09,Negativo,what bothers me is that some profiles are detailed but a lot of them are pretty empty that gets frustrating after a while,3,90.52
08633e41-ad44-4709-8ca0-161f78f26cdb,I’d say there just aren’t many people near me on Boo.,1.0,male,"Jacksonville, United States",2021-02-06,Negativo,id say there just arent many people near me on boo,2,84.77
263266af-e2b9-4a60-a342-2e8a3ba07c85,"Honestly, most of the matches I see are way too far away. That gets frustrating after a while.",1.0,male,"Kumasi, Ghana",2020-10-09,Negativo,honestly most of the matches i see are way too far away that gets frustrating after a while,1,56.18
b991b13c-52d1-4d93-a0d4-f6751fd33ff1,"For me, i like the idea of personality matching, but sometimes it feels too boxed in. That part could definitely be improved.",1.0,male,"Jacksonville, United States",2021-10-21,Negativo,for me i like the idea of personality matching but sometimes it feels too boxed in that part could definitely be improved,2,89.17
b422046a-b3c9-47e1-8521-41c128bad724,"Honestly, even with all the personality info, conversations still fizzle out. It makes the app feel less active.",1.0,male,"Quebec City, Canada",2021-11-14,Negativo,honestly even with all the personality info conversations still fizzle out it makes the app feel less active,3,90.52
a5329f6c-24c0-4f65-83c1-7dcb40ba47d1,"I wanted to like it, but the app can be a little confusing to navigate at first. It ends up feeling slower than expected.",1.0,male,"Austin, United States",2021-09-15,Negativo,i wanted to like it but the app can be a little confusing to navigate at first it ends up feeling slower than expected,0,89.17
15250594-1bea-4bd7-af91-e071a9f6752e,"Personally, too many useful features feel locked unless you pay. That part could definitely be improved.",1.0,male,"São Paulo, Brazil",2021-12-09,Negativo,personally too many useful features feel locked unless you pay that part could definitely be improved,3,90.46
6989c863-92ab-407f-b3f4-88296f9738bd,"I’d say some profiles are detailed, but a lot of them are pretty empty. It makes the experience less consistent.",1.0,male,"Quebec City, Canada",2021-07-25,Negativo,id say some profiles are detailed but a lot of them are pretty empty it makes the experience less consistent,3,90.46
67b39ba5-1fee-42d5-8b60-c3690e509cb9,"For me, there just aren’t many people near me on Boo. It makes the experience less consistent.",1.0,male,"Tijuana, Mexico",2021-08-23,Negativo,for me there just arent many people near me on boo it makes the experience less consistent,2,87.5
1f19f06b-36e4-42ed-be5c-b4db141e78ea,What bothers me is that most of the matches I see are way too far away. It makes the experience less consistent.,1.0,male,"Johannesburg, South Africa",2020-10-24,Negativo,what bothers me is that most of the matches i see are way too far away it makes the experience less consistent,1,61.76
2ccacf08-a913-47f6-b53f-60ae6ad0eff3,"For me, i like the idea of personality matching, but sometimes it feels too boxed in. That gets frustrating after a while.",1.0,male,"Dallas, United States",2021-10-05,Negativo,for me i like the idea of personality matching but sometimes it feels too boxed in that gets frustrating after a while,2,89.19
e5515a80-05d4-47a7-8976-38d6142db321,"I’d say even with all the personality info, conversations still fizzle out. It makes it harder to actually meet someone.",1.0,male,"Washington DC, United States",2021-01-17,Negativo,id say even with all the personality info conversations still fizzle out it makes it harder to actually meet someone,3,88.98
5964849e-bc15-4ef4-baac-cffa47a1eedc,"In my experience, the app can be a little confusing to navigate at first.",1.0,male,"Austin, United States",2021-03-21,Negativo,in my experience the app can be a little confusing to navigate at first,0,84.07
1671f9e7-0c92-4aa7-95a9-ddc05abbbd45,The main issue for me is that too many useful features feel locked unless you pay. That part could definitely be improved.,1.0,male,"Tijuana, Mexico",2021-01-08,Negativo,the main issue for me is that too many useful features feel locked unless you pay that part could definitely be improved,3,90.47
0b3357e2-e7d8-4659-826a-454bf0175bbc,"The main issue for me is that some profiles are detailed, but a lot of them are pretty empty.",1.0,male,"Los Angeles, United States",2021-06-07,Negativo,the main issue for me is that some profiles are detailed but a lot of them are pretty empty,3,71.91
8493cac3-55a6-4850-8a3c-3209537c3640,"Personally, there just aren’t many people near me on Boo. It makes the app feel less active.",1.0,male,"Monterrey, Mexico",2021-08-01,Negativo,personally there just arent many people near me on boo it makes the app feel less active,2,89.04
bda26cbe-81c9-44ba-b330-d3c0e8717671,The main issue for me is that most of the matches I see are way too far away. That part could definitely be improved.,1.0,male,"Washington DC, United States",2021-06-12,Negativo,the main issue for me is that most of the matches i see are way too far away that part could definitely be improved,1,61.94
2c9c3afb-28c2-47eb-a9dc-ebd447a23825,"I’d say i like the idea of personality matching, but sometimes it feels too boxed in. It takes away some of the appeal.",1.0,male,"Toronto, Canada",2021-01-07,Negativo,id say i like the idea of personality matching but sometimes it feels too boxed in it takes away some of the appeal,0,74.42
c369cc48-35fc-44c7-9537-d8e0cc84b874,"The main issue for me is that even with all the personality info, conversations still fizzle out. That part could definitely be improved.",1.0,male,"Los Angeles, United States",2020-11-08,Negativo,the main issue for me is that even with all the personality info conversations still fizzle out that part could definitely be improved,3,90.48
f2fe4883-b3f0-4bad-bab0-d1401e393ed3,"I wanted to like it, but the app can be a little confusing to navigate at first. It takes away some of the appeal.",1.0,male,"Quebec City, Canada",2021-11-21,Negativo,i wanted to like it but the app can be a little confusing to navigate at first it takes away some of the appeal,0,51.11
786f2bac-a148-4db6-a156-1291ba85fa62,One downside is that too many useful features feel locked unless you pay. It takes away some of the appeal.,1.0,male,"Washington DC, United States",2020-12-29,Negativo,one downside is that too many useful features feel locked unless you pay it takes away some of the appeal,3,90.61
8605760a-e950-472c-9b81-363320b471e8,"The main issue for me is that some profiles are detailed, but a lot of them are pretty empty. It makes the experience less consistent.",1.0,male,"San Jose, United States",2021-03-21,Negativo,the main issue for me is that some profiles are detailed but a lot of them are pretty empty it makes the experience less consistent,3,90.57
4b7a3a41-3248-4dad-ad8a-500794ff1951,"Honestly, there just aren’t many people near me on Boo.",1.0,male,"Abu Dhabi, United Arab Emirates",2020-08-24,Negativo,honestly there just arent many people near me on boo,2,84.52
f21de26c-2910-463c-8632-f9b5bd350c10,What bothers me is that most of the matches I see are way too far away. It makes it harder to actually meet someone.,1.0,male,"Ottawa, Canada",2020-12-28,Negativo,what bothers me is that most of the matches i see are way too far away it makes it harder to actually meet someone,1,90.41
6c198fce-dbd3-4491-8c77-e7fd81b2ffff,"I wanted to like it, but i like the idea of personality matching, but sometimes it feels too boxed in. That part could definitely be improved.",1.0,male,"Delhi, India",2020-08-20,Negativo,i wanted to like it but i like the idea of personality matching but sometimes it feels too boxed in that part could definitely be improved,2,90.52
8c83b237-ff35-4c6d-81a7-3055e84cd4f8,"I’d say even with all the personality info, conversations still fizzle out. That part could definitely be improved.",1.0,male,"Phoenix, United States",2021-01-23,Negativo,id say even with all the personality info conversations still fizzle out that part could definitely be improved,3,90.36
af936d92-1734-4c1b-b694-f48102b67544,"So far, the app can be a little confusing to navigate at first. It makes the app feel less active.",1.0,male,"Calgary, Canada",2021-08-31,Negativo,so far the app can be a little confusing to navigate at first it makes the app feel less active,0,34.86
53245b47-a056-47c8-94c9-d92795ca60ed,What bothers me is that too many useful features feel locked unless you pay. It takes away some of the appeal.,1.0,female,"Christchurch, New Zealand",2022-02-07,Negativo,what bothers me is that too many useful features feel locked unless you pay it takes away some of the appeal,3,90.55
2570fb12-c5af-4c5f-8765-1a476d73adfc,"So far, some profiles are detailed, but a lot of them are pretty empty. It makes the experience less consistent.",1.0,male,"Seattle, United States",2021-07-12,Negativo,so far some profiles are detailed but a lot of them are pretty empty it makes the experience less consistent,3,90.5
9e1c627b-1bea-40d5-91a4-3c3846d1d75a,"I wanted to like it, but there just aren’t many people near me on Boo.",1.0,male,"Philadelphia, United States",2020-12-09,Negativo,i wanted to like it but there just arent many people near me on boo,2,84.94
e2a803b7-eae2-46d0-9e8d-deecd503373d,I’d say most of the matches I see are way too far away. It makes the app feel less active.,1.0,male,"Monterrey, Mexico",2021-07-30,Negativo,id say most of the matches i see are way too far away it makes the app feel less active,1,90.51
8a50ba7a-f2d2-4a60-82f2-9007496788a9,"One downside is that i like the idea of personality matching, but sometimes it feels too boxed in. It takes away some of the appeal.",1.0,male,"Austin, United States",2021-07-13,Negativo,one downside is that i like the idea of personality matching but sometimes it feels too boxed in it takes away some of the appeal,0,90.07
40575e94-7ea1-4954-9511-0692b4f2e8b9,"In my experience, even with all the personality info, conversations still fizzle out. It ends up feeling slower than expected.",1.0,male,"Ottawa, Canada",2021-11-09,Negativo,in my experience even with all the personality info conversations still fizzle out it ends up feeling slower than expected,3,56.28
e9aa0f55-be0c-48b5-ad9b-982040741438,"For me, the app can be a little confusing to navigate at first. It ends up feeling slower than expected.",1.0,male,"San Antonio, United States",2021-05-17,Negativo,for me the app can be a little confusing to navigate at first it ends up feeling slower than expected,0,87.43
fd4cb5fd-1f56-4790-a5f1-447076ca9623,One downside is that too many useful features feel locked unless you pay. It makes the app feel less active.,1.0,male,"Bogotá, Colombia",2021-12-31,Negativo,one downside is that too many useful features feel locked unless you pay it makes the app feel less active,3,90.57
995dd6c6-b96c-41f5-b4f4-7e5c9fcd6d33,"In my experience, some profiles are detailed, but a lot of them are pretty empty. That gets frustrating after a while.",1.0,male,"Phoenix, United States",2021-03-07,Negativo,in my experience some profiles are detailed but a lot of them are pretty empty that gets frustrating after a while,3,90.48
d8c660d4-86ac-41c8-b12c-533523488aea,"In my experience, there just aren’t many people near me on Boo. It makes the experience less consistent.",1.0,male,"Mexico City, Mexico",2020-12-19,Negativo,in my experience there just arent many people near me on boo it makes the experience less consistent,2,89.23
69c1fc4d-6e8d-41bc-b078-e73af5663e0b,"I wanted to like it, but most of the matches I see are way too far away. It makes the experience less consistent.",1.0,male,"San Jose, United States",2021-05-08,Negativo,i wanted to like it but most of the matches i see are way too far away it makes the experience less consistent,1,52.87
8da34420-ff2b-4a0b-b037-728b90ab6a6c,"In my experience, i like the idea of personality matching, but sometimes it feels too boxed in. That gets frustrating after a while.",1.0,male,"Valparaíso, Chile",2022-01-07,Negativo,in my experience i like the idea of personality matching but sometimes it feels too boxed in that gets frustrating after a while,2,90.51
33d5a61b-812b-4de7-88a7-76298c28d9a7,"Honestly, even with all the personality info, conversations still fizzle out. It makes the app feel less active.",1.0,male,"Calgary, Canada",2021-09-09,Negativo,honestly even with all the personality info conversations still fizzle out it makes the app feel less active,3,90.52
1189df5c-10cd-45a3-a8f8-01d561b4e377,"In my experience, the app can be a little confusing to navigate at first. It ends up feeling slower than expected.",1.0,male,"Philadelphia, United States",2021-04-23,Negativo,in my experience the app can be a little confusing to navigate at first it ends up feeling slower than expected,0,89.05
b6f763ec-cea4-410d-9188-9fc6f546fce4,"So far, too many useful features feel locked unless you pay.",1.0,male,"Houston, United States",2021-04-25,Negativo,so far too many useful features feel locked unless you pay,3,87.32
8f24d570-1088-4563-8419-cedc45188a8e,"So far, some profiles are detailed, but a lot of them are pretty empty. It makes it harder to actually meet someone.",1.0,male,"Denver, United States",2021-07-26,Negativo,so far some profiles are detailed but a lot of them are pretty empty it makes it harder to actually meet someone,3,90.43
76aa92b5-89d0-4801-87d4-6a8465710e67,"So far, there just aren’t many people near me on Boo. That part could definitely be improved.",1.0,male,"San Diego, United States",2021-03-27,Negativo,so far there just arent many people near me on boo that part could definitely be improved,2,88.98
e653846c-7967-400f-9574-cc61fe9f7be3,The main issue for me is that most of the matches I see are way too far away. It ends up feeling slower than expected.,1.0,male,"Chicago, United States",2021-05-28,Negativo,the main issue for me is that most of the matches i see are way too far away it ends up feeling slower than expected,1,91.59
691f5bf3-9898-42c4-aae5-3004ace49190,I’d say there just aren’t many people near me on Boo. That gets frustrating after a while.,1.0,female,"Port Moresby, Papua New Guinea",2022-02-05,Negativo,id say there just arent many people near me on boo that gets frustrating after a while,2,89.12
f30920f5-bab9-4452-9eae-dfd78df60b0c,it Nice,1.0,male,"Bogotá, Colombia",2022-01-13,Negativo,it nice,0,62.16
48f04199-fc2a-4501-80ab-5fc9df489060,Local search needs a radius. I'm getting zero locals in lots of 100 mile plus people,1.0,male,"Cancun, Mexico",2021-11-18,Negativo,local search needs a radius im getting zero locals in lots of 100 mile plus people,3,58.52
12c4eae1-3722-440b-838f-5f7b1cef6c52,"Not very good. Messages/matches disappear and reappear constantly. It's more of an offshoot of Reddit than a dating app. I don't have to explain what type of people are on Reddit... but if that's what you're looking for, you're in the right place.",1.0,male,"Jerusalem, Israel",2020-09-14,Negativo,not very good messagesmatches disappear and reappear constantly its more of an offshoot of reddit than a dating app i dont have to explain what type of people are on reddit but if thats what youre looking for youre in the right place,0,38.54
3bcb0e14-c8d2-4914-a361-2347f1708f79,"I am really disappointed with this app, I was expecting this app bit better than other app but it is same. In this app too beauty competition is going on, I have even bought the subscription not valuable. In this app I didn't receive a single like and I like almost 300 + people but didn't got a match. May be there are so many dead accounts, company should remove that, and just waiting to end my subscription...AND WILL NEVER RECOMMEND THIS APP. Totally Disappointed",1.0,male,"Jacksonville, United States",2021-05-31,Negativo,i am really disappointed with this app i was expecting this app bit better than other app but it is same in this app too beauty competition is going on i have even bought the subscription not valuable in this app i didnt receive a single like and i like almost 300 people but didnt got a match may be there are so many dead accounts company should remove that and just waiting to end my subscriptionand will never recommend this app totally disappointed,1,97.87
1eabe6d9-ad6e-43d6-a4fb-f51e0332ad87,Very disappointed why one message cost 50 coins why isn't free,1.0,male,"Austin, United States",2021-02-05,Negativo,very disappointed why one message cost 50 coins why isnt free,2,92.81
b5e59fed-bd3d-40fa-ae22-1e948611021b,I don't get any type of match,1.0,male,"Valparaíso, Chile",2021-12-31,Negativo,i dont get any type of match,3,81.07
a2043302-721f-49d1-b70e-fb059f4e9644,Not at all as it was described says it's free and you still have to pay for power-ups and everything else the limit of looking is ridiculous,1.0,male,"San Antonio, United States",2021-01-05,Negativo,not at all as it was described says its free and you still have to pay for powerups and everything else the limit of looking is ridiculous,2,93.35
bf51278e-f6b9-4780-8fbc-4c091d942262,Idk,1.0,male,"Asunción, Paraguay",2022-01-12,Negativo,idk,2,62.41
8f924f2b-fb03-4b25-817a-68287322bfab,App is garbage..the verification doesn't work and therefore I can't get matches. Uninstalling,1.0,male,"Washington DC, United States",2020-11-20,Negativo,app is garbagethe verification doesnt work and therefore i cant get matches uninstalling,1,88.75
eaf1cbcd-d8e5-4edc-84d0-01ec6b963e90,too lenghty,1.0,male,"Toronto, Canada",2021-03-10,Negativo,too lenghty,2,61.7
125f5cbd-2aaf-4fac-8e6d-00ac78b90e41,"Nothing special, bad app, never confirms photos, never match never received one message for above 3 months.. Uninstalled 👎",1.0,female,"Christchurch, New Zealand",2022-01-29,Negativo,nothing special bad app never confirms photos never match never received one message for above 3 months uninstalled,3,93.66
cc004e4c-5d92-4543-864c-72fcffcf1a22,Too many bugs that they don't bother to fix. Update: The customer service team is pretty bad. I am not sure why they do not investigate reports on high rank members. I know myself and many active users are consistently banned. Please change how you process this. This is especially disappointing when I genuinely like the app and is a paid subscriber but after many issues that Boo doesn't care to solve or even answer to. I am not so sure about the app.,1.0,male,"Phoenix, United States",2021-06-24,Negativo,too many bugs that they dont bother to fix update the customer service team is pretty bad i am not sure why they do not investigate reports on high rank members i know myself and many active users are consistently banned please change how you process this this is especially disappointing when i genuinely like the app and is a paid subscriber but after many issues that boo doesnt care to solve or even answer to i am not so sure about the app,2,98.1
bdd59364-f723-4943-9326-afe50c94fe41,Just a money grab. And you can only check about 10 profiles every 24 hours for free,1.0,male,"Quito, Ecuador",2022-01-13,Negativo,just a money grab and you can only check about 10 profiles every 24 hours for free,1,92.85
4b7d2eea-d226-4cb5-84ff-04eb40380521,Only doing this for coins,1.0,male,"Vancouver, Canada",2021-05-20,Negativo,only doing this for coins,1,79.6
87d15352-a5fd-4dbc-bd88-f97dbc131b24,"This app seems like a scam. Why do some girl's pictures pop up in so many different location? There's a girl named Laura, whose picture show up in 20 different location throughout wis and il.",1.0,male,"Dallas, United States",2020-11-14,Negativo,this app seems like a scam why do some girls pictures pop up in so many different location theres a girl named laura whose picture show up in 20 different location throughout wis and il,0,95.84
ae7128e0-3ecf-4ad6-83b7-4dc4f6b855f5,Idk,1.0,male,"Toronto, Canada",2021-09-02,Negativo,idk,2,62.41
480ada62-829b-415f-b826-0067e4f430d3,Due to privacy and compliance reasons I deleted my account however the app still remembers my name as well as holds pictures. Before I pass this over to legal authorities can someone from boo get in touch with me to rectify this?,1.0,male,"Denver, United States",2021-05-10,Negativo,due to privacy and compliance reasons i deleted my account however the app still remembers my name as well as holds pictures before i pass this over to legal authorities can someone from boo get in touch with me to rectify this,2,95.74
fcd13b80-765a-473e-ae6a-6f63591c4bb1,Seems like a good idea but there are lots of fake profiles. Not worth it.,1.0,male,"Cancun, Mexico",2021-04-30,Negativo,seems like a good idea but there are lots of fake profiles not worth it,0,90.21
559de346-67d3-472b-a671-2c27e53a0c10,Honestly u gotta pay talk to ppl it ain't really that serious,1.0,male,"Durban, South Africa",2020-09-20,Negativo,honestly u gotta pay talk to ppl it aint really that serious,2,91.23
4a8bdecd-7feb-4519-b6fd-f6391a374363,"Face verification failed. Ive tried so many many 100+ times but every time has failed to verify my face now iam irritating this kind of verification stuffs. Iam trying to contact boo support in app but there is no response. But what we can expect from a chat bot. All My concern is that verify my face successful that i can send messages nd post my stuffa on this platform, recently i purchase a 1month subscription but it seems useless for me i have no views no matches nothing improve my profile.",1.0,male,"Tripoli, Libya",2020-09-25,Negativo,face verification failed ive tried so many many 100 times but every time has failed to verify my face now iam irritating this kind of verification stuffs iam trying to contact boo support in app but there is no response but what we can expect from a chat bot all my concern is that verify my face successful that i can send messages nd post my stuffa on this platform recently i purchase a 1month subscription but it seems useless for me i have no views no matches nothing improve my profile,1,98.41
d7092acd-c0f7-4106-b69e-a81e9b576d90,"you have to pay to message people and they're trying to be a social media platform as well as a dating app, that doesn't work. the app is full of scammers, boo is literally the most predatory dating app out there. the people who run these apps literally sicken me, they are pathetic worms.",1.0,male,"Salvador, Brazil",2022-01-11,Negativo,you have to pay to message people and theyre trying to be a social media platform as well as a dating app that doesnt work the app is full of scammers boo is literally the most predatory dating app out there the people who run these apps literally sicken me they are pathetic worms,2,97.02
91ad0a88-1ae7-400e-a094-48f2625cfb9a,Had me rate before I even got to do anything so not sure what to say yet.,1.0,female,"Queenstown, New Zealand",2022-01-27,Negativo,had me rate before i even got to do anything so not sure what to say yet,1,92.83
0d675bd0-b23b-4415-8600-de640926b087,Y'all really don't deserve any stars at all. Always want people to pay for things,1.0,female,"Wellington, New Zealand",2022-02-02,Negativo,yall really dont deserve any stars at all always want people to pay for things,2,93.31
2ff404c1-b942-4c26-90bb-0dd8179d6cbf,"Abysmal. Only in it for the money. Something like 10 swipes per day (left or right, doesn't matter but you can pay for more!). Horrible, horrible app. Don't bother wasting the data to try it 🖕🏼🖕🏼👎🏼🖕🏼👎🏼🖕🏼👎🏼🖕🏼👎🏼🖕🏼👎🏼👎🏼🖕🏼👎🏼🖕🏼👎🏼🖕🏼👎🏼🖕🏼👎🏼🖕🏼👎🏼🖕🏼👎🏼🖕🏼👎🏼🖕🏼👎🏼🖕🏼👎🏼🖕🏼👎🏼🖕🏼👎🏼🖕🏼👎🏼🖕🏼👎🏼🖕🏼👎🏼🖕🏼👎🏼🖕🏼👎🏼🖕🏼👎🏼🖕🏼👎🏼🖕🏼👎🏼🖕🏼🖕🏼👎🏼🖕🏼👎🏼🖕🏼👎🏼🖕🏼👎🏼🖕🏼👎🏼🖕🏼👎🏼🖕🏼👎🏼🖕🏼👎🏼🖕🏼👎🏼🖕🏼👎🏼🖕🏼👎🏼🖕🏼👎🏼🖕🏼👎🏼",1.0,male,"Jacksonville, United States",2021-01-31,Negativo,abysmal only in it for the money something like 10 swipes per day left or right doesnt matter but you can pay for more horrible horrible app dont bother wasting the data to try it,0,78.68
1bf58224-73fc-4652-9a1d-3a643256b1e8,They send fake likes to get you to open the app. If you check to see who has viewed you the person doesn't exist,1.0,male,"Copenhagen, Denmark",2020-07-27,Negativo,they send fake likes to get you to open the app if you check to see who has viewed you the person doesnt exist,3,93.84
6e12954f-8d20-496c-b32f-6a1efd9352d4,Too expensive.. You can't meet real people from this app... Just a waste of time and data,1.0,male,"Houston, United States",2021-05-30,Negativo,too expensive you cant meet real people from this app just a waste of time and data,2,49.43
1ca13adf-c6e1-457d-812e-c6b76a3f454c,"As bad but the other apps but just worse. As image and looks based as Tinder with more pseudo-science that, to be honest, is not helpful at all. And what about that sending love stuff. The ppl know you sent it? Are they supposed to talk or what? It's all wrong. Like A gruyere cheese, it looks nice until you cut it and see all the wholes in it..🤦🏼‍♀️🤦🏼‍♀️🤦🏼‍♀️",1.0,male,"Guadalajara, Mexico",2021-09-16,Negativo,as bad but the other apps but just worse as image and looks based as tinder with more pseudoscience that to be honest is not helpful at all and what about that sending love stuff the ppl know you sent it are they supposed to talk or what its all wrong like a gruyere cheese it looks nice until you cut it and see all the wholes in it,1,97.35
0348a30c-ff12-4ce8-aea5-3ebdce1ec7eb,Worst app ever for anything,1.0,male,"Los Angeles, United States",2021-07-25,Negativo,worst app ever for anything,1,80.88
43e43c2e-6f44-4964-81e1-d794ed09b844,"DONT DOWNLOAD BOO.My experience with boo app has been so horrible. Boo ignored my emails and messages. My account was restricted. I dont know my offend and they wouldn't reply me and it's been over a week and some days. My account was restricted with no reason listed. I wasted my time for weeks making friends on the app and I cant even talk to the friends I made and they will likely think I'm ignoring them. BOO is a PARTIAL APP, ZERO TRANSPARENCY and been RACIST. I did absolutely nothing wrong.",1.0,male,"Stockholm, Sweden",2020-07-31,Negativo,dont download boomy experience with boo app has been so horrible boo ignored my emails and messages my account was restricted i dont know my offend and they wouldnt reply me and its been over a week and some days my account was restricted with no reason listed i wasted my time for weeks making friends on the app and i cant even talk to the friends i made and they will likely think im ignoring them boo is a partial app zero transparency and been racist i did absolutely nothing wrong,3,98.18
6916022c-922c-4088-baf5-66b5be413816,Asked me to put 5star.. Now I did the exact one,1.0,male,"Boston, United States",2020-11-17,Negativo,asked me to put 5star now i did the exact one,2,88.64
46074890-9abd-43ee-91d6-cb60be7f885f,"I haven't used it long enough to know if I like it or not. But they asked me to review it, so this it the review. After using the app, I will say it's bad. It was filled with scam artists and a terrible setup. Your dislikes count against how many profiles you can view. Would not recommend.",1.0,male,"Montreal, Canada",2021-08-29,Negativo,i havent used it long enough to know if i like it or not but they asked me to review it so this it the review after using the app i will say its bad it was filled with scam artists and a terrible setup your dislikes count against how many profiles you can view would not recommend,2,97.2
1c2a3c7b-b581-47c2-b823-a4d4f16526b4,Useless i didn't get gf uninstall it,1.0,male,"Oslo, Norway",2020-08-02,Negativo,useless i didnt get gf uninstall it,0,80.81
54857fdb-41fb-4d6d-b47b-6394fc60e684,7€ for 17 profile views. That's about it.,1.0,male,"Philadelphia, United States",2021-11-22,Negativo,7 for 17 profile views thats about it,2,84.33
0791dd4e-8342-4083-8332-4e90518f18cb,"The most emotionally abusive marketing strategies I've ever witnessed in a dating app, or any app, ever. Avoid like the plague. Edit: Dev contact. The straw that broke me was receiving a notification ""Hey, someone left you on read! Wanna pay us money to find out who?"" Emotionally manipulative and exploitative, and the app design is rife with it. My feedback isn't going to change your entire monetisation strategy overnight. Feel some shame.",1.0,female,"Perth, Australia",2022-02-16,Negativo,the most emotionally abusive marketing strategies ive ever witnessed in a dating app or any app ever avoid like the plague edit dev contact the straw that broke me was receiving a notification hey someone left you on read wanna pay us money to find out who emotionally manipulative and exploitative and the app design is rife with it my feedback isnt going to change your entire monetisation strategy overnight feel some shame,1,75.48
dbe395c4-09f1-47cf-9812-760e88bf5626,Bad,1.0,male,"Tijuana, Mexico",2020-11-26,Negativo,bad,3,61.97
73f5475f-aebc-4cdd-947e-e4db22553420,All guys,1.0,male,"Berlin, Germany",2020-08-01,Negativo,all guys,1,74.29
f14e9421-87ce-4881-bbed-fef0e581e4a8,very horrible pathetic app I m using only one account still they got freeze my account I was subscribed user now I m not able to any msgs or notifications very disappointed I messaged many times I didn't get solution please help me to reinstate my account,1.0,female,"Port Moresby, Papua New Guinea",2022-02-10,Negativo,very horrible pathetic app i m using only one account still they got freeze my account i was subscribed user now i m not able to any msgs or notifications very disappointed i messaged many times i didnt get solution please help me to reinstate my account,0,97.07
8a1ca753-bcb3-4f25-b26e-84a6d0e1d624,Okay okay,1.0,male,"Washington DC, United States",2021-10-05,Negativo,okay okay,2,74.6
bdd20b2c-6cb6-4d27-b17f-04b6be725057,There are SOOOO MANY BOTS!!,1.0,male,"Austin, United States",2021-03-30,Negativo,there are soooo many bots,0,79.83
112e17a1-1f3f-4565-b3e1-14dc9b2b28d7,"Филиал кринжовой Мамбы с бесплатным ограничением в 5 лайков? Спасибо, пока",1.0,male,"Jacksonville, United States",2021-04-14,Negativo,5,0,25.0
4f9166b3-7cfb-4398-86da-2dfc4a79cabe,"I paid for subscription and sent a lot of messages to females and not even got a single replied from someone, this app should be deleted from Google app store.",1.0,male,"Caracas, Venezuela",2022-01-03,Negativo,i paid for subscription and sent a lot of messages to females and not even got a single replied from someone this app should be deleted from google app store,1,95.43
ac8cb706-0ee1-4753-9a8a-05e0261d9a87,UNBELIEVABLE how many fake profiles are on this app. Today I woke up and had requested from THREE differently named girls from THREE DIFFERENT LOCATIONS with THE SAME FACE. WHEN WILL IT END?!,1.0,male,"Montreal, Canada",2021-01-30,Negativo,unbelievable how many fake profiles are on this app today i woke up and had requested from three differently named girls from three different locations with the same face when will it end,0,52.59
59d1bc0b-09a1-441d-83b6-61185597fa37,"Not the best experience continuously having fake accounts I'm reporting them and nothing's been done about them, I understand that they have numerous reports but they need to be done saying about it, this is why I'm not paying for these dating apps because of this.",1.0,male,"Lisbon, Portugal",2020-08-01,Negativo,not the best experience continuously having fake accounts im reporting them and nothings been done about them i understand that they have numerous reports but they need to be done saying about it this is why im not paying for these dating apps because of this,2,96.34
5fe43d2b-0a68-4175-8e4a-4c669ad79f0b,Take lot of time to load,1.0,male,"Austin, United States",2021-07-05,Negativo,take lot of time to load,1,84.18
9670846a-b6ad-40e1-8930-de69248c7224,"No leads from this app. I bought the sub, like a fool. Found several bots. No one real. I will not resub. Take your money elsewhere. I fell where you do not have to. Disappearing profiles, or ones AI generated to make you think real people are on it. I litterally liked a profile, sent a message, then ,minutes later it was no longer in my history, searched for person and came up with a different profile with the same name. This app is a lie.",1.0,male,"San Francisco, United States",2021-01-04,Negativo,no leads from this app i bought the sub like a fool found several bots no one real i will not resub take your money elsewhere i fell where you do not have to disappearing profiles or ones ai generated to make you think real people are on it i litterally liked a profile sent a message then minutes later it was no longer in my history searched for person and came up with a different profile with the same name this app is a lie,1,73.82
10b8860c-6de5-4a71-b089-72d80a3cefa2,Fantastic,1.0,male,"Austin, United States",2021-08-14,Negativo,fantastic,0,25.0
b8de994b-4368-4d88-be20-897dbbe67453,"Doesn't translate at all and I can't copy or paste so have no idea what others are saying. Tried long pressing, double and triple tapping, and swiping. I have checked the language settings making sure. Doesn't work in any capacity. Just lying about features",1.0,male,"Auckland, New Zealand",2022-01-22,Negativo,doesnt translate at all and i cant copy or paste so have no idea what others are saying tried long pressing double and triple tapping and swiping i have checked the language settings making sure doesnt work in any capacity just lying about features,2,64.83
ea2fa4c4-8573-4b84-b001-21f42711cf2e,money money money,1.0,male,"New York, United States",2021-02-02,Negativo,money money money,1,81.03
6d3e10df-78ce-4978-aeb5-10bdcfcb44ff,Confuso,1.0,male,"Chicago, United States",2020-11-25,Negativo,confuso,0,25.0
461cfa99-db08-40ff-b6a8-f6600f0fa2fc,To Many black people and immigrants from another country instead of your location. Can't like more then 10 people a day unless you pay. All these dating websites are a scam and should be completely free to use all features.,1.0,male,"Munich, Germany",2020-07-31,Negativo,to many black people and immigrants from another country instead of your location cant like more then 10 people a day unless you pay all these dating websites are a scam and should be completely free to use all features,3,97.05
90fe34a5-1d15-4863-a24d-a836e6fc9b77,"Seems ok so far. Too early to tell. Still looking at pictures, so the whole ""swipe left or right"" thing still applies. Used this for a while and nothing. Same as all the other apps really. Except not free. Don't waste your time.",1.0,male,"San Francisco, United States",2021-11-13,Negativo,seems ok so far too early to tell still looking at pictures so the whole swipe left or right thing still applies used this for a while and nothing same as all the other apps really except not free dont waste your time,0,50.32
69c169ef-4664-4b6b-bbad-e1062c68e668,"Bad , no option to msg matches, you have to pay always",1.0,male,"Beijing, China",2020-08-16,Negativo,bad no option to msg matches you have to pay always,2,88.63
b1f6319a-fcf6-4212-9db3-c21cda388b9a,You guys are scammers demanding money,1.0,female,"Hobart, Australia",2022-01-25,Negativo,you guys are scammers demanding money,1,84.68
6f0c2fa3-46a3-4136-9927-f391f958f87c,Thank you,1.0,male,"Jacksonville, United States",2021-08-29,Negativo,thank you,3,62.48
c09ef47c-5939-43ae-8486-bf0fae3507a8,This app a has way too many unverified scammers. Its really bad. forums are saturated with like bait.,1.0,male,"Rio de Janeiro, Brazil",2021-12-31,Negativo,this app a has way too many unverified scammers its really bad forums are saturated with like bait,3,60.99
4b2d340c-20a6-4fe3-ab23-13833faac9b4,So bad,1.0,male,"Cancun, Mexico",2021-11-03,Negativo,so bad,3,61.97
3877e547-3e33-48fd-9a99-10b6c2c9c0c0,Cool,1.0,male,"Dar es Salaam, Tanzania",2020-10-23,Negativo,cool,3,62.49
7fd02325-050a-4c28-ab00-5d7c43f233f4,Worst dating app,1.0,male,"Cairo, Egypt",2020-10-14,Negativo,worst dating app,0,73.83
153ae17b-0d66-40e8-ba3b-1347b4c84582,App revolves around making money. Its not as nice as Tinder or Badoo. But it has the potential to be much better than its counterparts,1.0,female,"Adelaide, Australia",2022-01-30,Negativo,app revolves around making money its not as nice as tinder or badoo but it has the potential to be much better than its counterparts,1,92.09
c6537d60-ad0d-4a74-af25-4a2869a64c47,It's almost 100% bots.,1.0,male,"Phoenix, United States",2020-12-22,Negativo,its almost 100 bots,0,80.73
8379f2c0-2814-40f5-840b-800b9b7f0999,Always need credit,1.0,male,"Ottawa, Canada",2021-10-19,Negativo,always need credit,3,79.87
ab42a4ec-a319-42fe-becd-66d0f91e79e8,I purchased the subscription for the 1 month and money is deducted but subscription is not started,1.0,male,"Abuja, Nigeria",2020-10-10,Negativo,i purchased the subscription for the 1 month and money is deducted but subscription is not started,0,90.16
0d7cdb49-ba26-423d-a1d3-955974fc84cf,Great app,1.0,male,"Chicago, United States",2020-12-27,Negativo,great app,0,61.77
6c682d10-3b36-405b-811c-ef4a902f6bbe,Payment,1.0,male,"Seattle, United States",2021-08-10,Negativo,payment,0,62.22
25e1b451-9bf8-408d-ab13-b4962a379826,Not the best,1.0,male,"Toronto, Canada",2020-11-26,Negativo,not the best,0,61.12
31149b42-eca6-4cab-928b-713e91f474cb,Not good,1.0,male,"Boston, United States",2021-09-26,Negativo,not good,0,62.15
41d8570e-a95a-4f44-8a90-5077c7d98877,it's a social media app not a dating app,1.0,male,"Asunción, Paraguay",2021-12-12,Negativo,its a social media app not a dating app,0,74.37
bea5d8e1-1117-444c-bddf-28afbe8a0414,Good app,1.0,male,"Chicago, United States",2021-01-09,Negativo,good app,0,62.15
05fe165a-1e06-47e2-b905-3331e4765d32,"As all dating apps, Boo doesn't function as a wide reaching personals ad, its just social media. And Boo is especially egregious. A clusterflop that boasts its oh-so-unique ability to pigeonhole via algorythm. Disallows autonomy, hampers decision making, encourages chatter, and has a VERY slow, convoluted UI that uses digital currency and boasts no ads while interrupting and taking up space with sub offers. Incourages pickiness based on no observations, time wasting, and disingenuous behavior.",1.0,male,"Boston, United States",2020-12-27,Negativo,as all dating apps boo doesnt function as a wide reaching personals ad its just social media and boo is especially egregious a clusterflop that boasts its ohsounique ability to pigeonhole via algorythm disallows autonomy hampers decision making encourages chatter and has a very slow convoluted ui that uses digital currency and boasts no ads while interrupting and taking up space with sub offers incourages pickiness based on no observations time wasting and disingenuous behavior,2,97.31
5bec8c54-3c9e-4731-b746-fe8f44180758,"Nothing but a damn scam to get your damn credit card making you jump through all kinds of Hoops unable to write a clean clear message of your own being forced to pick out pick up lines that you don't want and then you try erasing it and put in your own words and then you got to give out your credit card information, developer, you're nothing but a scam artist and I'm definitely uninstalling.",1.0,male,"Dublin, Ireland",2020-07-16,Negativo,nothing but a damn scam to get your damn credit card making you jump through all kinds of hoops unable to write a clean clear message of your own being forced to pick out pick up lines that you dont want and then you try erasing it and put in your own words and then you got to give out your credit card information developer youre nothing but a scam artist and im definitely uninstalling,0,98.15
f8b6f232-3566-43c4-bb55-d2a49123c740,"Edited: You only have a certain amount of reactions, not likes. So if they only suggest people in other states, you're screwed. Awful awful app. And your BS response of requesting screen shots doesn't help and you aren't making a difference by replying. I told you what is wrong with the app, so this tells me you have a generic response for any bad review. The app bullies you to spend money while touting to be a great free app. If you want people to pay to use your app, don't disguise it as free",1.0,male,"Austin, United States",2021-03-11,Negativo,edited you only have a certain amount of reactions not likes so if they only suggest people in other states youre screwed awful awful app and your bs response of requesting screen shots doesnt help and you arent making a difference by replying i told you what is wrong with the app so this tells me you have a generic response for any bad review the app bullies you to spend money while touting to be a great free app if you want people to pay to use your app dont disguise it as free,3,97.97
99699014-624a-4e9b-b8ea-a9d197867485,I made the payment on Friday for subscription but it's still not reflected in app,1.0,male,"Rome, Italy",2020-08-08,Negativo,i made the payment on friday for subscription but its still not reflected in app,0,84.41
074b04b3-facc-495f-b0ba-4bbec58201b4,Trash. To much of everything. Have to verify to send messages,1.0,male,"Guadalajara, Mexico",2021-06-11,Negativo,trash to much of everything have to verify to send messages,1,87.14
01417d9b-3d69-4639-b0e0-055da8418cc5,Fraud app. All fake profiles. Money looters,1.0,male,"Monterrey, Mexico",2021-08-18,Negativo,fraud app all fake profiles money looters,3,60.47
f187119e-2b50-47d0-ae76-2c4c89e3aea3,"I hate this app , i waste money to buy premium, i got only few views on my profile, there are lots of dead profile on this app ,",1.0,male,"Tijuana, Mexico",2021-06-07,Negativo,i hate this app i waste money to buy premium i got only few views on my profile there are lots of dead profile on this app,1,94.39
d160408f-c491-4ecb-aded-eede09819db5,Scam app,1.0,male,"Quebec City, Canada",2021-06-29,Negativo,scam app,2,60.4
09206f9f-7812-4607-bcee-8e0f23c3490f,"This app is worse than any other dating app. It's slow, not many people to choose from. It's annoying to see the flags on every account. Especially because the location you gave me was wrong, and you put a flag of another country.",1.0,male,"Rosario, Argentina",2021-12-26,Negativo,this app is worse than any other dating app its slow not many people to choose from its annoying to see the flags on every account especially because the location you gave me was wrong and you put a flag of another country,2,96.58
953d289a-3030-4aef-8d5f-d856276917fb,"Right after I paid of a subscription, I get stuck in loading limbo. That has lasted for days now. This is just international tinder but worse.",1.0,male,"Dallas, United States",2021-05-16,Negativo,right after i paid of a subscription i get stuck in loading limbo that has lasted for days now this is just international tinder but worse,1,94.04
2894c34f-5b21-4c84-bb5d-8023c6795086,How do you create a dating app to meet people and then hide all the feature behind a pay wall. Pay to live in every sense of the word... this is how this place works. This app is just a fake front for a dating app,1.0,male,"Washington DC, United States",2021-12-01,Negativo,how do you create a dating app to meet people and then hide all the feature behind a pay wall pay to live in every sense of the word this is how this place works this app is just a fake front for a dating app,2,96.67
9388e6e1-a95d-4463-ac15-e13014e33bce,You have to pay to get anywhere with this app.,1.0,male,"Chicago, United States",2021-01-28,Negativo,you have to pay to get anywhere with this app,2,80.83
4a8e5e31-e8a4-4c11-85d5-0d78e4a83c78,"Don't waste time on this app, you can't make a single friend out of it. A particular profile will message everyone who joined this app.",1.0,male,"Johannesburg, South Africa",2020-09-22,Negativo,dont waste time on this app you cant make a single friend out of it a particular profile will message everyone who joined this app,1,94.38
6876710f-6aa3-4008-9713-9c895d4c669a,"Useless app. Somehow putting this as your bio get you imprisoned, "" I want to spend money on you, not retarded apps like this."" Gets you imprisoned and block from seeing anything. Yet I see other profiles promoting SC.or IG. And OF.",1.0,male,"Cancun, Mexico",2020-11-10,Negativo,useless app somehow putting this as your bio get you imprisoned i want to spend money on you not retarded apps like this gets you imprisoned and block from seeing anything yet i see other profiles promoting scor ig and of,1,96.63
a1b6d766-5e00-40e5-b1b1-ef67db2a3768,"It's ok. On the surface it seems like it's different from other dating apps, but it's essentially the same. Except it's a little worse because you have to set some pretty specific filters or you pretty much exclusively get people from other countries. And the limited swipes means that you very rarely get a match. Overall not overly impressed so far.",1.0,male,"Dallas, United States",2021-10-21,Negativo,its ok on the surface it seems like its different from other dating apps but its essentially the same except its a little worse because you have to set some pretty specific filters or you pretty much exclusively get people from other countries and the limited swipes means that you very rarely get a match overall not overly impressed so far,0,97.65
64a75ad1-6d7d-4cff-a5ad-87248f97a9a7,Don't waste your time.,1.0,male,"Ottawa, Canada",2020-11-15,Negativo,dont waste your time,3,73.83
61a5c54d-a862-4a19-9f23-7ac6f3215482,Over 90% of profiles are fake/bots. The platform itself has some good features that separates itself from other dating apps but most users are fake,1.0,male,"Montreal, Canada",2021-10-08,Negativo,over 90 of profiles are fakebots the platform itself has some good features that separates itself from other dating apps but most users are fake,2,95.0
ecc822e9-4eed-4399-8853-6f46ba7ae061,Full of fakes and no real interactions. A total waste of money. This must be taken down immediately before more people waste any bucks on it.,1.0,male,"São Paulo, Brazil",2021-12-26,Negativo,full of fakes and no real interactions a total waste of money this must be taken down immediately before more people waste any bucks on it,0,95.11
33e8697f-cc95-4eb2-a39d-ac02ec7c0473,I'm new to this app so still getting used to it but it's pretty smooth so far,1.0,male,"Cancun, Mexico",2021-05-24,Negativo,im new to this app so still getting used to it but its pretty smooth so far,2,88.63
9e8fb6af-76b7-40a5-ab1e-20324014d179,"More in depth profiles and account setup, however That still remains to be seen if it quantifies to more dates. The cost factor however is ridiculous This app is twice the amount of Tinder or Match",1.0,male,"Kampala, Uganda",2020-09-24,Negativo,more in depth profiles and account setup however that still remains to be seen if it quantifies to more dates the cost factor however is ridiculous this app is twice the amount of tinder or match,2,95.39
d671391c-539f-4a5e-b5eb-292b2f4ffa58,"It won't let me verify my account, keeps saying my verification photo is unclear even though it it quite obviously is not. I have tried a few dozen times.",1.0,male,"Philadelphia, United States",2021-07-10,Negativo,it wont let me verify my account keeps saying my verification photo is unclear even though it it quite obviously is not i have tried a few dozen times,3,53.26
7d936a1d-fcf2-4ab3-b617-e54454a4e261,Very fun,1.0,male,"Denver, United States",2021-02-13,Negativo,very fun,2,73.54
d9f57e0d-21c3-4453-a48a-78ed4451bfcf,"FAKE APP! They allow fake accounts is bad enough. But I suspect they generate these fake accounts to make me spend money and that is truly disgusting! I get sent random ""love"" from accounts that are clearly fake, women with different names and ages but the Devs are so dumb they even use the same pics.",1.0,male,"La Paz, Bolivia",2021-12-29,Negativo,fake app they allow fake accounts is bad enough but i suspect they generate these fake accounts to make me spend money and that is truly disgusting i get sent random love from accounts that are clearly fake women with different names and ages but the devs are so dumb they even use the same pics,1,97.25
9d35af0e-0359-4955-8e47-9290b9e0152b,Realy..... Don't want to say anything..... Please dont invest money..... This is trap...,1.0,male,"Washington DC, United States",2020-11-11,Negativo,realy dont want to say anything please dont invest money this is trap,1,87.14
8ac06fc6-37fa-4bae-873c-8a27347f2aca,Totally disappointed with this app. There are many fake IDs. Main problem is using premiere pack you can't connect with friends. I will give this app 0. 5/10. The upper banners / thumbnails are made to attract people and fool them. Request to all not to use this app otherwise you will lose your money and time both. 🤬😡🤬😡🤬🤬🤬🤬🤬😡😡😡,1.0,male,"Mexico City, Mexico",2020-11-18,Negativo,totally disappointed with this app there are many fake ids main problem is using premiere pack you cant connect with friends i will give this app 0 510 the upper banners thumbnails are made to attract people and fool them request to all not to use this app otherwise you will lose your money and time both,1,97.25
53597403-7abf-4d50-a8e8-4a1c88a91256,Descent,1.0,male,"Washington DC, United States",2021-04-16,Negativo,descent,0,25.0
b11c1483-d812-4efe-8419-bc01cb53cd47,Scam app.. Do not buy premium as you will never be able to verify your profile if you are a boy no matter how clearly you take your picture the nose verification also doesn't work at all. I mean common every where you can verify yourself but not here 😅.. I thought my phone's camera was not good enough I then tried with other phone.. I also thought that maybe my picture is not matching because of filter then I took a picture and in that get up only I tried to verify but again it failed. DNB,1.0,male,"Monterrey, Mexico",2021-04-23,Negativo,scam app do not buy premium as you will never be able to verify your profile if you are a boy no matter how clearly you take your picture the nose verification also doesnt work at all i mean common every where you can verify yourself but not here i thought my phones camera was not good enough i then tried with other phone i also thought that maybe my picture is not matching because of filter then i took a picture and in that get up only i tried to verify but again it failed dnb,1,98.45
7d2f2ebc-fe6b-43a8-9936-46d6e7ec3271,"Complete waste of time and money. Warning, don't do it, you will be disappointed!!",1.0,male,"Durban, South Africa",2020-10-21,Negativo,complete waste of time and money warning dont do it you will be disappointed,1,88.95
5f8b799e-3c6b-4ee8-b272-19606edf7d13,Worst app ever💩,1.0,male,"Tijuana, Mexico",2021-02-10,Negativo,worst app ever,1,74.35
43d667c1-d19d-4453-ba6a-e15216171de1,This app is good but we can not send messege free,1.0,male,"Houston, United States",2021-08-06,Negativo,this app is good but we can not send messege free,3,71.5
ab18c141-edef-4141-953f-77b5cb935c40,"after new updates there is always issues with uploading video's, i selected the video but it not showing on post screen",1.0,male,"Montreal, Canada",2021-04-09,Negativo,after new updates there is always issues with uploading videos i selected the video but it not showing on post screen,3,93.93
92955569-956b-4541-9d4d-a9e6cd7c6247,Les see,1.0,male,"Copenhagen, Denmark",2020-08-05,Negativo,les see,1,60.12
d09a7239-18d9-43d2-9a7d-436e65e9be09,Not enaugh coins in the beginning.,1.0,male,"Austin, United States",2021-03-07,Negativo,not enaugh coins in the beginning,3,74.62
8579074a-afad-4d86-9cd9-cddfa56de6fd,"Very, very hard to understand. Every time I set my preferences it completely ignored them, It seems that they can't understand that I live in AUSTRALIA!",1.0,male,"Chicago, United States",2021-03-07,Negativo,very very hard to understand every time i set my preferences it completely ignored them it seems that they cant understand that i live in australia,3,94.83
a5dc419e-ff86-41a0-bd12-7c720a9591b6,No one my age and to expensive,1.0,male,"Phoenix, United States",2021-03-26,Negativo,no one my age and to expensive,0,79.8
6f67a5c0-464f-454e-a014-924a339073c8,"Used to like this app because of how it was different than other dating apps but now it is full of ads. Not only that, I just opened the app and liked 2 people and the app says ""You've hit your daily limit, come back tomorrow!"" LIKE HUH? Huge waste of my time, and the app constantly tries to force you to get a subscription every time I tap on something.",1.0,male,"Geneva, Switzerland",2020-07-14,Negativo,used to like this app because of how it was different than other dating apps but now it is full of ads not only that i just opened the app and liked 2 people and the app says youve hit your daily limit come back tomorrow like huh huge waste of my time and the app constantly tries to force you to get a subscription every time i tap on something,2,97.22
3592bd38-c5be-47ec-97f8-99f65223e099,"Why are cities like Leh, Laddakh and Arunachal Pradesh not available on this app?? Is this app controlled in Chinese Government??",1.0,male,"San Diego, United States",2020-12-12,Negativo,why are cities like leh laddakh and arunachal pradesh not available on this app is this app controlled in chinese government,0,74.5
37b28196-8102-4f6c-a6d8-c23b3ced394f,cannot even verify myself,1.0,male,"Queenstown, New Zealand",2022-01-24,Negativo,cannot even verify myself,3,84.57
cedc22a2-f95b-4a8a-8ac7-5b7add7f1f16,Koi ladki like nehi karta hai 😪,1.0,male,"Córdoba, Argentina",2021-12-14,Negativo,koi ladki like nehi karta hai,1,74.7
b86b9ea0-9b25-437b-8fc0-81c400c56805,Everyone on this app is either fake trying to sell Snapchat nudes or from a different country and don't speak English (even though I set preference to only show my own country). Man it's impossible to find a good dating app these days..,1.0,male,"Melbourne, Australia",2022-01-18,Negativo,everyone on this app is either fake trying to sell snapchat nudes or from a different country and dont speak english even though i set preference to only show my own country man its impossible to find a good dating app these days,3,96.73
3bac0e16-1a14-4d15-be5b-4b3f2f83b1c5,Bots and expensive. Seems like a waste of time like all other dating apps.,1.0,male,"Dallas, United States",2021-09-30,Negativo,bots and expensive seems like a waste of time like all other dating apps,0,89.84
74103116-f16a-4b6f-8764-76223b944d05,It's rubbish simple as.,1.0,male,"New York, United States",2021-03-18,Negativo,its rubbish simple as,0,73.28
da412f43-b7a8-4d6f-997b-094215b86b13,"App worked great for first 1-2 months (like a honeymoon phase) however since then now matter how much I try ALL and I mean ALL interaction has stopped. 0 message replies, 0 post responses, 0 matches or even match requests. It has become a total waste of time and cause of frustration. Update: The app had my account restricted but did not notify me of when or why. I was essentially using a dating app while being hidden from everyone. This is a major red flag and needs to be handled better!!!",1.0,male,"Brisbane, Australia",2022-01-16,Negativo,app worked great for first 12 months like a honeymoon phase however since then now matter how much i try all and i mean all interaction has stopped 0 message replies 0 post responses 0 matches or even match requests it has become a total waste of time and cause of frustration update the app had my account restricted but did not notify me of when or why i was essentially using a dating app while being hidden from everyone this is a major red flag and needs to be handled better,1,53.9
dd20e3b3-b095-4ae6-b528-61182722c8f3,I already have paid membership on one account but when i am logging in it through that its start making another account. Dont know what to do plz help,1.0,male,"San Francisco, United States",2020-12-28,Negativo,i already have paid membership on one account but when i am logging in it through that its start making another account dont know what to do plz help,0,94.66
e0b7a681-8e69-4a4e-b627-df9bfa55d22f,"Fake profiles. Most are just for Snapchat and the last 10-15 ""likes"" all have the same variationof the same few photos. Wouldn't waste your time",1.0,male,"Dallas, United States",2021-06-22,Negativo,fake profiles most are just for snapchat and the last 1015 likes all have the same variationof the same few photos wouldnt waste your time,3,94.8
8ebb1902-8127-417e-bb1a-292b480d8471,This app is full of bots and fake accounts. Be warned.,1.0,male,"Jacksonville, United States",2021-06-19,Negativo,this app is full of bots and fake accounts be warned,0,73.6
ffbb54a2-8d66-4491-860f-5f8071292549,"Haven't even been able to join. Tried uploading pictures when creating account. It keeps loading. Edit: somehow it opened, seems similar to other apps in this category",1.0,male,"Montreal, Canada",2021-03-22,Negativo,havent even been able to join tried uploading pictures when creating account it keeps loading edit somehow it opened seems similar to other apps in this category,1,96.1
7b48d4e3-f865-4f4f-a7e5-49392e79d396,Dont use this useless app. Tum kisi ko msg nhi krr skte or kuch profile hi milegi bina subscription ke. Or subscription lene k baad profile pic verify krne ke baad hi kuch krr sakte ho. but ye apki profile verfiye nhi krte. Totally fraud don't use this.,1.0,male,"Vancouver, Canada",2020-11-27,Negativo,dont use this useless app tum kisi ko msg nhi krr skte or kuch profile hi milegi bina subscription ke or subscription lene k baad profile pic verify krne ke baad hi kuch krr sakte ho but ye apki profile verfiye nhi krte totally fraud dont use this,2,55.75
b9083691-c8ba-410f-8136-264498f0bb61,Total waste of time not recommended.,1.0,male,"San Jose, United States",2021-01-15,Negativo,total waste of time not recommended,0,80.71
5e9fa712-a0cc-4e8f-8676-1c6db7fbf08b,Nice app..,1.0,male,"Phoenix, United States",2021-07-22,Negativo,nice app,0,62.16
e5169455-8211-40b3-982c-465e2d253a91,Okay so far,1.0,male,"Dallas, United States",2020-12-18,Negativo,okay so far,2,51.67
0994d15b-be36-4587-9d22-5fb0a9403a14,App is rubbish,1.0,male,"San Diego, United States",2021-01-24,Negativo,app is rubbish,2,61.62
50005693-4610-4a42-9ea2-ef88dc0297cb,Awesome,1.0,male,"Montreal, Canada",2021-01-29,Negativo,awesome,2,62.47
efcbe815-bb65-41f2-8177-d49128f29b8d,"Boo... that is the rating I give this app. Unless you pay for it, it ain't worth it.",1.0,male,"Seattle, United States",2021-01-11,Negativo,boo that is the rating i give this app unless you pay for it it aint worth it,3,88.71
1b6b71e2-862b-4c11-9c57-eb2cf6f65026,Boring,1.0,male,"Denver, United States",2021-11-11,Negativo,boring,1,60.99
d3a114ec-0ba6-4531-b548-c9e1d8aa1c3d,I'm new to the app. I've been trying to subscribe since there's 50 percent off. It's not working.,1.0,male,"Los Angeles, United States",2021-05-25,Negativo,im new to the app ive been trying to subscribe since theres 50 percent off its not working,1,92.08
ddc67d7b-b408-48bc-acd7-cf64cb3e2e37,$$$ Everything cost money like all the other apps...,1.0,male,"Marseille, France",2020-07-11,Negativo,everything cost money like all the other apps,1,87.34
62043312-5835-4ee2-8db4-4cae2b92982a,"""boo is driven by SUBSCRIPTION revenue..."" And I immediately deleted it. -_- I'm not going to waste my money on garbage that's likely riddled with fake accounts made to encourage people to use it. With how much of those websites and apps exist? You expect people to SUBSCRIBE to your app? Forget it.",1.0,male,"Monterrey, Mexico",2021-09-20,Negativo,boo is driven by subscription revenue and i immediately deleted it im not going to waste my money on garbage thats likely riddled with fake accounts made to encourage people to use it with how much of those websites and apps exist you expect people to subscribe to your app forget it,3,87.95
e7869231-4ae4-4de7-a6a4-c1d90f3df460,That is too bad its awful,1.0,male,"Vancouver, Canada",2021-04-28,Negativo,that is too bad its awful,3,51.48
81973cc7-16c3-40f0-b04e-f67ad2b00e50,Bloody fake IDs 😤😤,1.0,male,"Austin, United States",2021-10-12,Negativo,bloody fake ids,2,74.21
ffb66c29-44c6-42c9-b45c-8e648f26166d,"using email sign in does not work, app opens and stays on same verification page. while using web, it does not let you swipe and asks you to buy premium. unusable literally.",1.0,male,"San Jose, United States",2021-04-24,Negativo,using email sign in does not work app opens and stays on same verification page while using web it does not let you swipe and asks you to buy premium unusable literally,0,56.63
a338021f-555e-4f64-b6fb-a47138f52c40,Absolute garbage. I'm not sure what kind of site this is supposed to be. You'd need a degree to figure out how to navigate it.,1.0,male,"Boston, United States",2021-01-03,Negativo,absolute garbage im not sure what kind of site this is supposed to be youd need a degree to figure out how to navigate it,1,94.26
4bec6751-26af-43a9-bd4c-e651d23acfe8,Still to get a date and the app does not even deserve one star.,1.0,male,"Monterrey, Mexico",2021-11-18,Negativo,still to get a date and the app does not even deserve one star,2,68.17
cdbe307a-8e47-41ab-9be1-e8c5f794c13c,I was confused by the payments.,1.0,male,"Kampala, Uganda",2020-10-12,Negativo,i was confused by the payments,2,74.52
bb2d7e5b-23cb-4972-b24e-75e97ae9c33e,"Sounds attractive, but there are not that many people you can't find on grindr or tinder, plus the daily limit and the subscription based with no ads makes it really slow to get matches unless you wanna pay, which doesn't work well for me. Thanks, but no, thanks. 😚",1.0,male,"Seattle, United States",2020-12-14,Negativo,sounds attractive but there are not that many people you cant find on grindr or tinder plus the daily limit and the subscription based with no ads makes it really slow to get matches unless you wanna pay which doesnt work well for me thanks but no thanks,2,97.01
eb1296df-ef68-4d92-ae19-51aee654b5f9,Not able to found my love,1.0,male,"Dallas, United States",2021-04-17,Negativo,not able to found my love,1,81.05
558effe3-3b7d-4268-9cd7-fd628e36cc82,Nothing here ...,1.0,male,"San Francisco, United States",2021-11-30,Negativo,nothing here,0,74.14
c677e858-3ecb-4bf3-a015-6baae4fa8f8c,Awful site,1.0,male,"Kathmandu, Nepal",2020-09-07,Negativo,awful site,3,74.55
e80b9abb-393b-473c-89d5-de4bef3df41a,"Once I changed regions, there's no auto detection available and when you ask the customer support they change it just for the show cause I still only see people from the previous set region. The only fix as I was told is to purchase the premium subscription model.",1.0,male,"Denver, United States",2021-01-20,Negativo,once i changed regions theres no auto detection available and when you ask the customer support they change it just for the show cause i still only see people from the previous set region the only fix as i was told is to purchase the premium subscription model,0,80.72
d4548214-cfb6-4250-a509-fb671b195696,"just imagine - u pay money in the app for full access, then change ONE photo out of 9 and the app begins to require verification. it “nose challenge” simply doesn’t work (tried it about 20 times, in different places under different light), and no one has looked at the manual verification for 10 days! As a result, I can neither write to other people nor make posts. do not buy anything in this app, u will not be able to use it at any time!",1.0,male,"San Jose, United States",2021-05-16,Negativo,just imagine u pay money in the app for full access then change one photo out of 9 and the app begins to require verification it nose challenge simply doesnt work tried it about 20 times in different places under different light and no one has looked at the manual verification for 10 days as a result i can neither write to other people nor make posts do not buy anything in this app u will not be able to use it at any time,1,98.19
e6779c4d-2ab0-4457-a020-3f30b1b3de6a,Not great so far,1.0,male,"San Diego, United States",2021-08-13,Negativo,not great so far,0,74.4
3112240a-0912-4a5c-a789-c0e83409d025,"Slow app, low population.",1.0,male,"Guangzhou, China",2020-09-01,Negativo,slow app low population,2,74.65
48d85ffd-956e-4314-99d3-7b1328c0e782,Waste of time,1.0,male,"San Francisco, United States",2021-09-28,Negativo,waste of time,1,61.91
71b71d2c-968a-4b2e-8777-5a37bf8dd21c,"The payment offer is deceptive, it shows discount but when we are in the process of making payment it switches to actual cost without discount, wherein we still have the hours left for the offer to expire. When the same is shown as proof, the customer service doesn't respond. Hence not a fan of this app.",1.0,male,"Houston, United States",2021-05-31,Negativo,the payment offer is deceptive it shows discount but when we are in the process of making payment it switches to actual cost without discount wherein we still have the hours left for the offer to expire when the same is shown as proof the customer service doesnt respond hence not a fan of this app,0,59.46
2fd549c0-a3a3-4329-af45-7e8d2bb640e8,Honestly I wish I could give this half a star this app just wants you to give extra money for the lowest dumbest things I have followers on here but I can't message them without paying an extra cash so retarded and also I haven't gotten a good match on here for like 3 years a bunch of fatties everywhere like it's fine but if I work hard for my body I expect to at least have a woman to do the same there are some gorgeous women on there but they're not really showing them to me,1.0,male,"Toronto, Canada",2021-05-07,Negativo,honestly i wish i could give this half a star this app just wants you to give extra money for the lowest dumbest things i have followers on here but i cant message them without paying an extra cash so retarded and also i havent gotten a good match on here for like 3 years a bunch of fatties everywhere like its fine but if i work hard for my body i expect to at least have a woman to do the same there are some gorgeous women on there but theyre not really showing them to me,3,53.88
d9341689-1ceb-4713-9ec6-bd3f4405560e,I paid money already again they asking me too pay,1.0,male,"Mexico City, Mexico",2021-02-14,Negativo,i paid money already again they asking me too pay,2,64.28
d3aa3b5a-9e24-4aef-9dd9-9b3814695a97,where's my 250 coins for rating?,1.0,male,"Houston, United States",2021-01-05,Negativo,wheres my 250 coins for rating,3,74.33
914cf819-85e9-43e8-a03a-58df9e36d3f5,Me faz avaliar pra ganhar moeda no app então 🤷🏻‍♀️,1.0,male,"Brasília, Brazil",2021-12-18,Negativo,me faz avaliar pra ganhar moeda no app ento,0,25.0
78661511-8308-42f2-a7f4-8924f90123fe,"Bro ,, in ad yo showed it's completely and while signup at the very first you need money for subscription. I think you should remove this money section please. Then I might I change the rating.",1.0,female,"Hobart, Australia",2022-02-19,Negativo,bro in ad yo showed its completely and while signup at the very first you need money for subscription i think you should remove this money section please then i might i change the rating,1,59.04
15b55958-5e19-4ad6-abf1-09bce44a5ca1,"App pretends to very different, but at the end of the day it brings the worst in people, 90% of girls only there for free expensive dinner and a night out trip with a tall, handsome, muscular son of a Millionaire, focus on yourself guys, cancel Online dating!!",1.0,male,"Accra, Ghana",2020-10-13,Negativo,app pretends to very different but at the end of the day it brings the worst in people 90 of girls only there for free expensive dinner and a night out trip with a tall handsome muscular son of a millionaire focus on yourself guys cancel online dating,0,96.21
c5be5c96-a7dc-4316-b2f7-a0722b22578e,I only have this app for two weeks. Uninstalled it already.. done. Useless app,1.0,male,"San Francisco, United States",2020-11-04,Negativo,i only have this app for two weeks uninstalled it already done useless app,0,90.25
4d6812da-3763-4ca2-9466-7c075fa56e68,"So far im being asked to spen money on this app, or women wont speack to me feels like a useless app",1.0,male,"New York, United States",2021-08-06,Negativo,so far im being asked to spen money on this app or women wont speack to me feels like a useless app,0,59.68
5927300f-4917-4135-ab07-589e47372aba,Not now,1.0,male,"Chicago, United States",2021-10-04,Negativo,not now,1,60.86
6217157d-f144-4585-9497-887c8a195a1f,"They don't just limit the amount of people you can 'like' they also limit you on how many people you can 'skip' or 'swipe left on' before they ask you to pay $36 a month. Good luck meeting anyone on here, you'll go through 10-15 profiles and if none of them were a match for you, time to pay up or wait a day to keep looking at other profiles.",1.0,male,"Philadelphia, United States",2021-11-08,Negativo,they dont just limit the amount of people you can like they also limit you on how many people you can skip or swipe left on before they ask you to pay 36 a month good luck meeting anyone on here youll go through 1015 profiles and if none of them were a match for you time to pay up or wait a day to keep looking at other profiles,0,97.78
35dbdd33-586a-4a37-a027-cec876ef6e4e,"I hate this app, I just started and I'm in some box for hate speech on my photo, and I can't get out. This app is useless.",1.0,male,"Denver, United States",2020-12-29,Negativo,i hate this app i just started and im in some box for hate speech on my photo and i cant get out this app is useless,3,92.77
64de7061-122c-423b-bddf-59b4bf7e6434,Not sure,1.0,male,"Toronto, Canada",2020-11-03,Negativo,not sure,1,61.71
1aa9361c-ada4-4741-bb34-eb7480aca473,Full of bots lol,1.0,male,"Riyadh, Saudi Arabia",2020-08-12,Negativo,full of bots lol,0,52.69
75a46191-5dd1-4835-9e7f-0f5696e03cf9,So many bot account that it matches with and gives very few swipes a day,1.0,male,"San Jose, United States",2021-02-11,Negativo,so many bot account that it matches with and gives very few swipes a day,0,91.26
7637a92f-3f16-45ba-a1b7-39a0678f0a1c,Costing currency to reach out to somebody is ludicrous,1.0,male,"San Diego, United States",2021-06-04,Negativo,costing currency to reach out to somebody is ludicrous,2,80.87
550e28df-107e-4b58-889c-6d26e2beb059,What a scam,1.0,male,"Rosario, Argentina",2021-12-08,Negativo,what a scam,1,72.86
c5757ac4-0f41-4268-ad56-6102ff974831,Bad,1.0,male,"Oslo, Norway",2020-07-19,Negativo,bad,3,61.97
520ebbb6-9c4a-471f-991b-afce22461f1d,"Pay walls, bots, the usual app that is not bumble tinder or hinge experience.",1.0,male,"Karachi, Pakistan",2020-08-23,Negativo,pay walls bots the usual app that is not bumble tinder or hinge experience,2,91.41
f2b7f278-99f6-4690-9ac2-1420f9653df2,"I decided to use the sound based on its ratings, however what I find is this is a dating site that's global that's no news, When I set my preferences specifically I continually get people that are not within my age range, it seems that this app is based on younger people globally",1.0,male,"Austin, United States",2021-07-28,Negativo,i decided to use the sound based on its ratings however what i find is this is a dating site thats global thats no news when i set my preferences specifically i continually get people that are not within my age range it seems that this app is based on younger people globally,3,96.59
15b8874c-523a-4e9f-bf3a-e9be23750beb,This app doesn't know what it's trying to be. People just announce their thought of the day. Boring,1.0,male,"Guadalajara, Mexico",2021-08-08,Negativo,this app doesnt know what its trying to be people just announce their thought of the day boring,0,91.28
7dbd1074-8fa9-4a2e-acdb-28761cd94dcd,every time it's ask me to recharge and can't able to find anyone it's keep on irritating the pop up msg,1.0,male,"Delhi, India",2020-09-12,Negativo,every time its ask me to recharge and cant able to find anyone its keep on irritating the pop up msg,1,93.46
846a3d38-dc12-4851-9ccc-bbad8e851b95,Limited when having a free profile,1.0,male,"Riyadh, Saudi Arabia",2020-08-27,Negativo,limited when having a free profile,1,86.7
fef0f165-5aa7-4112-b079-699eb0d1fc02,It's a good premise but only showing 10 women before saying to upgrade to see more in a day is laughable. Probably going to delete this within the week and stick with the other apps,1.0,male,"Milan, Italy",2020-07-16,Negativo,its a good premise but only showing 10 women before saying to upgrade to see more in a day is laughable probably going to delete this within the week and stick with the other apps,0,95.57
5308c090-708a-49e5-b046-6726f7959645,Good but messages problem,1.0,male,"Tijuana, Mexico",2021-07-26,Negativo,good but messages problem,0,80.3
ea5e825e-2805-4be0-ae82-cd4377f75d54,bakwas hai.....,1.0,male,"Dallas, United States",2020-12-15,Negativo,bakwas hai,2,74.62
5b608fbb-c91d-4aa4-9cbf-dc531cc6401a,No thanks,1.0,male,"Boston, United States",2020-11-22,Negativo,no thanks,2,62.48
2f6a18e1-205c-4c99-9201-1a115b3a150d,Amount deducted. No benefits,1.0,male,"Dallas, United States",2021-08-04,Negativo,amount deducted no benefits,3,80.66
a47adf74-1e13-4c80-9aaa-464bdec8ba9c,"Worst dating app ever tbh, it has more bots, fake people than I've ever seen In a dating app, and they claim it's different 🤣. Waste of my time",1.0,male,"Singapore, Singapore",2020-09-10,Negativo,worst dating app ever tbh it has more bots fake people than ive ever seen in a dating app and they claim its different waste of my time,1,44.71
dbeecd1b-3869-4355-8900-8b195fe44745,"It's like a social media app not just for dating, but that's fine. My main complaint is all the glitches in it",1.0,male,"Monterrey, Mexico",2021-05-19,Negativo,its like a social media app not just for dating but thats fine my main complaint is all the glitches in it,0,88.03
ac6840f5-ecdc-47eb-a973-f2736535bf31,"It's not all that, don't let these ""amazing reviews"" fool you",1.0,male,"Singapore, Singapore",2020-08-23,Negativo,its not all that dont let these amazing reviews fool you,1,89.13
1efce868-b5dd-4c1f-9502-3f9be1d0882d,Useless,1.0,male,"Budapest, Hungary",2020-08-08,Negativo,useless,0,61.15
940722fc-b67a-471e-ba4a-8302781b0a4c,Bots bots bots,1.0,male,"Mexico City, Mexico",2021-08-07,Negativo,bots bots bots,0,81.05
f8ff3cd5-c954-4fb4-b5c1-c1ed4f69d82f,You can't do much without paying,1.0,male,"San Antonio, United States",2021-10-20,Negativo,you cant do much without paying,3,80.25
c15fcb99-2de3-4e61-8fdc-ca5aab3cbc66,Nobody but random people in foreign countries trying to make business connections and a handful of people in my area who just want friends. Garbage app for dating. Nobody on there wants that.,1.0,male,"Ottawa, Canada",2021-04-04,Negativo,nobody but random people in foreign countries trying to make business connections and a handful of people in my area who just want friends garbage app for dating nobody on there wants that,0,96.1
8ada2627-0239-433e-bbca-e613046276c3,Ok,1.0,male,"Mexico City, Mexico",2021-02-27,Negativo,ok,0,25.0
7049f0d5-6953-498d-8499-c544ea7e5afb,Fake app,1.0,male,"Los Angeles, United States",2021-08-27,Negativo,fake app,2,60.94
d6fb8ad3-20d6-4470-ab4c-3fbc5be2ad31,You need to make everything free on this app,1.0,male,"Abu Dhabi, United Arab Emirates",2020-08-14,Negativo,you need to make everything free on this app,1,84.66
538358a5-b226-415c-94e4-4fc9636dbaa9,I can't rate after using less than an hour come y'all now can I? No I can't/won't ask in a couple days? I'll give honest feedback then!,1.0,male,"Toronto, Canada",2020-12-14,Negativo,i cant rate after using less than an hour come yall now can i no i cantwont ask in a couple days ill give honest feedback then,0,69.5
8684e1ff-36f0-4894-8943-dc3e8f03cd9f,Used teh premum...not convinced those are just bots or one person mimicking others. Uninstalled...,1.0,male,"La Paz, Bolivia",2021-12-27,Negativo,used teh premumnot convinced those are just bots or one person mimicking others uninstalled,2,90.11
776e4c31-5390-4701-ab09-29448be382f4,Daily limit reached. Pay up if you want more stars.,1.0,male,"Suva, Fiji",2022-01-23,Negativo,daily limit reached pay up if you want more stars,2,88.98
1ec22b54-6862-4121-8084-e18f0ea374c0,Esta bien,1.0,male,"Warsaw, Poland",2020-07-23,Negativo,esta bien,0,25.0
c260441d-a8b7-4c6c-910e-3dba491c7ac6,"No one local in my age group, waste of money",1.0,male,"Krakow, Poland",2020-07-01,Negativo,no one local in my age group waste of money,1,86.86
f96c1f6a-ec63-4661-9422-ca9f3fd525b1,This app is not that good,1.0,male,"Boston, United States",2021-10-06,Negativo,this app is not that good,0,62.15
0763da82-613a-4f0e-83ff-1e1e5b0f8921,Yep,1.0,male,"San Francisco, United States",2021-03-29,Negativo,yep,0,25.0
b4d2942b-b521-4702-89b6-85031d009dde,Havent used it yet so cant rate dont know why it makes you rate before you even try it,1.0,male,"San Antonio, United States",2021-10-02,Negativo,havent used it yet so cant rate dont know why it makes you rate before you even try it,2,93.42
0139abdb-55f1-408d-ad19-ebc941c1afde,"I believe that I would have loved using this app but every time when I try to virify my profile the app just logs out and I have tried to virify manually but the app keeps on logging out and I can't even send a text to anyone I'm matched with because of this damn virification, please do something",1.0,male,"Philadelphia, United States",2021-07-22,Negativo,i believe that i would have loved using this app but every time when i try to virify my profile the app just logs out and i have tried to virify manually but the app keeps on logging out and i cant even send a text to anyone im matched with because of this damn virification please do something,1,96.64
501e4b58-9b52-4d59-bbd5-22b920e07a55,Lags,1.0,male,"Jacksonville, United States",2021-03-27,Negativo,lags,0,25.0
45fc0787-95ab-4674-882d-be202d8fb798,No matches,1.0,male,"Toronto, Canada",2021-09-01,Negativo,no matches,1,59.9
e1ba8c95-2a19-4cba-ba4a-7ef5ac073b70,Testing yet,1.0,male,"San Jose, United States",2021-06-29,Negativo,testing yet,0,73.74
dc4be97e-a68f-4d33-9726-0651a9f0232a,"Same as the other app, no matching. Same profile suggested on tinder. This app is no different, has no benefit and is expensive.",1.0,male,"Frankfurt, Germany",2020-07-09,Negativo,same as the other app no matching same profile suggested on tinder this app is no different has no benefit and is expensive,1,81.51
409e6949-5b4b-4c1a-b89d-400b75462966,You need to pay seperately for everything even the little things,1.0,male,"Dallas, United States",2021-04-07,Negativo,you need to pay seperately for everything even the little things,2,88.6
5f392d26-6210-43ee-b80e-d7da2f907f48,This app had a good start but now went down the gutter. 1 in 3 profiles is fake now all using the same pictures and bios and asking to add them on Snapchat so they can scam you. I can't even swipe anymore because there's so many to report. UNINSTALL.,1.0,male,"Salvador, Brazil",2021-12-13,Negativo,this app had a good start but now went down the gutter 1 in 3 profiles is fake now all using the same pictures and bios and asking to add them on snapchat so they can scam you i cant even swipe anymore because theres so many to report uninstall,3,71.19
c260d513-7e3b-4371-a11a-4de57045e059,"Shovelware dating app, most of the Instagram accounts mysteriously advertising Boo 24/7 were previously advertising 4Rabet - an Indian gambling site, so don't spend $ on this. That, combined with the reviews here, should give you an idea which countries this is for, zero people in my chunk of the US. Speaking of ads, most of the IG ads that probably brought you here were stolen Tiktoks with the logo slapped-on, and the many fake profiles had their pictures stolen from assorted influencers",1.0,male,"Montreal, Canada",2021-10-13,Negativo,shovelware dating app most of the instagram accounts mysteriously advertising boo 247 were previously advertising 4rabet an indian gambling site so dont spend on this that combined with the reviews here should give you an idea which countries this is for zero people in my chunk of the us speaking of ads most of the ig ads that probably brought you here were stolen tiktoks with the logo slappedon and the many fake profiles had their pictures stolen from assorted influencers,0,97.71
0225c30a-c122-4111-ade1-49258654c7ef,Very less reach...,1.0,male,"San Antonio, United States",2021-07-29,Negativo,very less reach,0,47.03
2c22bdb7-39c8-4e3c-9304-5b412f1113bb,Bots and everyone ghost,1.0,male,"San Diego, United States",2021-07-09,Negativo,bots and everyone ghost,1,79.51
8a11401c-b603-4f95-a4ea-7c82cdc5e3d7,Wouldn't recommend,1.0,male,"Boston, United States",2021-11-04,Negativo,wouldnt recommend,1,74.11
a2e1c1ab-9f38-42e1-bae3-029ad6f7bd4e,"Asked me for review just after sign up. If I have not used the application, how would I rate it initially.",1.0,male,"Los Angeles, United States",2020-12-22,Negativo,asked me for review just after sign up if i have not used the application how would i rate it initially,2,66.38
dadb55fa-5d10-42e7-8883-0b9df2e2351e,Nice,1.0,male,"Cancun, Mexico",2021-02-22,Negativo,nice,0,62.17
a39cfba8-94b1-4e6d-a170-864305b14bbd,Over run with bots and social media recruiters. Need to pay to message others,1.0,male,"New York, United States",2021-07-15,Negativo,over run with bots and social media recruiters need to pay to message others,2,91.36
ef4d3200-7eba-4a76-8b00-96ab26b9a3a8,"PLEASE READ!!!! recently there has been dozens of spam accounts, usually of the same person and Same name. I don't Pay for the subscription, so I have a very limited amount of likes and skips, and having to waste my skips on a repeating spam account is annoying. I don't know if it's scammers doing it, or if it's the app creator doing it so you'd be more indulged in paying for the subscription( to get unlimited likes and skips) for the sole purpose of getting past the spam/scam accounts. DONT GET",1.0,male,"Monterrey, Mexico",2021-11-07,Negativo,please read recently there has been dozens of spam accounts usually of the same person and same name i dont pay for the subscription so i have a very limited amount of likes and skips and having to waste my skips on a repeating spam account is annoying i dont know if its scammers doing it or if its the app creator doing it so youd be more indulged in paying for the subscription to get unlimited likes and skips for the sole purpose of getting past the spamscam accounts dont get,1,72.81
1b928805-a8f3-43ee-845a-1683b8b7b141,Bad,1.0,male,"San Jose, United States",2021-01-09,Negativo,bad,3,61.97
5c3bc07b-7a8e-4e1b-8eb8-fc18142fff05,Money money money,1.0,male,"Lusaka, Zambia",2020-10-09,Negativo,money money money,1,81.03
2bacae80-23e6-47b8-bcb4-98ef431f71c0,"Not very good, weak user base.",1.0,male,"Chicago, United States",2020-12-11,Negativo,not very good weak user base,0,84.6
cd26a93c-2959-4f09-a0cc-59689b8edc93,Meh,1.0,male,"San Jose, United States",2021-03-21,Negativo,meh,0,62.34
20712439-df26-4084-a494-510c92481067,Doesn't work at all. Keeps loading forever.,1.0,male,"Bangkok, Thailand",2020-08-28,Negativo,doesnt work at all keeps loading forever,1,87.34
c15a88ae-4dd4-45d5-a986-28876311e449,Stopped working after the update rolled. Worst dating community to date.,1.0,male,"Austin, United States",2021-07-13,Negativo,stopped working after the update rolled worst dating community to date,0,70.85
065c2022-6e06-4d36-b6b9-43dfa393bbbe,Scam,1.0,male,"Medellín, Colombia",2021-12-22,Negativo,scam,2,60.38
0ddc5b2f-ecf1-4995-8cdd-28abc38dad33,"compre el boo infinito y no me llego nada realmente es dinero perdido para mi no me activaron nada, mala aplicación te hace gastar tu dinero y no te dan los ""beneficios""",1.0,male,"Washington DC, United States",2021-01-22,Negativo,compre el boo infinito y no me llego nada realmente es dinero perdido para mi no me activaron nada mala aplicación te hace gastar tu dinero y no te dan los beneficios,3,60.02
7e466d0c-0c7b-4925-9d1c-13075ee9e222,Farzi app,1.0,female,"Hobart, Australia",2022-01-27,Negativo,farzi app,0,25.0
47ccd4bb-d6b8-404f-a187-44f902fa5b64,Good so far hope to find my match 🤪🤪🤪🤪,1.0,male,"Ottawa, Canada",2021-03-10,Negativo,good so far hope to find my match,0,86.37
0660eba1-ffe3-4df7-80fa-917bd6ce6a01,Nothing but bots and scammers. Good idea for an app though.,1.0,male,"Denver, United States",2021-05-19,Negativo,nothing but bots and scammers good idea for an app though,0,88.83
a7a498eb-e85d-4a79-a3d2-1fbc43c76a8f,just joined,1.0,female,"Port Moresby, Papua New Guinea",2022-02-08,Negativo,just joined,1,62.3
88991c79-cb57-44f0-b572-6816ded3ab79,It's sooo badd app eww,1.0,male,"New York, United States",2021-09-01,Negativo,its sooo badd app eww,0,25.0
bf70802a-eb50-4185-92c9-ac7f7cd1bf20,Just another pay to use app,1.0,male,"Washington DC, United States",2021-04-30,Negativo,just another pay to use app,2,80.7
70e263de-0c5d-41a2-9cec-1f7f6b0e4dcc,Need to pay for all and there are no filters for distance in km.. besides other filters,1.0,male,"Tijuana, Mexico",2021-09-27,Negativo,need to pay for all and there are no filters for distance in km besides other filters,2,59.19
b1a66354-63f8-4d38-b39b-0e508d712e76,Sui,1.0,male,"Chicago, United States",2021-04-11,Negativo,sui,0,25.0
4fc7bb81-02f2-4a94-b83c-495d62a1ef91,"I tried to sign in , but it keeps giving me this : Failed host lookup: api.prod.boo.dating",1.0,male,"Monterrey, Mexico",2021-09-08,Negativo,i tried to sign in but it keeps giving me this failed host lookup apiprodboodating,1,87.43
8a97cb01-bf2f-4892-b333-67d4e6fc958e,Paid for a monthly subscription and 2 profie boosts. You get absolutely 0 matches even after 2-3 weeks on this app aong with the subscription and the profile boosts.,1.0,male,"Chicago, United States",2020-11-11,Negativo,paid for a monthly subscription and 2 profie boosts you get absolutely 0 matches even after 23 weeks on this app aong with the subscription and the profile boosts,2,91.93
e373305d-6447-4f56-8a14-fa54e4797c32,"La verdad no llegue a usar mucho está app pero por solo ver el ""amigues"" sé que definitivamente no quiero rodearme de ese tipo de personas 🙄",1.0,male,"Doha, Qatar",2020-08-15,Negativo,la verdad no llegue a usar mucho está app pero por solo ver el amigues sé que definitivamente no quiero rodearme de ese tipo de personas,3,89.28
296bdfe8-f7e7-4fff-9179-61eef5ea5862,Unable to verify my profile even after so many trials😠 I was getting hundreds of interests on my first account but when I logged in again not even a single interest I was getting.. then I created new account but nothing works..it was saying photo unclear even when photo is perfectly clear.,1.0,male,"Toronto, Canada",2021-06-26,Negativo,unable to verify my profile even after so many trials i was getting hundreds of interests on my first account but when i logged in again not even a single interest i was getting then i created new account but nothing worksit was saying photo unclear even when photo is perfectly clear,3,97.51
ecf6b42b-e6d0-4b30-be1f-111acfa00863,This is so wonderful app,1.0,male,"San Jose, United States",2021-05-11,Negativo,this is so wonderful app,1,62.47
a00ce5c6-bb3d-4aa1-9202-a6b21a9f7ac9,"Lacking in real people, but not in bots and scams",1.0,male,"Washington DC, United States",2021-04-03,Negativo,lacking in real people but not in bots and scams,0,80.6
c07ce89b-cb38-43be-a8cd-2cbe1ed60086,Not enough attention for me,1.0,male,"Jakarta, Indonesia",2020-09-08,Negativo,not enough attention for me,2,73.44
d20512d9-749a-43a7-8a17-fe89995fbc64,Amongus,1.0,male,"Perth, Australia",2022-01-14,Negativo,amongus,0,25.0
b010f499-9f75-4bb0-8d42-890ed1aabb4a,I paid 70 and 140 re But this app still asking for subscribe Kindly solve the issues pls,1.0,male,"Delhi, India",2020-09-05,Negativo,i paid 70 and 140 re but this app still asking for subscribe kindly solve the issues pls,1,63.74
751a708c-c0a5-47f3-b834-3222c277d798,Sexy app,1.0,female,"Christchurch, New Zealand",2022-02-03,Negativo,sexy app,0,25.0
ca3a7965-bbc6-4566-be6d-2c6248cffe29,it won't verify and if you're not verified you can't chat anybody it's so hussle,1.0,male,"Quebec City, Canada",2021-01-07,Negativo,it wont verify and if youre not verified you cant chat anybody its so hussle,3,88.9
fab85186-a6e3-44d9-a8a7-f230091dbf5d,Good,1.0,male,"Vancouver, Canada",2020-12-16,Negativo,good,0,62.15
ce427a11-6c02-436b-9765-2f6c3e0e72ca,Looking for older women,1.0,male,"Canberra, Australia",2022-01-17,Negativo,looking for older women,0,81.13
e5349281-7877-417d-b0f0-882dfdb50c89,"Disappointed, I have made the membership payment twice. It's not showing any update on it. I wasted money on it. People please don't register this app, waste of money. Don't use Boo",1.0,female,"Gold Coast, Australia",2022-01-30,Negativo,disappointed i have made the membership payment twice its not showing any update on it i wasted money on it people please dont register this app waste of money dont use boo,0,95.01
335c8516-82c6-4503-821f-2552be33bb52,No use the way they verify is pathetic,1.0,male,"Phoenix, United States",2021-08-26,Negativo,no use the way they verify is pathetic,3,84.5
766966e0-5850-40b3-8d84-3d6999e8d0c8,Alot of accounts on here are either fake/scams promoting their only fans,1.0,female,"Sydney, Australia",2022-01-27,Negativo,alot of accounts on here are either fakescams promoting their only fans,3,90.9
3cb7a74a-33a9-4fe5-a244-a41a28501259,I don't like it,1.0,male,"Kampala, Uganda",2020-10-13,Negativo,i dont like it,0,25.0
683e79c4-c262-4453-b896-5eaccd598531,THE MOST PAINFUL app I've ever had the misfortune of trying to use. Gave up on this when it couldn't verify my photo. Pathetic. Don't waste your time on this garbage. It will just pizz you off.,1.0,male,"Vancouver, Canada",2021-11-28,Negativo,the most painful app ive ever had the misfortune of trying to use gave up on this when it couldnt verify my photo pathetic dont waste your time on this garbage it will just pizz you off,3,95.33
33b866e0-dde0-491e-a273-e88702267d25,"After using it for a few weeks, it's starting to grow on me. Update. After a 4 weeks of subscription, I stopped getting massages, views, etc. This site is a scam. 100%",1.0,male,"Quebec City, Canada",2021-07-07,Negativo,after using it for a few weeks its starting to grow on me update after a 4 weeks of subscription i stopped getting massages views etc this site is a scam 100,0,95.09
dabd2da7-4ea5-4290-8f16-93b9a8b4f581,Dead app,1.0,male,"Philadelphia, United States",2020-12-25,Negativo,dead app,3,62.15
d9a862bd-e8a2-4ffb-9567-4523dbe0c3af,Ok I guess,1.0,male,"Dallas, United States",2021-06-24,Negativo,ok i guess,1,62.21
9776d2f2-59b0-49a2-acc0-89e449d44a7e,"Found someone interesting and went to send a message, app reloaded and replaced them with someone else then told me I'm at my daily limit and I'd need to buy their infinity package. Feels like a scam",1.0,male,"Tel Aviv, Israel",2020-09-03,Negativo,found someone interesting and went to send a message app reloaded and replaced them with someone else then told me im at my daily limit and id need to buy their infinity package feels like a scam,1,95.63
91a0b2b8-22a1-4eca-ba4e-6cde31b1fe43,Bad,1.0,male,"Phoenix, United States",2021-10-20,Negativo,bad,3,61.97
b7bd252b-0c53-4346-bcb5-6f7c1c717bdc,"If you're a guy, the only people you'll find on here are scammers and prostitutes",1.0,male,"Guadalajara, Mexico",2021-07-22,Negativo,if youre a guy the only people youll find on here are scammers and prostitutes,3,67.29
7889b417-aa40-4aef-becc-41fb2eb71169,The app is good due to which I have bought A Boo infinity but i have seen people's are reporting fake due to which account is getting restricted. I have sent tons of Emails to let my account enable again still they are not responding enough. If I have made a mistake atleast allow me to clear it i have many followers old friends and subscription left too. Please Boo it's my humble request kindly allow me to reuse the app and unrestrict the account and give me one chance.,1.0,male,"Kathmandu, Nepal",2020-09-02,Negativo,the app is good due to which i have bought a boo infinity but i have seen peoples are reporting fake due to which account is getting restricted i have sent tons of emails to let my account enable again still they are not responding enough if i have made a mistake atleast allow me to clear it i have many followers old friends and subscription left too please boo its my humble request kindly allow me to reuse the app and unrestrict the account and give me one chance,1,98.19
8b1a000b-0210-4a85-ac2e-9d0c4aa8ea5e,Not good,1.0,male,"Los Angeles, United States",2020-11-09,Negativo,not good,0,62.15
bd75ab3d-6040-4ad5-9c48-40e9776de238,"I have not used it for a long time ,if its good I will add another stars",1.0,male,"Toronto, Canada",2020-12-22,Negativo,i have not used it for a long time if its good i will add another stars,2,91.03
b6b34756-60b5-4005-94e0-228ef77b806b,I love this app and I want to explore and see what happens,1.0,male,"Monterrey, Mexico",2021-04-11,Negativo,i love this app and i want to explore and see what happens,1,89.07
d0543f19-0fe8-4bfb-b3a9-d888ed716946,"There is no out on this app. I haven't even seen another person in 4 days. Even when there are other people, you only get like 6 likes a day for the free version.",1.0,male,"Boston, United States",2020-11-16,Negativo,there is no out on this app i havent even seen another person in 4 days even when there are other people you only get like 6 likes a day for the free version,3,95.71
27e94533-a1ee-4317-b069-db8a55f28b0f,"Extremely limited to a just a couple people each day, to either match or pass on, most are way outside of your prefered area, and no way to narrow it down within a particular radius.",1.0,male,"San Antonio, United States",2020-12-26,Negativo,extremely limited to a just a couple people each day to either match or pass on most are way outside of your prefered area and no way to narrow it down within a particular radius,3,96.33
9fac7e3b-af07-48d5-adbc-dfc2f6596f50,"Terrible, stay away.",1.0,male,"Tijuana, Mexico",2021-05-28,Negativo,terrible stay away,1,80.89
346ebc29-5d92-4034-b82d-986abf15daec,Horrible app. Nobody is on here!!,1.0,male,"Lagos, Nigeria",2020-09-26,Negativo,horrible app nobody is on here,0,80.86
da109ec7-12ab-40bf-8551-0bd4e9c2f1ae,Everyone is a scammer.,1.0,male,"Monterrey, Mexico",2021-09-27,Negativo,everyone is a scammer,1,74.39
1242c8a0-93b2-47a6-8483-eedefa3072d9,bad,1.0,male,"Vancouver, Canada",2021-03-28,Negativo,bad,3,61.97
ff9e24d5-6e14-49ab-8a6b-d3d5acf4d076,I just signed up and it's asking me to review for free coins lol haven't been on long enough to rate,1.0,male,"Ottawa, Canada",2021-03-02,Negativo,i just signed up and its asking me to review for free coins lol havent been on long enough to rate,2,93.52
c68b86c6-ab8c-4e05-8825-2d54628e4b68,"They are only interested in making money,no live profiles don't spend money ,waste of time I got better matches without paying in Tinder",1.0,male,"Toronto, Canada",2021-06-10,Negativo,they are only interested in making moneyno live profiles dont spend money waste of time i got better matches without paying in tinder,1,93.85
f4d46d37-4492-46af-b5c7-6c094e4eeef4,Only been shown 20 matches and already telling me there's no more matches. Only people are on this app. 40? I'm in London and got my radious set to 20 miles.,1.0,male,"Dar es Salaam, Tanzania",2020-10-03,Negativo,only been shown 20 matches and already telling me theres no more matches only people are on this app 40 im in london and got my radious set to 20 miles,1,60.62
4adc4396-72a9-49ad-863a-a0d8fbc4f3bf,"Worst app everything they ask money, you not get single friend",1.0,male,"Asunción, Paraguay",2021-12-19,Negativo,worst app everything they ask money you not get single friend,1,90.39
1c223253-9357-4c81-af58-8fcbb19767b1,All dating apps are rubbish,1.0,male,"Busan, South Korea",2020-09-07,Negativo,all dating apps are rubbish,2,80.22
46a6435f-30c4-44ab-893e-558feec6f8ac,Haven't fully experienced it will try to change soon,1.0,male,"San Diego, United States",2021-05-25,Negativo,havent fully experienced it will try to change soon,2,88.61
f1510023-1a99-4d1e-974f-45391a841527,Garbage dating app. It throttles how many profiles you can view. Update to developers: This isn't a technical problem. It's purposeful. Lol.,1.0,female,"Queenstown, New Zealand",2022-02-01,Negativo,garbage dating app it throttles how many profiles you can view update to developers this isnt a technical problem its purposeful lol,2,93.39
e28d33a9-e02f-4b51-bf43-e0b30c89e00a,"Not intended for socially awkward people. You will never get any reply from any people if you missed your only chance to open a conversation which itself is nearly impossible especially with people that have many followers, the chance you get reply is even lower than ever.",1.0,male,"Durban, South Africa",2020-09-21,Negativo,not intended for socially awkward people you will never get any reply from any people if you missed your only chance to open a conversation which itself is nearly impossible especially with people that have many followers the chance you get reply is even lower than ever,3,96.97
af3b62b3-9419-4a84-98e3-405cf77d838b,Bakwas app,1.0,male,"Boston, United States",2021-08-25,Negativo,bakwas app,2,62.48
7285ca06-81b3-46c6-a259-66b6db1ef913,"Não consigo verificar meu perfil, e sem verificação, meu perfil não aparece pros outros, tentei muitas vezes e não foi!!",1.0,female,"Wellington, New Zealand",2022-02-08,Negativo,no consigo verificar meu perfil e sem verificao meu perfil no aparece pros outros tentei muitas vezes e no foi,0,25.0
7bb02b24-fc32-42dc-a638-9993801fcd68,Only people from my own country. Nth special about the app,1.0,female,"Melbourne, Australia",2022-02-20,Negativo,only people from my own country nth special about the app,3,90.11
4411b924-cb9c-4457-9e85-5f252b593ba6,There is nothing Boo about this app. Trainwreck is a more appropriate name.,1.0,male,"Philadelphia, United States",2021-01-25,Negativo,there is nothing boo about this app trainwreck is a more appropriate name,2,88.32
7b0d2d29-ad19-4502-8c64-f08eceda9f52,Payment method is worst,1.0,male,"San Antonio, United States",2021-07-12,Negativo,payment method is worst,0,80.86
3bc81667-5f3f-4428-ab3c-7696e82abfcf,I deleted the account and still get messages. Why do I have to wait 30 days?,1.0,male,"Melbourne, Australia",2022-01-19,Negativo,i deleted the account and still get messages why do i have to wait 30 days,0,56.93
2b6ed291-f78d-4e96-abf8-6588dd30ffe5,Great idea just not enough users. Only real people I match with and hundred of miles away. Locals and either bots or hookers.,1.0,male,"Denver, United States",2021-07-11,Negativo,great idea just not enough users only real people i match with and hundred of miles away locals and either bots or hookers,0,57.92
3afc878f-21f2-42d7-b5b2-ae31c67d5357,Yeah apps seems okay but really not much options nearby i get mostly out of state or out of country hell even out of this Hemisphere.,1.0,male,"Medellín, Colombia",2021-12-08,Negativo,yeah apps seems okay but really not much options nearby i get mostly out of state or out of country hell even out of this hemisphere,0,50.75
97340642-a6f3-4b5c-b567-952a6b426ee4,Waste,1.0,male,"Philadelphia, United States",2021-08-24,Negativo,waste,1,61.82
edfd6b37-c51d-458c-82a5-a5ee2aba73c3,"Nobody messages AT ALL on this app, have sent.plenty of messages but not a single thing back and the money they charge you for it what a joke, they should pay you for being such a lousy app, total waste of time, not worth the time it takes to read the teviews",1.0,male,"Birmingham, United Kingdom",2020-07-22,Negativo,nobody messages at all on this app have sentplenty of messages but not a single thing back and the money they charge you for it what a joke they should pay you for being such a lousy app total waste of time not worth the time it takes to read the teviews,0,67.88
63f03372-bdbe-4cfb-8f5c-7edf86f8b55c,It's.. ok I'm just new.. still trying to find my way around the app.🤗,1.0,male,"New York, United States",2021-01-24,Negativo,its ok im just new still trying to find my way around the app,3,52.86
904ef9c6-b927-40bd-a0ce-b1953a32dbf5,Nice,1.0,male,"Salvador, Brazil",2021-12-20,Negativo,nice,0,62.17
96d0ca51-6ade-45e7-ad44-6dba4b5f22d9,10 mint me profile banaye.... 20 like lie fir bhi pyar nahi mila. Me to toot gaya.,1.0,male,"San Antonio, United States",2021-04-08,Negativo,10 mint me profile banaye 20 like lie fir bhi pyar nahi mila me to toot gaya,1,80.99
07c78b25-f6aa-4012-8040-57f1ced6bfc7,Fake ap,1.0,male,"Boston, United States",2021-03-18,Negativo,fake ap,2,60.95
c95b62a2-cb3d-409c-8dc8-d5cead9e5e43,"Female to male radio is rigged, used it for one month and didn't even get matched even with ONE soul!! I've been told by friends and ex am an avg looking dude but not even ONE!??",1.0,male,"San Jose, United States",2020-12-30,Negativo,female to male radio is rigged used it for one month and didnt even get matched even with one soul ive been told by friends and ex am an avg looking dude but not even one,2,95.76
54e9f34d-69f0-49ae-b8cd-6402cd18a82d,I subscribed 70rs you are saying payment error what the hell is this either give my money back or give the subscription because has been sent,1.0,male,"Cape Town, South Africa",2020-10-04,Negativo,i subscribed 70rs you are saying payment error what the hell is this either give my money back or give the subscription because has been sent,1,49.18
95b84edd-389c-492d-90ef-077ff942fafb,Confusing,1.0,male,"Austin, United States",2021-08-07,Negativo,confusing,2,62.48
8ad16880-dd17-40d7-8bdf-80d53e3c90c2,Bad,1.0,male,"Austin, United States",2021-02-23,Negativo,bad,3,61.97
7b5bde16-097c-49c1-92bd-057e2496ee65,Ten swips is not enough. Kinda a garbage app. Lmao they say something so ya all think they did something about it. They didn't. It's not a good app,1.0,male,"Arequipa, Peru",2021-12-13,Negativo,ten swips is not enough kinda a garbage app lmao they say something so ya all think they did something about it they didnt its not a good app,2,94.28
41c8477f-121b-47db-9431-729f32f57790,Waste app don't install,1.0,male,"Stockholm, Sweden",2020-07-26,Negativo,waste app dont install,1,74.8
6420acec-df9b-4ee3-8f2e-71728c9c3471,Mawjej jei,1.0,male,"Lima, Peru",2021-12-09,Negativo,mawjej jei,0,25.0
025bdb9d-0be7-43a6-946d-0639da62f2c8,Beware. Downloaded to meet new people in my city. Another outlet for content creators and bots to push pornography. For every decent person on the app there are two dozen who are only trying to sell content. The app has zero support so reporting does nothing even when it's blatantly spam being posted and this overshadows whatever good the app does. Do not waste your time.,1.0,male,"Beijing, China",2020-08-24,Negativo,beware downloaded to meet new people in my city another outlet for content creators and bots to push pornography for every decent person on the app there are two dozen who are only trying to sell content the app has zero support so reporting does nothing even when its blatantly spam being posted and this overshadows whatever good the app does do not waste your time,0,64.52
70fa983d-a81e-45b3-89fe-cffe28e52ced,Cant change my current location without paying.,1.0,male,"San Diego, United States",2021-11-08,Negativo,cant change my current location without paying,3,83.02
ee6b1875-706e-4164-9345-401a5d8ae04f,Just started it's a cute app let's see if it will help me! So far all it down it load not impressed won't find anything stars will change once they get this working properly !,1.0,male,"Cancun, Mexico",2021-04-02,Negativo,just started its a cute app lets see if it will help me so far all it down it load not impressed wont find anything stars will change once they get this working properly,1,54.9
35f53878-3ab4-4e44-ad20-01e3f52a5886,Won't let me delete my account. In over two years didn't make any meaningful connections.,1.0,male,"Montreal, Canada",2021-09-19,Negativo,wont let me delete my account in over two years didnt make any meaningful connections,1,73.52
598ec966-2ae9-45f2-bc87-18b50b92b613,No one in my Area. Edit: 1/23/24 Still no one in my Area,1.0,male,"San Diego, United States",2021-03-28,Negativo,no one in my area edit 12324 still no one in my area,2,88.63
e16e53e6-792a-475b-bbe6-357264a93acc,Not got anywhere yet,1.0,male,"Mombasa, Kenya",2020-10-03,Negativo,not got anywhere yet,0,77.59
6b5c0094-b36a-452a-88ee-5bd2430da787,"The application has many fake profiles, in 1 month it received at least 8 requests for profiles with different names but with the same photos. Uninstalling...",1.0,male,"Adelaide, Australia",2022-01-22,Negativo,the application has many fake profiles in 1 month it received at least 8 requests for profiles with different names but with the same photos uninstalling,3,55.09
6d378222-5150-4ec9-987f-efa39d05c8cb,Fake profile and spambot,1.0,male,"Boston, United States",2021-07-22,Negativo,fake profile and spambot,1,74.1
2d049ea3-169d-4b0d-bb1b-1e0bdfa7fe6c,To date a girl you need guts not this useless app,1.0,male,"Dallas, United States",2020-11-06,Negativo,to date a girl you need guts not this useless app,1,84.3
8b2e88a8-9655-47c0-8976-9bfd31f30385,Expensive! And pretty pointless,1.0,male,"Calgary, Canada",2021-06-24,Negativo,expensive and pretty pointless,0,80.93
f3984648-71b7-44c2-b7f6-6650525eb800,Seems fake as of right now..will update if that changes,1.0,male,"Philadelphia, United States",2020-11-03,Negativo,seems fake as of right nowwill update if that changes,0,51.5
ce3082f1-5014-4e80-8416-d6985ccc4767,Not sure yet.. Still checking and will be back.. Worst app ever! Money monger! Trash,1.0,male,"Phoenix, United States",2021-02-27,Negativo,not sure yet still checking and will be back worst app ever money monger trash,1,92.81
1a4ad17e-f111-4930-b949-73a6e96926a2,Faltu hai,1.0,male,"Tijuana, Mexico",2021-06-23,Negativo,faltu hai,2,74.61
20c24676-7263-42c9-bca6-f2d5bfff4e8b,Blaaah,1.0,male,"San Diego, United States",2021-07-02,Negativo,blaaah,0,25.0
d4b7ba4b-7297-41d7-8aa0-f8eeb50405c3,just full of bots changing location Avery few hours to sell subscriptions. do not buy,1.0,male,"Riyadh, Saudi Arabia",2020-09-03,Negativo,just full of bots changing location avery few hours to sell subscriptions do not buy,1,91.03
60fd36d6-2287-4b94-9480-b159114ee8b9,Too many fake accounts,1.0,male,"Durban, South Africa",2020-10-24,Negativo,too many fake accounts,3,74.08
39c002a8-42bd-4c1f-bc38-530b4158fbc8,Absolute waste of time and money. Created to stay and waste time on it not actually meant for meeting someone. Design is bad too unless your a fan of Myspace twenty years ago.,1.0,male,"San Jose, United States",2021-04-02,Negativo,absolute waste of time and money created to stay and waste time on it not actually meant for meeting someone design is bad too unless your a fan of myspace twenty years ago,1,80.25
16625585-6725-4e68-a6f1-5b737f26704a,"The subscription is too expensive. It costs 35 dollars a month just to swipe just like any other dating app. Plus you need to pay the subscription if you don't want a limit on direct messages. For an app that claims that it uses AI to find matches, it doesn't seem any different than any other match I've seen. Scam",1.0,male,"Mexico City, Mexico",2021-05-07,Negativo,the subscription is too expensive it costs 35 dollars a month just to swipe just like any other dating app plus you need to pay the subscription if you dont want a limit on direct messages for an app that claims that it uses ai to find matches it doesnt seem any different than any other match ive seen scam,0,53.38
d8f8575a-9010-4d12-8396-6810069d4a5b,No unblock options and a bunch of fuc boys,1.0,male,"Jacksonville, United States",2021-11-28,Negativo,no unblock options and a bunch of fuc boys,0,74.75
405e9008-dee3-45bd-af27-b996080bb214,"App seems to be broken. Big red ""warning"" at the top. No way to get rid of it.",1.0,male,"Phoenix, United States",2021-06-12,Negativo,app seems to be broken big red warning at the top no way to get rid of it,3,91.28
8a799b6c-01d4-4cf7-9d40-9a0e9cbc9d1e,Not useful,1.0,male,"Montreal, Canada",2021-11-01,Negativo,not useful,1,62.48
d46f7cfe-3369-40dc-9bb9-495c6714d181,I can paid boo infinity via UPI but cannot activated boo infinity once I pay amount they can refunded not activated please check and activate me I will ready to subscribe,1.0,male,"Chicago, United States",2021-02-07,Negativo,i can paid boo infinity via upi but cannot activated boo infinity once i pay amount they can refunded not activated please check and activate me i will ready to subscribe,3,75.17
0efff13d-c2e1-467f-82aa-6ef3e512bf36,"Good organization as an app. Not a lot of active users and age verification is not included. I've seen a handful of underaged users on the app, unfortunately. Edit: Almost immediately after posting the review noting that the app does not verify ages, my account was locked (Shadow Realm, they call it). There is no indication as to what part of the Terms if Service I violated, and after reading them, it is clear I did not violate them.",1.0,male,"Kampala, Uganda",2020-10-21,Negativo,good organization as an app not a lot of active users and age verification is not included ive seen a handful of underaged users on the app unfortunately edit almost immediately after posting the review noting that the app does not verify ages my account was locked shadow realm they call it there is no indication as to what part of the terms if service i violated and after reading them it is clear i did not violate them,0,68.47
5c7ad3d5-f77a-4d9f-8455-ced7406bcda4,Algo is subscription driven and changes after you run out of swipes. Not recommended,1.0,male,"New York, United States",2020-12-15,Negativo,algo is subscription driven and changes after you run out of swipes not recommended,0,91.3
c08f48ff-d435-41a7-881d-fb53e405584d,Still checking it out,1.0,male,"Glasgow, United Kingdom",2020-07-15,Negativo,still checking it out,1,51.02
c5d9b5d3-a5e8-4e64-9b64-fb75b11bb793,Nothing just a scam. There isn't any dating app that actually works. I took Rs 400 of subscription and that was of no use.,1.0,male,"Monterrey, Mexico",2021-02-04,Negativo,nothing just a scam there isnt any dating app that actually works i took rs 400 of subscription and that was of no use,2,93.75
f75194ce-81c0-46e3-93a8-a3df722660f4,No one actually matches here. 1 star,1.0,male,"San Jose, United States",2021-07-18,Negativo,no one actually matches here 1 star,1,87.02
441e9724-1ef7-4c3b-857e-5f17f10fbbee,"I see ads for this app everywhere so I downloaded it. The daily limit is like 20 swipes right, it is so upsetting, I'd rather use all the other apps instead of this one. It really isn't anything special.",1.0,male,"Dallas, United States",2021-11-19,Negativo,i see ads for this app everywhere so i downloaded it the daily limit is like 20 swipes right it is so upsetting id rather use all the other apps instead of this one it really isnt anything special,3,94.96
d99ac9a3-d326-40b9-bbca-7b54519bf5ca,This app is stupid. I cant match with anyone and the people i do match with are escorts or just trying to make money selling their bodys. Boo needs to do a better job sorting out people like this. Hookup culture is disgusting,1.0,male,"Seattle, United States",2020-11-18,Negativo,this app is stupid i cant match with anyone and the people i do match with are escorts or just trying to make money selling their bodys boo needs to do a better job sorting out people like this hookup culture is disgusting,1,51.64
4520225d-151e-41a4-936f-e3ed62c3b52a,"it was a lot better when the daily add I got every day wasn't a porn bot that just said ""dtf??""",1.0,male,"Jacksonville, United States",2021-08-29,Negativo,it was a lot better when the daily add i got every day wasnt a porn bot that just said dtf,2,63.88
fc982dd7-4d6d-4f40-8ee9-f2d135bd75d7,It used to be good and I found real people and connections bur now I be getting bots/scammers hitting me up EVERYDAY will delete soon.,1.0,male,"Mexico City, Mexico",2021-09-26,Negativo,it used to be good and i found real people and connections bur now i be getting botsscammers hitting me up everyday will delete soon,2,66.44
192d10c3-d113-4769-b880-23d8a9b1bbf6,Too many dudes and u have to pay to do anything..reason why i deleted the 1st time..maybe again for good,1.0,male,"Austin, United States",2021-08-20,Negativo,too many dudes and u have to pay to do anythingreason why i deleted the 1st timemaybe again for good,2,90.9
dcc8f78c-87e7-427d-b5b6-c0cf5c5ba77e,Pretty much just like any other social media except you don't make any connections at all. LMAO email pictures of what?? How stupid!,1.0,female,"Brisbane, Australia",2022-01-31,Negativo,pretty much just like any other social media except you dont make any connections at all lmao email pictures of what how stupid,0,70.42
f6b9a185-e0f2-4219-8da1-2c2f53b7074d,Not many people on here. Honestly won't be long until it's filled with bots. These cash grab dating apps end up doing the same thing in the end. Boosted my account for an entire day and only 7 views. Boo is right it's pretty much a ghost town. Update- few days later of boosting and same story. Mostly bots and the app is basically a ghost town. Dating apps today are trash.,1.0,male,"Calgary, Canada",2021-06-14,Negativo,not many people on here honestly wont be long until its filled with bots these cash grab dating apps end up doing the same thing in the end boosted my account for an entire day and only 7 views boo is right its pretty much a ghost town update few days later of boosting and same story mostly bots and the app is basically a ghost town dating apps today are trash,1,98.02
8b08d5a4-2c97-4f91-8e4d-d06f3f2af7be,Do not spend any money on this ap becoz there all I'd are fake no one reply you back weast of money,1.0,male,"Monterrey, Mexico",2021-03-24,Negativo,do not spend any money on this ap becoz there all id are fake no one reply you back weast of money,1,92.9
175582b7-cbc9-484b-a068-7db2f7e9a733,"Taking back my 4 star rating, after using the app now I feel this app is more broken than it should be. 1 app will just freeze more often than not, forcing a restart 2 Most of the people on the app are rarely active 3 You have to pay to access basic features 4 You'll loose access to profiles of people that you like in an instant, & if you don't message them or send them a request immediately to save, it'll be impossible to search for/find them again 5 after paying, the expirence did not improve",1.0,male,"Chicago, United States",2021-05-19,Negativo,taking back my 4 star rating after using the app now i feel this app is more broken than it should be 1 app will just freeze more often than not forcing a restart 2 most of the people on the app are rarely active 3 you have to pay to access basic features 4 youll loose access to profiles of people that you like in an instant if you dont message them or send them a request immediately to save itll be impossible to search forfind them again 5 after paying the expirence did not improve,3,98.1
13b7bfe3-0725-4f68-8f5e-40b37795b594,don't download this app... After paying the subscription u won't get genuine profile for match,1.0,male,"Lisbon, Portugal",2020-07-02,Negativo,dont download this app after paying the subscription u wont get genuine profile for match,1,91.18
0d2789eb-362d-4c09-8e2f-397f445f97b2,Payment done not showing,1.0,male,"Birmingham, United Kingdom",2020-07-04,Negativo,payment done not showing,0,80.39
bf5828ae-0b42-4b92-a4f5-910f42052ca9,Ehh,1.0,male,"Montreal, Canada",2021-04-23,Negativo,ehh,2,62.47
6636808d-f8e0-4dc4-9de9-6771b76e4152,Ok,1.0,male,"Cancun, Mexico",2021-02-12,Negativo,ok,0,25.0
01910063-8fa8-4575-a307-e89342a6357e,Can not verify photo very irrtiating,1.0,male,"Kumasi, Ghana",2020-09-19,Negativo,can not verify photo very irrtiating,3,80.69
127d7a40-0d4f-47ee-a0e1-b7ced7145dfb,Don't buy its subscription. It's a scam And all of these feedbacks are fake. 90 percent id fake hai isme. Sare profile loni UP se dikhata hai bahan ka loda. Or positive feedback bhi fake bana rakhe hai chutiyo ne,1.0,male,"Vancouver, Canada",2021-01-29,Negativo,dont buy its subscription its a scam and all of these feedbacks are fake 90 percent id fake hai isme sare profile loni up se dikhata hai bahan ka loda or positive feedback bhi fake bana rakhe hai chutiyo ne,1,95.44
57940322-a880-495f-830e-d7602451ed5d,"Doesn't seem to be very popular in Southern Finland. I don't even have that many filters and it always tells me there are ""no souls nearby."" Might be good for meeting people abroad, but not great for creating local connections.",1.0,male,"Houston, United States",2021-07-21,Negativo,doesnt seem to be very popular in southern finland i dont even have that many filters and it always tells me there are no souls nearby might be good for meeting people abroad but not great for creating local connections,0,96.09
a348baf5-c95f-40b4-98dc-95087099a060,Trash. I paid money so I was able to message people. But then it said I had to verify in order to message them. I've been trying to verify for the last four and a half hours and it keeps telling me I'm not doing it right. I'm doing the nose. And the picture with my stupid hand on my forehead and it keeps telling me it's wrong. Wish I would have known that before I paid money to not be able to use a feature I paid for,1.0,male,"Austin, United States",2021-05-11,Negativo,trash i paid money so i was able to message people but then it said i had to verify in order to message them ive been trying to verify for the last four and a half hours and it keeps telling me im not doing it right im doing the nose and the picture with my stupid hand on my forehead and it keeps telling me its wrong wish i would have known that before i paid money to not be able to use a feature i paid for,1,76.07
6722c2d3-0fee-434a-8b62-ea06f2c77ede,"The Bot Count is Far Exceeding the actual user count. 🤷🏿‍♂️ It was a Great app back then but like all the good ones they can't get an actual hold on these fake profiles out there filling everyone's ""match box""",1.0,male,"Philadelphia, United States",2021-02-24,Negativo,the bot count is far exceeding the actual user count it was a great app back then but like all the good ones they cant get an actual hold on these fake profiles out there filling everyones match box,3,96.67
0a4c2a98-640b-40eb-9532-31ecef2df39a,Not great,1.0,male,"San Diego, United States",2021-10-07,Negativo,not great,0,61.76
d0fa534e-4828-46ae-a399-659965f66469,This app stole my features I am the creator of a dating app and several features have been stolen off my app. I will be filing a lawsuitv,1.0,male,"Lisbon, Portugal",2020-08-01,Negativo,this app stole my features i am the creator of a dating app and several features have been stolen off my app i will be filing a lawsuitv,2,92.27
1cecf7e6-42b3-48cb-94e3-9f4758980103,Not good because of some restriction like verify profile before msging,1.0,male,"Asunción, Paraguay",2021-12-16,Negativo,not good because of some restriction like verify profile before msging,2,78.45
431aaa16-4e26-49e9-b245-a714df458d9b,3 likes - limit reached.. be serious 💀,1.0,male,"New York, United States",2021-08-13,Negativo,3 likes limit reached be serious,2,84.71
d65070de-fa06-4b3c-bb08-0ea979da61b6,"The verification process is pickier than Veruca Salt from Charlie and the chocolate factory. Did it like 59 times, exactly how they wanted, nothing. This app looked amazing on the outside but it's nothing more than a pearly sack of ****.",1.0,male,"Montreal, Canada",2021-03-09,Negativo,the verification process is pickier than veruca salt from charlie and the chocolate factory did it like 59 times exactly how they wanted nothing this app looked amazing on the outside but its nothing more than a pearly sack of,0,95.33
654d4779-f389-41fc-879e-26b006845b64,No matching from 1 week ... Not too much good 👍,1.0,male,"Austin, United States",2021-08-21,Negativo,no matching from 1 week not too much good,0,88.71
049bcf77-9477-48ce-b25e-e2462bd534fb,The app is not good,1.0,male,"Brisbane, Australia",2022-01-17,Negativo,the app is not good,0,62.15
b9182432-8095-495e-89f8-0bb8db6a460a,"Do you know what the funniest thing here is...Aside from most girls being a scam and Bots. It's how you swipe chicks that are ""Ugly"" or not attractive to you and when you reach your limit there is a hottie from your dreams and you just have to sub to the app so you can continue swiping lmao 10/10 never felt being more loved by being scammed (Btw Imo don't sub I think it's stupid but maybe you will find some real people on there I didn't sub so I don't know)",1.0,male,"Cancun, Mexico",2021-07-29,Negativo,do you know what the funniest thing here isaside from most girls being a scam and bots its how you swipe chicks that are ugly or not attractive to you and when you reach your limit there is a hottie from your dreams and you just have to sub to the app so you can continue swiping lmao 1010 never felt being more loved by being scammed btw imo dont sub i think its stupid but maybe you will find some real people on there i didnt sub so i dont know,2,98.24
b6b8ec64-50db-48f7-8722-d7938af47ae6,Is there anything on or in this app I want a refund.,1.0,male,"Quebec City, Canada",2021-08-07,Negativo,is there anything on or in this app i want a refund,1,84.57
f269cb4d-e408-4417-a7db-7ac9a9c1422f,No results,1.0,male,"Tijuana, Mexico",2021-08-27,Negativo,no results,0,25.0
6dda0a55-7600-4666-8ea8-4edff7772b18,No one actually near me and tinder is better. Oh n 99% r fake or promoting OF,1.0,male,"Rosario, Argentina",2022-01-03,Negativo,no one actually near me and tinder is better oh n 99 r fake or promoting of,1,90.36
78f3b84d-1ae4-45d8-8f6f-0c374ccf854c,"Many fake accounts, poor scam reporting process. The sheer number of scammers on this app has kind of ruined it for me. If you're daft enough to let them WhatsApp you (which the app does warn you about), they'll delete you from the app and you have no way to report it. If they try and scan you in the app, but then give up and block you, you also have no way to then report them. I'm happy to say I've not bought into and scams, but I feel bad for anyone who does - and the app protections are poor",1.0,male,"Bogotá, Colombia",2021-12-18,Negativo,many fake accounts poor scam reporting process the sheer number of scammers on this app has kind of ruined it for me if youre daft enough to let them whatsapp you which the app does warn you about theyll delete you from the app and you have no way to report it if they try and scan you in the app but then give up and block you you also have no way to then report them im happy to say ive not bought into and scams but i feel bad for anyone who does and the app protections are poor,3,51.23
0113d560-051d-4ced-b94e-675856977d4f,Every few swipes they basically beg you to buy their premium version. Extremely annoying. I thought no meant no?,1.0,male,"Vancouver, Canada",2020-12-15,Negativo,every few swipes they basically beg you to buy their premium version extremely annoying i thought no meant no,1,94.23
d3e7838c-f658-4250-b9ad-732122013ed4,Fake app. All bot profiles.,1.0,male,"Seville, Spain",2020-07-13,Negativo,fake app all bot profiles,1,84.38
d8b34be5-6520-4915-b82d-00765195661a,Waste of time. Dont even get single dates,1.0,male,"Cancun, Mexico",2020-12-14,Negativo,waste of time dont even get single dates,1,86.75
f712998e-bf8b-49ce-b1db-76066d8851b6,"No idea why this app has decent reviews. No one in my area is using it. They tax you for ""left swipes"". And it keeps trying to show me ppl insanely far away even when I have the ""local"" filter on and there's no way to select a specific distance.",1.0,male,"Jacksonville, United States",2021-02-04,Negativo,no idea why this app has decent reviews no one in my area is using it they tax you for left swipes and it keeps trying to show me ppl insanely far away even when i have the local filter on and theres no way to select a specific distance,0,96.51
2a31ec44-97ff-4e69-8ad1-8f31e133d659,So far been on site and no one has reached out and all it's asking is for me to subscribe. Very disappointing,1.0,male,"Tijuana, Mexico",2020-11-26,Negativo,so far been on site and no one has reached out and all its asking is for me to subscribe very disappointing,2,65.62
6576d41c-622d-48d6-b21e-6d1d5aa30d89,I don't like how the nose challenge is difficult you can match the dots and still not get credit,1.0,male,"Los Angeles, United States",2021-04-01,Negativo,i dont like how the nose challenge is difficult you can match the dots and still not get credit,3,89.86
88a7dd79-e284-4d7e-9f7e-a96d2de647ed,"This is terrible everyone I match with is just someone who's looking for ""helping"" with content creation for OF like bruh",1.0,male,"Canberra, Australia",2022-01-16,Negativo,this is terrible everyone i match with is just someone whos looking for helping with content creation for of like bruh,1,73.18
47cfd3f0-d2a5-4ce5-a589-7490da2f6eb6,Bad,1.0,male,"Tripoli, Libya",2020-10-22,Negativo,bad,3,61.97
2bd16843-0964-455e-b65b-e7064ddd4489,"I am giving 1 star. The app itself is very intuitive and functional. BUT!!! When you want to get off the app there is not a clear path. And yes i have emailed and texted you with the same generic answers. I will have to resort to putting a cancel on your charge or cancel my credit card. I would have given 4 stars. But with your convoluted admin you dont even deserve one. Quite disappointed. There should be one button ""cancel subscription"". Buyer beware.",1.0,male,"Guadalajara, Mexico",2021-02-15,Negativo,i am giving 1 star the app itself is very intuitive and functional but when you want to get off the app there is not a clear path and yes i have emailed and texted you with the same generic answers i will have to resort to putting a cancel on your charge or cancel my credit card i would have given 4 stars but with your convoluted admin you dont even deserve one quite disappointed there should be one button cancel subscription buyer beware,2,98.12
08b4c5bf-44de-4754-91c7-29bcbb54f8d6,Basically you can't do anything if you don't pay🫡🫡👍👍👍,1.0,male,"Monterrey, Mexico",2021-11-14,Negativo,basically you cant do anything if you dont pay,1,62.57
c6f76a30-af03-477e-ac3e-168e3e8e8199,"It's a ""dating"" app bundled with a watered down social media hub similar to instagram. If you're lucky enough to match with a woman, half the time it's likely to be a bot trying to scam you or a person trying to aell you their dirty pictures.",1.0,male,"Jakarta, Indonesia",2020-09-17,Negativo,its a dating app bundled with a watered down social media hub similar to instagram if youre lucky enough to match with a woman half the time its likely to be a bot trying to scam you or a person trying to aell you their dirty pictures,0,96.24
56c003fe-1e34-49a7-9f76-a2fbf9a42efe,best app in the world,1.0,male,"San Francisco, United States",2021-01-28,Negativo,best app in the world,0,74.48
20bdba67-642e-439b-9bed-fcd0d451fff1,Fake advertising. No anonymous matching. More like tinder but with added personality matching. So pushy on their pay to match paywall. I tried because i was curious by its Ads. Greatly dissappointed.,1.0,male,"New York, United States",2021-05-28,Negativo,fake advertising no anonymous matching more like tinder but with added personality matching so pushy on their pay to match paywall i tried because i was curious by its ads greatly dissappointed,2,72.34
88926900-621c-409c-b827-3ccfb1fc4504,I never want to use another dating app again. This is not a positive review btw. This app makes me believe that I will be single for the foreseeable future.,1.0,male,"Quebec City, Canada",2021-10-06,Negativo,i never want to use another dating app again this is not a positive review btw this app makes me believe that i will be single for the foreseeable future,2,94.25
a11fcb68-87ce-48a3-922d-8a44282e5dff,"Extreme lack of quality connections. This is a dead app, looking for a quick money grab.",1.0,male,"Seattle, United States",2021-12-01,Negativo,extreme lack of quality connections this is a dead app looking for a quick money grab,0,92.07
aab06be7-4286-4dfd-8f64-b317c5e4bc0b,Kinda mid thats really it,1.0,male,"Ottawa, Canada",2020-12-01,Negativo,kinda mid thats really it,2,84.79
fed631f5-2e12-41cc-a723-221915193d5b,Idk,1.0,female,"Gold Coast, Australia",2022-01-25,Negativo,idk,2,62.41
1387f89a-06c4-4a9e-b7d4-6ef031a6a5d5,BAD APP waste of time and money. Don't ever downloaded it ...,1.0,male,"Philadelphia, United States",2021-03-19,Negativo,bad app waste of time and money dont ever downloaded it,1,49.83
59f866a6-709f-4514-a422-0274080a006b,"Ooof, what can I say? It's a dating app that forces you into paying or you can ""swipe"" yay or nay like 10 times per day. Then, when you do buy it, NO ONE matches what you want, no one replies, you get more from the Social posting aspect vs actual matching aspect. It's trying to be a social media platform vs the dating platform. It's meh at best and I tossed 20$ for a month and less than 2 weeks Im like why did I do this... suppose I got a few weeks left. Do in person approaches folks",1.0,male,"Osaka, Japan",2020-09-16,Negativo,ooof what can i say its a dating app that forces you into paying or you can swipe yay or nay like 10 times per day then when you do buy it no one matches what you want no one replies you get more from the social posting aspect vs actual matching aspect its trying to be a social media platform vs the dating platform its meh at best and i tossed 20 for a month and less than 2 weeks im like why did i do this suppose i got a few weeks left do in person approaches folks,0,98.41
ae448094-ea58-4e86-9776-c854a2d01a78,No girls requesting to me or reply to my messages. I think this is fraud app. Utter waste🤬🤬🤬,1.0,male,"Cairo, Egypt",2020-10-03,Negativo,no girls requesting to me or reply to my messages i think this is fraud app utter waste,3,89.84
117f7364-8a0c-477c-9f52-ac6ebc9b4aed,Not as advertised. No one from my area. System has horrible matching. I thought it wasn't about looks. Same as every other app out there.,1.0,male,"Phoenix, United States",2021-03-20,Negativo,not as advertised no one from my area system has horrible matching i thought it wasnt about looks same as every other app out there,1,73.87
6eb13d88-5f9b-40a6-90cc-1a3fbcbcc2e3,I can't imagine what it would cost a person to match with someone who's not a bot....,1.0,male,"Tijuana, Mexico",2021-11-01,Negativo,i cant imagine what it would cost a person to match with someone whos not a bot,1,92.87
4c09556f-56e6-4a57-bffb-873713d2eb74,"So I have tried this app two times now. And both times i tried it between a month to two months. And nothing ever happens, I feel like this is more useful as a forum as I see more interaction there so idk just not my thing tho",1.0,male,"Mumbai, India",2020-08-10,Negativo,so i have tried this app two times now and both times i tried it between a month to two months and nothing ever happens i feel like this is more useful as a forum as i see more interaction there so idk just not my thing tho,1,96.98
cba56a57-f28f-43e6-8578-b17e00e188fb,Some of them where fake accounts... And The guy i met from boo... Broked My 💔 really bad ... I'll never use this app ever again...,1.0,male,"San Jose, United States",2020-11-08,Negativo,some of them where fake accounts and the guy i met from boo broked my really bad ill never use this app ever again,3,53.05
5d9512f7-9dfb-4109-9cba-f266169ff97e,"Waste of time and money. No one ever responds, or there are no matches.",1.0,male,"Jacksonville, United States",2021-10-26,Negativo,waste of time and money no one ever responds or there are no matches,1,74.07
273b2a89-7e27-4bbf-97e7-20a2e44fa2cb,"Like every other dating app, only good for hypergamous females. Very damaging to society",1.0,male,"Boston, United States",2021-11-08,Negativo,like every other dating app only good for hypergamous females very damaging to society,0,88.96
d52a7567-548e-4d76-a74c-45276f5322b9,"Nvmmmm, the photo verification system is broken as crud 😭 I tried both ways and it doesn't work",1.0,male,"Jacksonville, United States",2020-10-28,Negativo,nvmmmm the photo verification system is broken as crud i tried both ways and it doesnt work,1,90.12
d543f413-f272-43b8-acf2-5a54cdb400c3,"Completely dead,, few thousand users at best. U can like hundreds but ull never get any back.",1.0,male,"Dublin, Ireland",2020-08-02,Negativo,completely dead few thousand users at best u can like hundreds but ull never get any back,3,93.03
b35d3a53-5f7a-41ef-9086-34c16c67cada,"Nobody mach with me, and is always money",1.0,male,"Phoenix, United States",2021-07-29,Negativo,nobody mach with me and is always money,0,80.44
b424560f-0bf0-44be-97bf-94d7bcc50fd4,Very limited,1.0,male,"Monterrey, Mexico",2021-10-21,Negativo,very limited,1,62.48
9b02b062-6e91-405b-b758-3b74ea355641,Restrictive usage. Pushing to subscribe to premium without giving a chance to explore and experience the app enough to decide an upgrade,1.0,male,"Paris, France",2020-07-30,Negativo,restrictive usage pushing to subscribe to premium without giving a chance to explore and experience the app enough to decide an upgrade,1,92.96
3e0c00b7-929c-4ecf-a641-4698a3ef3228,New user i m here,1.0,male,"Toronto, Canada",2021-05-11,Negativo,new user i m here,1,77.92
bd8f949e-9a96-4b86-9f5d-e82ed2fac63c,Expensive,1.0,male,"Harare, Zimbabwe",2020-09-23,Negativo,expensive,0,62.45
ad5ac0ec-ac2c-48a3-be93-4682fc73903b,Introverts with lot of free money You forgot to mention,1.0,male,"Denver, United States",2021-06-27,Negativo,introverts with lot of free money you forgot to mention,0,62.22
4c7fa1b7-012a-4f70-893e-fd02944887bc,full of fake profiles,1.0,male,"Jakarta, Indonesia",2020-09-05,Negativo,full of fake profiles,0,53.51
b0377641-cdbf-4feb-a96b-c33b3de05061,"Couldn't talk unless I pay a subscription, scam.",1.0,male,"Tel Aviv, Israel",2020-09-17,Negativo,couldnt talk unless i pay a subscription scam,0,49.39
cebc91b9-5aa4-400c-be21-ade16c0c7d0c,Nice app good,1.0,male,"Quebec City, Canada",2021-05-21,Negativo,nice app good,0,74.8
3e782416-07cc-4bdc-86ee-93d01b7da603,Has very little matches,1.0,male,"Sydney, Australia",2022-01-22,Negativo,has very little matches,0,84.33
07b6aef0-c1c2-4c40-9d5e-88ea865aeb1b,"App is crashing when app wants to verify photo in real , it's a black screen",1.0,male,"Glasgow, United Kingdom",2020-07-17,Negativo,app is crashing when app wants to verify photo in real its a black screen,3,90.34
ee6573d5-2127-4e43-b676-7dd68ea31464,"It was okay, kinda weird, but now I'm constantly getting spammed with bots and camwhores liking my profile just to advertise their Snapchats and Onlyfans. The app also deliberately walls off anyone remotely attractive just to dangle them in front of you the moment you run out of likes. That seems kinda scummy to me.",1.0,male,"Lahore, Pakistan",2020-08-28,Negativo,it was okay kinda weird but now im constantly getting spammed with bots and camwhores liking my profile just to advertise their snapchats and onlyfans the app also deliberately walls off anyone remotely attractive just to dangle them in front of you the moment you run out of likes that seems kinda scummy to me,2,97.06
9917a1ba-1aec-4097-b795-e36a7923cd80,Full of scam bots asking to talk on snap,1.0,male,"Toronto, Canada",2020-10-29,Negativo,full of scam bots asking to talk on snap,0,88.79
4f4eb6a5-dbe7-4057-bd49-b9d7d646f645,You don't get much attempts before before you get charged,1.0,male,"Chicago, United States",2021-11-03,Negativo,you dont get much attempts before before you get charged,2,90.34
af755d98-f8e8-4744-a853-254c353f825e,"No free messages, so you have to pay to talk to 90% fake accounts, genius idea! Boo is not only the name but also the feeling you get while using the app",1.0,male,"San Jose, United States",2020-11-21,Negativo,no free messages so you have to pay to talk to 90 fake accounts genius idea boo is not only the name but also the feeling you get while using the app,0,53.02
f6cfe192-0fe5-41c4-b574-54e06cc01529,I didn't got any like from anyone,1.0,male,"Ottawa, Canada",2020-12-11,Negativo,i didnt got any like from anyone,1,87.07
db6862e0-cdef-473d-98f4-2cad2a23233d,stupid app,1.0,male,"Vancouver, Canada",2021-03-15,Negativo,stupid app,3,61.54
3f5e6ec2-0d7f-4466-bf4e-e454b6deec1f,"Ok so I was having fun with the app for a bit, haven't really touched it in a while, but this morning I wake up to an email saying that I'm going to get charged on the 24th of next month. I don't have and have never had a subscription to Boo and don't want to spend 77 some dollars for an app I barely use. I don't have any other subscriptions shown on my account and hope that by this time next month I'm not charged. Will update.",1.0,male,"Vancouver, Canada",2021-11-28,Negativo,ok so i was having fun with the app for a bit havent really touched it in a while but this morning i wake up to an email saying that im going to get charged on the 24th of next month i dont have and have never had a subscription to boo and dont want to spend 77 some dollars for an app i barely use i dont have any other subscriptions shown on my account and hope that by this time next month im not charged will update,2,97.82
d00f8637-0f2b-4aef-9c26-40f57e05321e,No one replied after recharge,1.0,male,"Dallas, United States",2020-12-16,Negativo,no one replied after recharge,2,84.42
c06cb792-49c0-4c86-95ab-e84f2a8319ce,"Misleading app, even after paying subscription, still ask to pay for extra features. Plus not enough local matches, so they force to go Global which is pointless",1.0,male,"Ottawa, Canada",2021-04-10,Negativo,misleading app even after paying subscription still ask to pay for extra features plus not enough local matches so they force to go global which is pointless,2,95.38
8367dcfb-3fa9-4d10-b37f-dc1272cd48ea,I payed 50rs for 3 month but my money gone but did get the premium,1.0,male,"Mexico City, Mexico",2021-04-12,Negativo,i payed 50rs for 3 month but my money gone but did get the premium,0,86.73
75cc3ce0-b2cf-4deb-91d7-16f5247e9562,I can't verify my profile it's getting rejected all the time,1.0,male,"San Jose, United States",2021-04-27,Negativo,i cant verify my profile its getting rejected all the time,1,90.29
d0a31768-17d0-4ebf-ab7b-9dcc75fbf307,"I hate this app, they literally shadow banned me because they thought it was a kid, I had to fight for my blue marker, but im still shadow banned, meaning even if they make a mistake, they Blame you, DON'T download boo 💯 they don't care about you, they lie, and even though I have my BLUE MARKER BACK, no one responds to anything I put anymore!!!!!!!! My first account EVERYONE loved my ideas!! And responses!!! Which is proof they DIDNT even bother to lift the ban off! Only gave the blue mark 😔",1.0,male,"Boston, United States",2021-03-25,Negativo,i hate this app they literally shadow banned me because they thought it was a kid i had to fight for my blue marker but im still shadow banned meaning even if they make a mistake they blame you dont download boo they dont care about you they lie and even though i have my blue marker back no one responds to anything i put anymore my first account everyone loved my ideas and responses which is proof they didnt even bother to lift the ban off only gave the blue mark,3,98.16
fa538f29-1a8f-49ef-9bab-78a2b222b7c7,Not worth a penny..sorry,1.0,male,"Vancouver, Canada",2021-10-28,Negativo,not worth a pennysorry,0,61.3
2d299a93-b47c-43a6-8fa6-cac775a66492,For now everything is ok,1.0,male,"Lusaka, Zambia",2020-10-28,Negativo,for now everything is ok,1,74.47
e9b48ce1-6cd8-4485-8dec-19a0945031d9,Only one star because I don't have options where I can live someone I want,1.0,male,"Vancouver, Canada",2021-04-30,Negativo,only one star because i dont have options where i can live someone i want,1,62.56
fadb961c-87cd-4c0f-8852-1a54b2055742,"There's 5+ accounts on this app posing to be the same blonde girl trying to recruit more people to follow their Snapchat for prostitution. Names incline, Brianna, Anna, Melissa and others. Boo has done nothing about it.",1.0,male,"Singapore, Singapore",2020-09-17,Negativo,theres 5 accounts on this app posing to be the same blonde girl trying to recruit more people to follow their snapchat for prostitution names incline brianna anna melissa and others boo has done nothing about it,1,76.04
914d8431-175d-4312-a8b6-faa5d264c0b2,It's ok concept but the app is completely dead of profiles. I know I don't have the best profile but damn. Been at it for a couple of day not even one match. I regret my purchase,1.0,male,"Quito, Ecuador",2021-12-07,Negativo,its ok concept but the app is completely dead of profiles i know i dont have the best profile but damn been at it for a couple of day not even one match i regret my purchase,3,95.24
1f1e442b-36bc-4f26-9081-04594ab6a207,Not satisfied,1.0,male,"Toronto, Canada",2021-03-13,Negativo,not satisfied,0,25.0
e0a5243b-e7b6-41d8-94e7-ec421a5e5327,"It's just bot spam. Every day, you open the app and get ""love from X"" and it's this same chick advertising her ""premium"" snap chat, and no matter how many accounts you report, they make new ones over and over so you rarely get to match with an actual person.",1.0,female,"Melbourne, Australia",2022-02-21,Negativo,its just bot spam every day you open the app and get love from x and its this same chick advertising her premium snap chat and no matter how many accounts you report they make new ones over and over so you rarely get to match with an actual person,3,97.24
4e4bf7fa-e014-4196-9df1-abe04d852c69,worst less super chat,1.0,male,"Guadalajara, Mexico",2021-08-03,Negativo,worst less super chat,0,84.54
5bfda00b-887d-4fac-be20-e7567a2b757b,It's like a so so. But the personality type test is not correct. Didn't enjoy,1.0,male,"Dallas, United States",2020-10-31,Negativo,its like a so so but the personality type test is not correct didnt enjoy,3,89.03
bb4381a2-b3f2-4c77-9ade-b7547c44ef80,Everytime I do the nose challenge it kicks me out of the app. I don't recommend this app if it kicks u out🤦🏾‍♂️🤦🏾‍♂️🤦🏾‍♂️🤦🏾‍♂️🤦🏾‍♂️,1.0,male,"Caracas, Venezuela",2022-01-08,Negativo,everytime i do the nose challenge it kicks me out of the app i dont recommend this app if it kicks u out,1,84.29
97860869-e7ca-41d8-9d60-e8c0a1057ca2,Awful app. After a month of use and no matches.,1.0,male,"Guadalajara, Mexico",2020-12-24,Negativo,awful app after a month of use and no matches,0,57.56
0f597207-b9bc-4134-89f2-330ebfb5243e,It not work,1.0,male,"Tijuana, Mexico",2021-07-19,Negativo,it not work,1,62.14
cc0be5b8-bcdb-4282-9b7b-03e11a4f6b49,This App is NOT Friendly towards White American Men. I Was Doxxed and Shadowed Realmed for Not wanting to date Satanists and Communists and because of supposed double standards of hate speech. Told i would face a permanent ban despite paying for 3 months of Service. Honestly it feels like whenever I use the app. I get shadow banned for no reason other than dating preferences or being a White Conservative American. Overall very disappointed with the experience and don't recommend.,1.0,male,"Houston, United States",2021-10-04,Negativo,this app is not friendly towards white american men i was doxxed and shadowed realmed for not wanting to date satanists and communists and because of supposed double standards of hate speech told i would face a permanent ban despite paying for 3 months of service honestly it feels like whenever i use the app i get shadow banned for no reason other than dating preferences or being a white conservative american overall very disappointed with the experience and dont recommend,0,97.85
2da45624-1de8-4baa-96ff-393da9c89352,Rip off !!! 39 bucks and no one local Full of inactive profiles - dont give them any money,1.0,male,"Dubai, United Arab Emirates",2020-08-31,Negativo,rip off 39 bucks and no one local full of inactive profiles dont give them any money,1,93.26
056e54e7-f82a-42b6-b434-176135bfd7e0,"C'è qualcosa che non va nelle preferenze su amicizia / dating, perché becco gente non del mio orientamento anche se l'ho impostato come AMICIZIA copiate un po' da Bumble per piacere...",1.0,male,"Tunis, Tunisia",2020-10-19,Negativo,c qualcosa che non va nelle preferenze su amicizia dating perché becco gente non del mio orientamento anche se lho impostato come amicizia copiate un po da bumble per piacere,2,40.58
76d91f55-5929-4fe9-a595-ed2ad98b3216,"Ask for an in-app live selfie photo. You can soon rule out the fake ones . They make excuses up . It's not hard to send a photo . Not many people in my area that's bad for a dating app 😕 . Update: I can't take screenshots. She blocked me , shows how fake she was, Yeh, I wouldn't bother with this app to many fakes . Not one close by . More chance of santa coming down my chimney 👎👎👎👎👎👎👎",1.0,male,"San Antonio, United States",2021-03-14,Negativo,ask for an inapp live selfie photo you can soon rule out the fake ones they make excuses up its not hard to send a photo not many people in my area thats bad for a dating app update i cant take screenshots she blocked me shows how fake she was yeh i wouldnt bother with this app to many fakes not one close by more chance of santa coming down my chimney,3,50.55
53728b3b-9bec-445b-af12-aacb76d0dc50,"I'm not sure who this is for, but it seems like nobody uses this app.",1.0,male,"Boston, United States",2021-02-01,Negativo,im not sure who this is for but it seems like nobody uses this app,0,86.64
02b37d77-bba2-4a9a-abd1-31e8917e2390,"It's a total joke of a app,",1.0,male,"Vancouver, Canada",2021-01-06,Negativo,its a total joke of a app,0,74.67
682a68ec-328c-4923-8cc3-ee8358afca68,Not my cup of tea,1.0,male,"Houston, United States",2020-12-09,Negativo,not my cup of tea,0,25.0
b8462a22-643f-4f44-9078-b9c08f09aac0,Advertising all the time. App extremely slow. People dont load to match. I cant open any tab (dont load!!) Worst dating app. The other dating apps are so much better,1.0,male,"San Antonio, United States",2021-02-02,Negativo,advertising all the time app extremely slow people dont load to match i cant open any tab dont load worst dating app the other dating apps are so much better,3,95.89
41756cd8-e95e-4437-8689-536d97f096aa,"App jams a lot. Slows down and buttons stop working. Would have to close and re start. Even after paying money ,app does not deliver.",1.0,female,"Queenstown, New Zealand",2022-02-11,Negativo,app jams a lot slows down and buttons stop working would have to close and re start even after paying money app does not deliver,3,53.26
e8abc31f-13b0-4efc-9705-dcb14b68b70d,Bad,1.0,male,"Mexico City, Mexico",2021-04-02,Negativo,bad,3,61.97
97b984f1-278d-4fbe-8a3e-ed76d6ef091b,"Let down by lack of distance filter and bots . Getting at least four likes a day from people on the other side of the world. Yeah right. Further let down by bot auto responses here on Google play This comment does not require screenshots, and I'm sure you can email your own developers.",1.0,male,"Denver, United States",2020-11-28,Negativo,let down by lack of distance filter and bots getting at least four likes a day from people on the other side of the world yeah right further let down by bot auto responses here on google play this comment does not require screenshots and im sure you can email your own developers,0,97.85
18edf983-61b4-4d8a-82d1-9f2360546fc3,Very bad,1.0,male,"Pretoria, South Africa",2020-10-22,Negativo,very bad,3,74.05
2b6f0dd9-e8ff-45f8-a0ff-a55e832ed3e2,Sketch,1.0,male,"Montreal, Canada",2020-12-02,Negativo,sketch,0,25.0
b48dec60-2cb2-4182-9123-75975171b840,"Honestly disappointed, dislikes shouldn't count towards the daily like limit...",1.0,male,"La Paz, Bolivia",2021-12-16,Negativo,honestly disappointed dislikes shouldnt count towards the daily like limit,0,67.8
b56c5eeb-b9df-47f0-b243-3ac533b24c45,Should add tamil in sri lanka for language 😑,1.0,male,"Montevideo, Uruguay",2021-12-16,Negativo,should add tamil in sri lanka for language,2,80.63
630fd8c8-be3b-41f5-8b1a-7f2fac1adb2a,Worst experience ever!! I am a premium member of boo from last 1+ year but suddenly i stopped getting DMs and matches. However i can still right swipe but I'm not getting matches neither i can talk to anyone. Also i have reached out to boo through boo multiple times but no reply. I have no idea what happened to my account.,1.0,male,"Pretoria, South Africa",2020-10-10,Negativo,worst experience ever i am a premium member of boo from last 1 year but suddenly i stopped getting dms and matches however i can still right swipe but im not getting matches neither i can talk to anyone also i have reached out to boo through boo multiple times but no reply i have no idea what happened to my account,1,55.07
422c47f9-d72a-4b8a-936a-e1899da0bed1,So far not bad but can I write a message and how can I receive one,1.0,male,"Boston, United States",2021-06-15,Negativo,so far not bad but can i write a message and how can i receive one,3,91.82
15187c75-2ca4-42ad-b6d7-eab47032866a,Bigggg scam please don't do subscription 😥😥😥😥😥,1.0,male,"Calgary, Canada",2021-05-29,Negativo,bigggg scam please dont do subscription,0,80.16
c22f22d0-beb1-480c-bba7-cd50322332aa,Not free,1.0,male,"Cancun, Mexico",2020-10-29,Negativo,not free,1,61.04
1de20f80-523f-4fde-ac9c-c59297ef629d,GRIFTERS,1.0,male,"Rome, Italy",2020-08-06,Negativo,grifters,0,25.0
09fb6e34-7b66-49c0-b318-3e517c4848fa,"This app boasts about finding matches quicker and easier than any other dating/friendship app due to its quizzes and the like, which also suggested that there would be little to no bots. I've been on this app for several weeks. The only matches I've received have all been bots, all of them. I haven't had a single human connection, but every time I do anything this app asks that I spend money. This has been a waste of time.",1.0,male,"Boston, United States",2021-10-23,Negativo,this app boasts about finding matches quicker and easier than any other datingfriendship app due to its quizzes and the like which also suggested that there would be little to no bots ive been on this app for several weeks the only matches ive received have all been bots all of them i havent had a single human connection but every time i do anything this app asks that i spend money this has been a waste of time,1,79.46
6ea77cd6-cd1b-4e2c-83fc-d79b7ab1301c,Nice app,1.0,male,"Lahore, Pakistan",2020-09-16,Negativo,nice app,0,62.17
2b748ca3-1c87-479c-a454-d2240e62c842,"Keep trying to verify photos and you can obviously see that it is me, been trying for 3 days and gotten nowhere, now cannot use the app and get anything without verifying photos when i stand in ""clear light"" and my features are all there",1.0,male,"Phoenix, United States",2021-02-24,Negativo,keep trying to verify photos and you can obviously see that it is me been trying for 3 days and gotten nowhere now cannot use the app and get anything without verifying photos when i stand in clear light and my features are all there,3,96.86
28aa5ac4-4484-42a7-8e32-c81492d4c7c1,Vast majority of profiles are bots or escorts or scammers. Steer clear and used the more established apps.,1.0,male,"Chicago, United States",2021-10-02,Negativo,vast majority of profiles are bots or escorts or scammers steer clear and used the more established apps,1,91.87
e7e71414-496f-41cf-87fd-0dcb5a2a7057,Where are all the people just get question of the day and stupid videos,1.0,male,"Boston, United States",2021-08-17,Negativo,where are all the people just get question of the day and stupid videos,3,91.32
2ae9116e-6334-4059-9d3a-3d2511768702,Scam,1.0,male,"Seattle, United States",2021-03-03,Negativo,scam,2,60.39
2a008b56-0eb8-473a-8143-e8007bb55bb2,I paid for 1month subscription but still asking me for another payment,1.0,male,"Seattle, United States",2021-10-24,Negativo,i paid for 1month subscription but still asking me for another payment,2,89.96
1055aa30-76a8-4d6a-8b41-76605a7adc6c,I spent money and all of a sudden the atleast 2 girls that were still there to swipe on disappeared and now there are no souls.,1.0,female,"Melbourne, Australia",2022-02-18,Negativo,i spent money and all of a sudden the atleast 2 girls that were still there to swipe on disappeared and now there are no souls,0,48.88
5ef25ed8-eb4e-4b79-b173-0d7b98439e6c,Not as long as you're going to share my data with 3rd parties.,1.0,male,"Philadelphia, United States",2021-04-15,Negativo,not as long as youre going to share my data with 3rd parties,0,86.2
e3cedd9b-f73d-4b10-b3fe-daa9ccc5788b,I think this is spam or otherthing like that....,1.0,male,"Bogotá, Colombia",2021-12-15,Negativo,i think this is spam or otherthing like that,3,73.73
e20c5f08-74fd-46ab-9f40-dc6dea37b489,Booring,1.0,male,"Chicago, United States",2021-05-10,Negativo,booring,0,25.0
3a74d9c8-568f-48cc-b87e-e426e8bf5c92,"Waste of time, nobody wants to talk on this app",1.0,male,"Tijuana, Mexico",2021-02-19,Negativo,waste of time nobody wants to talk on this app,0,84.41
8958beef-4e95-4ba5-87fe-cfc1467b6df2,"This is the worst App indeed compared to any other one bcz I registered with their specified money, it's not useful at any cost of time,I think what they got reviewed is not appearing on practice 👎👎👎👎👎.",1.0,female,"Perth, Australia",2022-02-16,Negativo,this is the worst app indeed compared to any other one bcz i registered with their specified money its not useful at any cost of timei think what they got reviewed is not appearing on practice,1,94.47
5ac27e44-f386-42a1-964a-10283a84ccb7,Pointless,1.0,male,"Monterrey, Mexico",2021-10-08,Negativo,pointless,0,61.94
55707237-686b-47e1-ae0e-587bccf096e1,"Thailand focused review: Really boring selection of women. Being polite to say the least, and even they were limited. Options literally exhausted in less than an hour and then nothing further to see. I would not recommend this for eligible men in Thailand looking for an attractive partner. Sorry ladies. The app is possibly better in Europe.",1.0,male,"Cairo, Egypt",2020-09-19,Negativo,thailand focused review really boring selection of women being polite to say the least and even they were limited options literally exhausted in less than an hour and then nothing further to see i would not recommend this for eligible men in thailand looking for an attractive partner sorry ladies the app is possibly better in europe,0,97.31
c88f8799-3a1c-4e87-8a66-cbd1329916c4,Great app,1.0,male,"Quebec City, Canada",2021-05-22,Negativo,great app,0,61.76
c28fef4c-696c-4905-9581-885926f3bac5,Boring,1.0,male,"Toronto, Canada",2021-02-13,Negativo,boring,1,60.99
47e83d6b-3274-4394-b519-faf48cd90a48,Very few local users,1.0,male,"Denver, United States",2021-04-24,Negativo,very few local users,3,84.31
5898b3b8-7341-4236-a443-5fda49462292,I am unable to see my new messages and message requests since 1 month . I reported this problem a lot of times. I even emailed the developers. I even uninstalled the app and re installed it . But the problem is same. The developers never replied to any of my emails . This app was working fine until last December. But there are problems now. Please fix this ASAP.,1.0,male,"Phoenix, United States",2021-09-28,Negativo,i am unable to see my new messages and message requests since 1 month i reported this problem a lot of times i even emailed the developers i even uninstalled the app and re installed it but the problem is same the developers never replied to any of my emails this app was working fine until last december but there are problems now please fix this asap,2,97.75
4c749fc2-640f-41fb-b79a-c4f70785ee77,"Best free, edit omg it stopped opening atall , I even cleared cache but when signing in it will load forever",1.0,male,"San Antonio, United States",2021-01-19,Negativo,best free edit omg it stopped opening atall i even cleared cache but when signing in it will load forever,1,92.02
7d50c1a2-2944-4633-9123-7434c5ca111b,Trash app,1.0,male,"San Antonio, United States",2021-06-27,Negativo,trash app,1,62.32
60288758-6602-47ec-b51a-5989f63c3e4f,Nice,1.0,male,"Tijuana, Mexico",2020-11-20,Negativo,nice,0,62.16
3d9b8c55-ba8c-435a-b892-47d75c0bc179,"Fraud app, the lots of users created by them own... 👎",1.0,male,"San Diego, United States",2021-03-24,Negativo,fraud app the lots of users created by them own,3,89.05
7e50c5f7-53b2-4b77-a7b2-0d8eb49d44ce,Full of predatory middle aged men.,1.0,male,"Valparaíso, Chile",2021-12-18,Negativo,full of predatory middle aged men,0,80.83
afc955b5-f225-4d73-a860-34c8a31cf95d,Fake profiles...,1.0,male,"Denver, United States",2021-09-17,Negativo,fake profiles,3,62.06
0a395417-9881-481a-93a1-c4f3f97bfbca,"There's been a significant increase in bot accounts which sucks. You see that red blip on Messages, but it's just recycled images under different names and details.",1.0,male,"Houston, United States",2021-02-03,Negativo,theres been a significant increase in bot accounts which sucks you see that red blip on messages but its just recycled images under different names and details,1,95.41
2da1b51b-10d4-4871-b692-97658755eaa3,Ok,1.0,male,"Montreal, Canada",2020-12-14,Negativo,ok,0,25.0
7645e81c-c450-4c82-988b-34d5bda95bdf,Cool site just too many people,1.0,male,"Los Angeles, United States",2021-06-28,Negativo,cool site just too many people,3,84.78
f7ed236b-f659-4363-8d24-a841ec705dfe,It won't let you proceed if you don't pay subscription,1.0,male,"Jacksonville, United States",2021-04-12,Negativo,it wont let you proceed if you dont pay subscription,1,54.94
5d477860-a4b5-4824-9408-064408c5d45f,After purchasing their subscription the app is lagging very high and the customer service is also very slow not recommended,1.0,female,"Auckland, New Zealand",2022-02-15,Negativo,after purchasing their subscription the app is lagging very high and the customer service is also very slow not recommended,0,93.52
c364e32d-4b98-44eb-a3d5-ac349f57f09a,"Something is wrong with this app. The chats disappeared automatically, even though the person didn't unmatched me.",1.0,male,"San Diego, United States",2020-12-25,Negativo,something is wrong with this app the chats disappeared automatically even though the person didnt unmatched me,2,90.06
c1bda4f9-62fd-4067-835a-ba5c7b30e6bf,Waste of time,1.0,male,"Washington DC, United States",2020-11-18,Negativo,waste of time,1,61.92
1f4aaac6-f3b2-4f1a-be14-0c9786989111,It's upwards of a 2 day wait to start swiping again unless you pay... that was an easy Uninstall,1.0,male,"San Antonio, United States",2021-10-26,Negativo,its upwards of a 2 day wait to start swiping again unless you pay that was an easy uninstall,3,92.18
3ab7e933-e75f-40c4-9273-eed9e1e4e52c,Have not found anything new about it,1.0,male,"Mexico City, Mexico",2021-12-03,Negativo,have not found anything new about it,1,84.63
e63c0217-18b3-47a8-a05b-bf55ad31aad4,Wast of time can't even use the app for 10 minutes before the try and get mony out of you,1.0,male,"Johannesburg, South Africa",2020-10-21,Negativo,wast of time cant even use the app for 10 minutes before the try and get mony out of you,2,91.27
306d56fe-7965-4a48-92dd-8cd84a677d68,"Matches and ""loves"" consistently disappear if I don't check the app within like 5 minutes of getting the notification. I'm busy sometimes, I don't have the luxury of checking notifications from this greedy app every second of the day.",1.0,male,"San Jose, United States",2021-03-24,Negativo,matches and loves consistently disappear if i dont check the app within like 5 minutes of getting the notification im busy sometimes i dont have the luxury of checking notifications from this greedy app every second of the day,1,95.34
49deb240-071d-4059-b88a-a14ea14f814a,No working,1.0,male,"Toronto, Canada",2021-09-01,Negativo,no working,1,61.74
90b9cc13-94dd-4bb7-96ca-2e472af1bec7,Verification method is busted. Sent for feedback to try and get verified properly as the website suggests and no reply. Done this multiple times along with manual verification,1.0,male,"Monterrey, Mexico",2021-03-05,Negativo,verification method is busted sent for feedback to try and get verified properly as the website suggests and no reply done this multiple times along with manual verification,1,76.04
92598ef1-8326-43f5-9c33-805bc76f2eb4,Good one,1.0,male,"Jerusalem, Israel",2020-09-02,Negativo,good one,0,73.64
3dbca225-c91d-46c9-9f07-28f1020c32be,Because I already paid membership but not any match found in my area I think money is not worth..,1.0,male,"Chicago, United States",2021-10-05,Negativo,because i already paid membership but not any match found in my area i think money is not worth,3,52.75
1a0ab61c-ee7a-42be-9ea6-76e18831c0fe,Asking me to review when I just downloaded. For that u get 1 star,1.0,male,"Calgary, Canada",2021-04-19,Negativo,asking me to review when i just downloaded for that u get 1 star,2,88.84
4380d41a-0008-44fb-b832-6469907a18e4,"This app sucks! Only unattractive people, I swear.. I regret buying the subscription, I wish I could get a refund.",1.0,male,"Pretoria, South Africa",2020-10-19,Negativo,this app sucks only unattractive people i swear i regret buying the subscription i wish i could get a refund,2,92.61
b140a002-7b69-4814-9d56-99243e2b3347,"Didn't get any, a single date.. worst app like bumble",1.0,male,"Vienna, Austria",2020-07-30,Negativo,didnt get any a single date worst app like bumble,1,64.46
1b8f0851-0e99-471f-8f6e-350e66e03fb3,"Cool app in concept. Too bad it doesn't work. I can set location to local only but it will show people from 3 states away and as soon as I run out of ""decisions"" it shows me someone local but then I have to pay for more decisions. Worst part is they send me emails saying I got a new match, when I open the app, theres nothing there even after refreshing the app.",1.0,male,"Denver, United States",2021-05-09,Negativo,cool app in concept too bad it doesnt work i can set location to local only but it will show people from 3 states away and as soon as i run out of decisions it shows me someone local but then i have to pay for more decisions worst part is they send me emails saying i got a new match when i open the app theres nothing there even after refreshing the app,3,60.91
5ad73300-1ce6-4b99-aa3a-80c6e3bed302,"Please don't waste your money on this app. Other than giving you information on people's personality types, there's nothing different from other apps that I've been on. Disappointing.",1.0,male,"San Antonio, United States",2020-12-23,Negativo,please dont waste your money on this app other than giving you information on peoples personality types theres nothing different from other apps that ive been on disappointing,1,53.38
b2ab2b90-3e25-4180-9aa7-3eb06db98360,Scam!! Don't install unless you live in India! There are NO matches. Just creeps in your inbox trying to get you to send them money!,1.0,male,"Quebec City, Canada",2021-11-02,Negativo,scam dont install unless you live in india there are no matches just creeps in your inbox trying to get you to send them money,1,94.23
552a42c0-8067-4eab-8e4d-7424a210a5af,Matches behind a paywall. Wasted time filling out my profile.,1.0,male,"Mombasa, Kenya",2020-10-02,Negativo,matches behind a paywall wasted time filling out my profile,1,91.25
1395ab20-3576-4c35-990a-6b191bb4a89e,"Cant get past the initial login. Its an infinite loophole of send email, confirm email, opens app, redirects back to ""send conformation email"". I can login via web browser but eventually get redirected back to the app where its waiting for confirmation email link that I have already clicked 10 different times. Total garbage.",1.0,male,"Valencia, Spain",2020-07-09,Negativo,cant get past the initial login its an infinite loophole of send email confirm email opens app redirects back to send conformation email i can login via web browser but eventually get redirected back to the app where its waiting for confirmation email link that i have already clicked 10 different times total garbage,2,96.83
070d968f-eaa0-443c-a1ca-7885884317ba,"No place to sign up, only sign in",1.0,male,"Santa Cruz, Bolivia",2021-12-29,Negativo,no place to sign up only sign in,1,56.08
68a2b07c-400f-4ce2-8c66-6bea13a610f7,The experience is amazing,1.0,male,"Monterrey, Mexico",2021-03-08,Negativo,the experience is amazing,1,73.0
164ca074-4f53-41b2-a3cf-9bdb75f66a5c,I have made payment and now it's not responding and I also didn't get my subscription also bad support and no help desk,1.0,male,"Montreal, Canada",2021-11-26,Negativo,i have made payment and now its not responding and i also didnt get my subscription also bad support and no help desk,0,70.85
962f2822-8370-4f8d-94fb-67e2ccfd6027,I don't like it I made my profile for maybe 30 minutes to find out that there are 10 girls in my area 🤣,1.0,male,"Denver, United States",2021-06-08,Negativo,i dont like it i made my profile for maybe 30 minutes to find out that there are 10 girls in my area,2,91.83
883a7ac3-47df-4874-b451-a67e0ac668e6,"Just another ""dating"" app that will all to soon be full of bots scamers and phishers in about two years after this review. ( 10-20-2023 ) currently its being used more as a social media site like twitter. Updare ( 01-21-2024 ) gave it some time and I was harassed by scamers and con artists. Lowering my review from 2 to 1.",1.0,male,"Córdoba, Argentina",2021-12-13,Negativo,just another dating app that will all to soon be full of bots scamers and phishers in about two years after this review 10202023 currently its being used more as a social media site like twitter updare 01212024 gave it some time and i was harassed by scamers and con artists lowering my review from 2 to 1,2,97.11
ab1278e2-69fa-45ff-a0cd-51cd44b5bc54,Paywall like other apps. Nothing new although give impression of hope,1.0,male,"Brisbane, Australia",2022-01-16,Negativo,paywall like other apps nothing new although give impression of hope,1,88.95
e7e2a70f-f34a-48f8-822b-d87e79e6ae59,Asked me to rate the app after 5 minutes for coins. Pretty bad sign.,1.0,male,"Riyadh, Saudi Arabia",2020-08-19,Negativo,asked me to rate the app after 5 minutes for coins pretty bad sign,2,91.19
add7ac63-b9a3-4844-b776-5c258ad0d623,"nice app at starting but Guys seriously it is so disgusting app that Someone is changing my bio and others details, data is compromised here, I won't trust anymore this app. I tried reaching help in app but there is no response, regularly someone is changing my details to obscene and vulgar content, I would not recommend anyone this app if admin doesn't solve this problem and I will complain again this app to Google play.",1.0,male,"Philadelphia, United States",2020-12-15,Negativo,nice app at starting but guys seriously it is so disgusting app that someone is changing my bio and others details data is compromised here i wont trust anymore this app i tried reaching help in app but there is no response regularly someone is changing my details to obscene and vulgar content i would not recommend anyone this app if admin doesnt solve this problem and i will complain again this app to google play,1,97.83
f341d042-8a14-4c41-a852-ffb234b3b6e1,"Rediculously low swipe amounts on free tier, lame ui, surveye which is useless. Edit: the developer reply is is so horribly generic it makes me want to uninstall this app another 10 timez",1.0,male,"Abuja, Nigeria",2020-10-18,Negativo,rediculously low swipe amounts on free tier lame ui surveye which is useless edit the developer reply is is so horribly generic it makes me want to uninstall this app another 10 timez,0,94.67
d7ee8b66-c20a-4b0c-b88b-1c57c296e8cd,Have just installed the app...but will rate once known.,1.0,female,"Sydney, Australia",2022-01-27,Negativo,have just installed the appbut will rate once known,2,87.28
ecc04c66-4601-4363-973a-3cbbbfafba65,"The nose challenge is not working, fix your verification system.",1.0,male,"Tijuana, Mexico",2021-08-22,Negativo,the nose challenge is not working fix your verification system,1,88.92
4756aae0-3c26-4a23-92c6-1b1f0473b5e1,It's very great full to many,1.0,male,"Santiago, Chile",2022-01-09,Negativo,its very great full to many,0,84.49
f2ecd8c9-0277-4b83-9a06-443ec2449720,Good,1.0,female,"Queenstown, New Zealand",2022-02-14,Negativo,good,0,62.15
43c1cc3f-f236-4839-a490-3cb3d8ad2484,It's not worth it!!,1.0,male,"Mexico City, Mexico",2021-10-20,Negativo,its not worth it,0,61.27
c8d0f42e-22d2-40ec-8ad4-c08af5f8511b,Another junk,1.0,male,"Caracas, Venezuela",2021-12-09,Negativo,another junk,0,61.28
32fb2832-09db-4487-91c8-7b25c4c7f8c7,"Dating apps suck, this one is boo worthy in the crowd booing sense, the matching algorithm is more like beer pong",1.0,male,"Auckland, New Zealand",2022-01-18,Negativo,dating apps suck this one is boo worthy in the crowd booing sense the matching algorithm is more like beer pong,2,92.29
4176065a-0967-4f63-a646-e648aad2267e,The app is good but the problem is in verification. You can't send a message without being verified and I have tried there instructions without any success. It's now 2 week and am not yet verified 😔,1.0,male,"San Antonio, United States",2021-07-02,Negativo,the app is good but the problem is in verification you cant send a message without being verified and i have tried there instructions without any success its now 2 week and am not yet verified,1,95.29
8929a9db-7e24-4fa8-9c15-be1f70a378ed,Can not do anything for free. Need money for everything,1.0,male,"Austin, United States",2021-11-06,Negativo,can not do anything for free need money for everything,1,88.93
7c2b4ce5-ef70-4db7-99a6-7d4da38fa8e2,"This app changed I guess, before the update, the No's wouldn't count for your daily limit, and you can swipe No forever until you reached your daily limit in 'likes', but now., the No's count as your daily limit, so you can No everyone, and not like anyone, but still reach your daily limit. That's just ridiculous. The algorithm only showing disgusting girls now. Developer needs to take away the inflated B . S. All these dating apps are becoming fake. I have gotten one girl showing up multiple.",1.0,female,"Perth, Australia",2022-02-07,Negativo,this app changed i guess before the update the nos wouldnt count for your daily limit and you can swipe no forever until you reached your daily limit in likes but now the nos count as your daily limit so you can no everyone and not like anyone but still reach your daily limit thats just ridiculous the algorithm only showing disgusting girls now developer needs to take away the inflated b s all these dating apps are becoming fake i have gotten one girl showing up multiple,2,71.4
9f46d01c-5fd0-4717-abe5-d990d71501fd,"Bad app . I bought subscription two time consecutively . Both the time , money got deduct but the subscription was still not on . So be careful before buying the subscription",1.0,male,"Philadelphia, United States",2021-04-10,Negativo,bad app i bought subscription two time consecutively both the time money got deduct but the subscription was still not on so be careful before buying the subscription,0,94.94
60081a4b-0563-42c7-a965-320507327e0f,Meh,1.0,male,"Los Angeles, United States",2020-11-07,Negativo,meh,0,62.34
e5f6ca3d-2281-4bc1-8c0f-5c167aa192c7,"""X"" means close ad, not watch more ad. ""X"" means close ad, not take me to play store. Lastly, if an app only has 5 star reviews up front, it's a scam.",1.0,male,"Toronto, Canada",2021-08-05,Negativo,x means close ad not watch more ad x means close ad not take me to play store lastly if an app only has 5 star reviews up front its a scam,1,94.82
04632b23-b69e-416d-a9c5-fe5337a469b4,Bekar,1.0,male,"Rome, Italy",2020-08-02,Negativo,bekar,0,25.0
cf711c41-9ad0-4627-a2b1-347db0f3792a,Only likes are OF girls I'll get like 3 a day of just them,1.0,male,"San Antonio, United States",2021-01-02,Negativo,only likes are of girls ill get like 3 a day of just them,0,90.05
a181bf28-d75b-429c-bd7a-3b181a832ed4,Worst app,1.0,male,"Montreal, Canada",2021-02-12,Negativo,worst app,1,61.16
e3cddba4-a66d-461f-867f-7ab50e5707ca,"Can't update my preferences for who I talk to. Can't rearrange the order of my profile pictures even though that option is apparently there. Just another dating app filled with men, hits pretending to be women, and psychopathic blue hairs inventing new genders. Plus, adding my location just so that I can be seen requires me to pay money??!? No flipping thank you.",1.0,male,"Monterrey, Mexico",2021-10-28,Negativo,cant update my preferences for who i talk to cant rearrange the order of my profile pictures even though that option is apparently there just another dating app filled with men hits pretending to be women and psychopathic blue hairs inventing new genders plus adding my location just so that i can be seen requires me to pay money no flipping thank you,3,97.38
81b53adb-f3ce-4352-ab81-9b0875bc3148,Verification process is a complete disaster. Even after trying so many times it's saying picture unclear.,1.0,male,"Zurich, Switzerland",2020-07-14,Negativo,verification process is a complete disaster even after trying so many times its saying picture unclear,0,92.6
40c7c2c5-f73c-4888-baf8-eb68f441dba5,Pooy you have pay for all the features,1.0,male,"Mexico City, Mexico",2021-01-10,Negativo,pooy you have pay for all the features,2,80.42
1cd785b8-b4dd-4f81-8158-c0b69614007d,They want money,1.0,male,"Seattle, United States",2020-12-31,Negativo,they want money,1,74.19
15a66a75-0e5f-46e5-b750-4c18183280f3,SCAM. TAKING MONEY EVEN THO I STOPPED USING THE APP AND THE SUBSCRIPTION,1.0,male,"Vancouver, Canada",2021-08-03,Negativo,scam taking money even tho i stopped using the app and the subscription,0,91.2
7432612c-2ad5-4a18-bcf2-09f945c21771,Making me rate it five seconds after finishing my profile ain't how you get a decent rating,1.0,male,"Lima, Peru",2021-12-09,Negativo,making me rate it five seconds after finishing my profile aint how you get a decent rating,2,92.12
15dde89a-a390-4420-991d-53c608360571,Ok not good idk,1.0,male,"Toronto, Canada",2021-04-15,Negativo,ok not good idk,2,46.41
7df1dc5c-a2ed-4153-8c1f-9cc1aa88e027,Koi reply nhi deta..,1.0,male,"Mexico City, Mexico",2021-11-20,Negativo,koi reply nhi deta,1,80.8
16a742fa-697f-44e8-a2b5-9f1c136b4368,"It was once a good app, and now it's just full of snapchat scammers.",1.0,male,"Monterrey, Mexico",2021-03-11,Negativo,it was once a good app and now its just full of snapchat scammers,3,89.81
cd42472f-291b-4a02-9acb-6c9069d862da,Expensive and the quality of dates aren't that great,1.0,male,"San Diego, United States",2021-04-28,Negativo,expensive and the quality of dates arent that great,0,87.29
325282ce-7c56-4449-a071-1a5157f65c7b,No one around,1.0,male,"Chicago, United States",2021-01-09,Negativo,no one around,2,74.39
b6b9139d-4eff-4c62-ba79-56c7b872ad1b,"Got a notification that my account was suspended bc of spam on my profile? There's literally no spam. Unfortunately, you guys have bad actors in your midst. Accessing conversations and using that information for illegal purposes? Hmmm. Wonder what else... I would never trust this app with any of my information, and neither should you. Finally figured out how to delete my account. You guys will be receiving a report for a Civil Right's Violations. Have a horrible life. :)",1.0,male,"Kampala, Uganda",2020-10-26,Negativo,got a notification that my account was suspended bc of spam on my profile theres literally no spam unfortunately you guys have bad actors in your midst accessing conversations and using that information for illegal purposes hmmm wonder what else i would never trust this app with any of my information and neither should you finally figured out how to delete my account you guys will be receiving a report for a civil rights violations have a horrible life,1,62.13
8e0d3a3e-beec-411b-b6e1-747f677a130c,Had it a few days. Hardly no matches. Also has no way to filter a mileage option. Seeing nobody even remotely close to me. Needs a mileage filter option to weed out ppl to far away After using for 2 months..I can say I haven't met anyone off here and definitely don't recommend this app.,1.0,male,"Rio de Janeiro, Brazil",2021-12-18,Negativo,had it a few days hardly no matches also has no way to filter a mileage option seeing nobody even remotely close to me needs a mileage filter option to weed out ppl to far away after using for 2 monthsi can say i havent met anyone off here and definitely dont recommend this app,1,63.24
9be555bb-3042-42ba-92d1-887f6969b541,Asks me a Lil early. So here's your review,1.0,male,"Montreal, Canada",2021-06-28,Negativo,asks me a lil early so heres your review,2,63.46
f776bfaf-9dc1-4dff-837d-238579bf6636,I take subscribe 10 days ago but I didn't get even one friend match,1.0,male,"Guadalajara, Mexico",2020-12-08,Negativo,i take subscribe 10 days ago but i didnt get even one friend match,1,68.48
c105f54d-57cd-4f9b-b4bc-52992048f4e8,Fake app,1.0,male,"Cancun, Mexico",2021-05-20,Negativo,fake app,2,60.96
a8430d03-cbf4-49d2-b02d-5ca8158281d3,"let me update this as of 2/2. DO NOT GET THIS APP. It is a scam. I paid for subscription, and not a single match or reply to any dms in almost a month. Then, my account suddenly gets deleted, and im told my email address is required to log in. Which was all I used to make the account. No account, no premium, nothing now. Do not get this.",1.0,male,"Los Angeles, United States",2021-03-01,Negativo,let me update this as of 22 do not get this app it is a scam i paid for subscription and not a single match or reply to any dms in almost a month then my account suddenly gets deleted and im told my email address is required to log in which was all i used to make the account no account no premium nothing now do not get this,1,97.48
515eed19-a83a-451d-993e-c610e51c875b,Trying to continue,1.0,male,"Milan, Italy",2020-07-22,Negativo,trying to continue,3,73.73
89951332-afa1-4cc9-8164-7289e30cf84b,"It's likely still the best dating app, but beware of being gaslit. And I don't mean the community. I resign.",1.0,male,"Mexico City, Mexico",2021-08-24,Negativo,its likely still the best dating app but beware of being gaslit and i dont mean the community i resign,0,91.4
aeecc5f2-61f1-42a2-aa94-0ee3f12e6e67,"Besides the subscription being too expensive, I'll say this app is a waste of time and energy. No matches, no one messeging nor replying to my message. This app is full of introverts who don't want to say anything. Deleting and never coming back to this garbage.",1.0,male,"Quito, Ecuador",2021-12-05,Negativo,besides the subscription being too expensive ill say this app is a waste of time and energy no matches no one messeging nor replying to my message this app is full of introverts who dont want to say anything deleting and never coming back to this garbage,0,96.62
b30e2082-7a83-458a-b547-edb0ff93ef7f,App doesn't allow access to members online,1.0,male,"San Diego, United States",2021-07-02,Negativo,app doesnt allow access to members online,3,86.95
4570aa62-d27d-472d-bee9-c6671df68234,Will be giving 5 star after I get match thank you,1.0,male,"Cape Town, South Africa",2020-09-27,Negativo,will be giving 5 star after i get match thank you,1,58.06
1ca42d4e-2cd6-41a5-8741-d57df3573f65,Good app,1.0,male,"Vancouver, Canada",2021-03-09,Negativo,good app,0,62.15
67dfb3c3-b982-45e2-8ffe-a9d03b17caae,Don't know yet. App asks you to review when you haven't used it so you can collect in app currency,1.0,male,"Guadalajara, Mexico",2020-10-30,Negativo,dont know yet app asks you to review when you havent used it so you can collect in app currency,2,91.2
46461b20-ddaf-44ad-82ca-cf0d10a5e30e,I'll change it later,1.0,male,"Lagos, Nigeria",2020-10-10,Negativo,ill change it later,1,55.18
6ff1b993-e573-4617-8cc3-bd9ce60abb46,Bakwas app just like any other dating apps. Filled with fake and faltu profiles. 👎👎,1.0,male,"Philadelphia, United States",2020-12-24,Negativo,bakwas app just like any other dating apps filled with fake and faltu profiles,2,90.42
7a2d6e47-6e7e-41d3-98ec-2a760175a79b,"Horrible ethics being practiced here on this app, and I'm not even referring to the users. The developers are clearly up to something scandalous, with the selective censorship that clearly shows a strong bias of what users can and cannot express. There are no ads, yet it is free. I'd question what the creators are getting out of all of this. Beware what this app is worth to you, as looks are deceiving. **Update: Boo will not respond to the email they requested from me. Do not trust these people.",1.0,male,"Rosario, Argentina",2021-12-22,Negativo,horrible ethics being practiced here on this app and im not even referring to the users the developers are clearly up to something scandalous with the selective censorship that clearly shows a strong bias of what users can and cannot express there are no ads yet it is free id question what the creators are getting out of all of this beware what this app is worth to you as looks are deceiving update boo will not respond to the email they requested from me do not trust these people,1,61.43
67417325-18a8-453f-ab64-2d77b8f3ca22,"No matchs in my country, ALOT of bot selling used fans 😅",1.0,male,"Monterrey, Mexico",2021-11-20,Negativo,no matchs in my country alot of bot selling used fans,2,88.74
1238c6e8-6a97-4df9-a982-058c2e50f31c,It's beginning let's see where it goes to,1.0,male,"Washington DC, United States",2021-10-21,Negativo,its beginning lets see where it goes to,3,87.07
06165b98-7af2-4568-8930-e13733e1d57a,worse experience don't even know the person is getting ur text or not,1.0,male,"Quito, Ecuador",2022-01-10,Negativo,worse experience dont even know the person is getting ur text or not,2,90.2
7f6279c8-5cc0-4e5f-9152-32c14d8ca895,"1 star for the absurdity of the account deletion. Made me go through several loops of ""are you sure? Are you sure? Are you sure?"" Ad nauseum until I got to the end. And what did I find? (Paraphrased) ""Your account will be deleted in a month, to stop cancelation sign in"" I know y'all want money and whatnot but that's deeply concerning I can't delete my account the same day",1.0,male,"Delhi, India",2020-09-03,Negativo,1 star for the absurdity of the account deletion made me go through several loops of are you sure are you sure are you sure ad nauseum until i got to the end and what did i find paraphrased your account will be deleted in a month to stop cancelation sign in i know yall want money and whatnot but thats deeply concerning i cant delete my account the same day,1,97.5
64f38dde-964d-4f9a-8509-4c1bca1a4352,I just started using will update once I know how to use,1.0,male,"Chicago, United States",2020-11-09,Negativo,i just started using will update once i know how to use,2,90.19
67eacb8d-b3db-4615-9d37-175ae3dbaf1b,Cant even get verified for some damn reason,1.0,male,"Seville, Spain",2020-07-26,Negativo,cant even get verified for some damn reason,2,88.29
76685766-6028-45e4-a2c9-949d616343ad,Can verify my account tried everything I could and couldn't use it.,1.0,male,"Berlin, Germany",2020-07-02,Negativo,can verify my account tried everything i could and couldnt use it,1,91.02
9d1001ed-263e-43cc-b2ba-beb536da2d5f,"Trash app, my profile got banned with 'hate speech' for no reason. If you wrote something they don't like = hate speech, if you said something they like to hear = Okay. That's how their own freedom of speech works",1.0,male,"Vancouver, Canada",2021-07-21,Negativo,trash app my profile got banned with hate speech for no reason if you wrote something they dont like hate speech if you said something they like to hear okay thats how their own freedom of speech works,2,95.42
cfdc671c-3d22-4881-b167-ac7373d15fc7,Bad experience,1.0,male,"Monterrey, Mexico",2021-03-03,Negativo,bad experience,3,73.53
26e090ea-131f-4431-affb-8b26b13ec6fa,Nobody in my area. Just shows me people in Ontario or in the US. The buttons don't always push and the email verification was broken. And premium(like every other dating app) costs a fortune. Boo who you lose,1.0,male,"Tijuana, Mexico",2021-06-06,Negativo,nobody in my area just shows me people in ontario or in the us the buttons dont always push and the email verification was broken and premiumlike every other dating app costs a fortune boo who you lose,0,95.57
0f5dde58-268b-4b1a-b5f0-8f7174a74c91,I don't like amount paid,1.0,male,"Montevideo, Uruguay",2021-12-05,Negativo,i dont like amount paid,2,73.4
ce210e88-9216-4b6b-9155-484380d11faa,"Its this apps fault I didn't get any matches 👎🤬, how dare it not get me any dates.",1.0,male,"Mexico City, Mexico",2020-12-19,Negativo,its this apps fault i didnt get any matches how dare it not get me any dates,0,70.07
7d84b087-0042-4028-8aea-b939212537f0,Can't view the people that view your profile as it behind a paid subscription as every other app on Google play store and I will not recommended it to anyone that is looking for real love and relationships due to the fact that this isn't totally free app at all,1.0,male,"San Francisco, United States",2020-11-24,Negativo,cant view the people that view your profile as it behind a paid subscription as every other app on google play store and i will not recommended it to anyone that is looking for real love and relationships due to the fact that this isnt totally free app at all,1,88.01
7fcb5bc9-d04e-4565-bedc-d34082f279bc,"For finding friends is OK I guess. For dating in Europe don't. Avoid this empty, battery draining, useless, bug infested, spaghetti code broken algorithm garbage!",1.0,male,"Quebec City, Canada",2021-11-07,Negativo,for finding friends is ok i guess for dating in europe dont avoid this empty battery draining useless bug infested spaghetti code broken algorithm garbage,0,94.07
f42c2b05-d211-4de3-b32f-56403c7b6aa4,"paid for premium and I can't even update my profile.. gets stuck halfway through ""saving"" and freezes",1.0,male,"Budapest, Hungary",2020-07-14,Negativo,paid for premium and i cant even update my profile gets stuck halfway through saving and freezes,1,91.29
19031358-c694-4dad-95ec-6b8852d7edfa,"One of the worst experiences, you get a match or someone gets love or interest shown but never actually messages back. Just post stories. One of the borest apps",1.0,male,"Buenos Aires, Argentina",2022-01-09,Negativo,one of the worst experiences you get a match or someone gets love or interest shown but never actually messages back just post stories one of the borest apps,1,95.55
284bd240-9729-4369-a85d-123ead793982,Sucks for my area,1.0,male,"Vancouver, Canada",2021-01-25,Negativo,sucks for my area,3,74.31
15995eaa-e1d7-40aa-99e3-6aa9004e405f,not great ngl,1.0,male,"Frankfurt, Germany",2020-07-20,Negativo,not great ngl,0,61.76
be029ee0-f172-4d16-9361-4dad88ec6306,Recent influx of bot accounts. Dating apps are terrible in general especially for me.,1.0,male,"Calgary, Canada",2020-11-07,Negativo,recent influx of bot accounts dating apps are terrible in general especially for me,1,88.88
7711e9f6-d181-4a5a-baf5-3a078d5afd88,App is useless. Even more useless for free membership. Tried to delete my account but it takes ONE MONTH? I want my account deleted RIGHT NOW.,1.0,male,"Jeddah, Saudi Arabia",2020-08-17,Negativo,app is useless even more useless for free membership tried to delete my account but it takes one month i want my account deleted right now,1,69.76
54db8bb1-6864-4628-a666-ffa0a19abd89,"Felt like an IG knock off, most of the people messaging me are scammers, there is a warning disclaimer saying this might me a scam.",1.0,male,"Philadelphia, United States",2021-11-21,Negativo,felt like an ig knock off most of the people messaging me are scammers there is a warning disclaimer saying this might me a scam,2,93.92
c7cb5b9a-da58-4c6d-afa9-e77926137abb,No matching,1.0,male,"Athens, Greece",2020-08-02,Negativo,no matching,0,61.28
3bd8d9c4-657d-4cdb-8206-663eaf04f9e1,If you're downloading this app for dating then please dont. People use it as Instagram to post random stuff in hope to get popular. This not a dating app for introverts this is Instagram for introverts. Even when did an in app purchase in this app I didn't get any matches or replies.,1.0,male,"Madrid, Spain",2020-08-01,Negativo,if youre downloading this app for dating then please dont people use it as instagram to post random stuff in hope to get popular this not a dating app for introverts this is instagram for introverts even when did an in app purchase in this app i didnt get any matches or replies,0,96.91
ecc91e76-b905-4f4a-86e7-969112662084,You ask me to rate the app too fast,1.0,male,"Chicago, United States",2021-07-05,Negativo,you ask me to rate the app too fast,1,83.97
5a05bb78-ebcd-40cc-925a-43fce3b7190e,This app is hot garbage and I got charged $20 a month for 2 months after uninstalling it after one day I was charged for using the app over 2 months ago I'm never using this service ever again,1.0,male,"San Francisco, United States",2020-11-03,Negativo,this app is hot garbage and i got charged 20 a month for 2 months after uninstalling it after one day i was charged for using the app over 2 months ago im never using this service ever again,0,96.29
4a473f5c-769f-4286-8001-8d5cbf2dcf62,i have made a subscription for bol infinity (which kis he premium features within the app ) for 3 months today. but it is not activated yet. i have mailed them describing this issue with the details of tha payment i have made including screenshot of those things. and i also have contacted them through the app itself. no one replied to mail yet. and in the app i got few replies by some bot. no one yet really addressed mu issue. I'm well disappointed with the customer support boo is providing.,1.0,male,"New York, United States",2021-01-17,Negativo,i have made a subscription for bol infinity which kis he premium features within the app for 3 months today but it is not activated yet i have mailed them describing this issue with the details of tha payment i have made including screenshot of those things and i also have contacted them through the app itself no one replied to mail yet and in the app i got few replies by some bot no one yet really addressed mu issue im well disappointed with the customer support boo is providing,0,97.99
1b1668fa-4926-47a8-82b2-9ad5b45c1160,"I was locked.in a phantom zone, because of my preference of fair skin types, because it was a hate speech? Hate speech? I spend more.time blocking unwanted guys, who do not fit my preference, where's.the hate on it, several other social medias use the preferences of age, degree, gender, skin, age. Sorry this app sucks big time.",1.0,male,"Dallas, United States",2021-10-17,Negativo,i was lockedin a phantom zone because of my preference of fair skin types because it was a hate speech hate speech i spend moretime blocking unwanted guys who do not fit my preference wheresthe hate on it several other social medias use the preferences of age degree gender skin age sorry this app sucks big time,2,51.9
f6215b49-4cb7-404c-a382-adc02752077d,If I get a hit up or able to write someone with no problem I'll raise the review intill then this app wack females aren't all tht,1.0,male,"Los Angeles, United States",2021-03-13,Negativo,if i get a hit up or able to write someone with no problem ill raise the review intill then this app wack females arent all tht,0,67.89
5a34ba5d-06c5-46d7-ba3f-a1e85e31e26e,Have uploaded multiple photos and the app still can't verify my face. Disappointing.,1.0,male,"Toronto, Canada",2021-09-12,Negativo,have uploaded multiple photos and the app still cant verify my face disappointing,3,91.11
c194c5c5-665f-4e66-878c-30c1a51c6973,"It's clear that all these positive reviews are fake like all the profiles on boo. Didn't even got a single reply after sending hundreds of messages, let alone any invitations. A pure waste of time.",1.0,male,"San Jose, United States",2020-12-16,Negativo,its clear that all these positive reviews are fake like all the profiles on boo didnt even got a single reply after sending hundreds of messages let alone any invitations a pure waste of time,1,96.6
06f10c14-3af7-4951-a78e-3c5811d307cc,"This is Jhaatu app, it also needs money",1.0,male,"Tel Aviv, Israel",2020-09-17,Negativo,this is jhaatu app it also needs money,1,80.67
b6188124-f00e-4709-8162-4845b83158e6,"Paid $4.99 For So Called Coins So I Could Message Back To A Lady, (Possible Fake) Paid With PayPal And Got NOTHING! Keeps Asking For More Money!!!",1.0,male,"Lahore, Pakistan",2020-08-10,Negativo,paid 499 for so called coins so i could message back to a lady possible fake paid with paypal and got nothing keeps asking for more money,1,94.75
c390cd24-f76a-494a-bd20-6764c12a0726,Receiving likes but if I accept and send a message no one replies.. I think this app just wants you to pay for subscription.. So I better delete this.,1.0,male,"Jacksonville, United States",2021-11-17,Negativo,receiving likes but if i accept and send a message no one replies i think this app just wants you to pay for subscription so i better delete this,2,93.87
69289ee8-4aec-416f-b856-9e85153a7c04,"Could be Great, love the look love the feel. But it's filled with fake accounts. If the skinny white girl has a pic of the camera directly in front of her face it's a fake account designed to give you likes or make you feel good. Think I'm joking just pay attention to the oddly placed accounts that give you love and notice how they don't respond and all the profit pics have the camera in front of their face. I don't think it's hackers this appears to be the company itself. Making traffic.",1.0,male,"Jeddah, Saudi Arabia",2020-09-11,Negativo,could be great love the look love the feel but its filled with fake accounts if the skinny white girl has a pic of the camera directly in front of her face its a fake account designed to give you likes or make you feel good think im joking just pay attention to the oddly placed accounts that give you love and notice how they dont respond and all the profit pics have the camera in front of their face i dont think its hackers this appears to be the company itself making traffic,1,98.11
c6f87dcf-a5b1-4d3f-94f4-ef9e26c5a05f,Waste of time money its not work,1.0,male,"Abu Dhabi, United Arab Emirates",2020-08-16,Negativo,waste of time money its not work,1,81.05
b0e393de-70ee-4adc-a122-230a7e494585,Noone in my state that's actually real or responds back.,1.0,male,"Cape Town, South Africa",2020-10-02,Negativo,noone in my state thats actually real or responds back,3,88.85
832f6b6f-070b-4c5f-abcc-4805cb2bbbd1,"Good concept but just like every other app females will literally leave you on read & won't reply no matter how polite you are. So in the end like every other app this is useless. Females that don't respond to nobody for a whole week should have their profile be deleted, because at this point all you're doing is letting them play games & not doing anything about it. I say hi how are you & all I ever get is notifications that someone left me on read, & they're in my area so what's the issue smh",1.0,male,"Seattle, United States",2021-05-10,Negativo,good concept but just like every other app females will literally leave you on read wont reply no matter how polite you are so in the end like every other app this is useless females that dont respond to nobody for a whole week should have their profile be deleted because at this point all youre doing is letting them play games not doing anything about it i say hi how are you all i ever get is notifications that someone left me on read theyre in my area so whats the issue smh,1,98.31
bdca66fc-f71c-488a-9f0e-8918293d1833,"So my profile picture which was literally just a selfie.was marked as ""hate speech"" and my account was ""shadowbanned"". The person running the support email said that it was too serious to be unrevoked? It was literally just a regular selfie? Who do you have running your user support system?",1.0,male,"Seattle, United States",2021-08-19,Negativo,so my profile picture which was literally just a selfiewas marked as hate speech and my account was shadowbanned the person running the support email said that it was too serious to be unrevoked it was literally just a regular selfie who do you have running your user support system,2,96.95
febda46b-9cc0-4b17-b8b7-3b78189a0d4c,Nice app,1.0,male,"New York, United States",2021-04-23,Negativo,nice app,0,62.17
0bb3b1de-54de-4a06-8b57-0069b3edddff,Bad,1.0,male,"Tijuana, Mexico",2021-07-09,Negativo,bad,3,61.97
c8bcf831-d9f5-459e-af65-27eb7f0ab0f9,"You have to literally pay for everything now. And I refuse to do that. Also, it's like the app just slowly started to not work.",1.0,male,"Chicago, United States",2021-04-25,Negativo,you have to literally pay for everything now and i refuse to do that also its like the app just slowly started to not work,1,76.48
9126dcb8-28d2-4ec0-932e-052f785e34aa,"Awful app, very small user base means you go through all matches in your area fast, and the daily ""questions"" are just facebook spam. This is today's question: ""Your superhero name will be the color or your underwear + the last thing you ate. What's yours?"". Seriously? How is this supposed to foster discussion/connections?",1.0,male,"San Francisco, United States",2021-09-21,Negativo,awful app very small user base means you go through all matches in your area fast and the daily questions are just facebook spam this is todays question your superhero name will be the color or your underwear the last thing you ate whats yours seriously how is this supposed to foster discussionconnections,3,97.17
3c3104b2-27ce-4314-91b6-d0984bf20612,Having to pay to use the app 👎🏻,1.0,male,"Austin, United States",2021-06-28,Negativo,having to pay to use the app,2,80.94
e8a4432f-f0df-46ee-bfb1-b7c48c3117aa,"This is another generic dating app that data mines your information. There are also more men that use this than females. So, if you are a woman, get your validations and take your pick.",2.0,male,"Marrakesh, Morocco",2021-09-30,Negativo,this is another generic dating app that data mines your information there are also more men that use this than females so if you are a woman get your validations and take your pick,0,96.07
7db00b17-7123-42a1-820c-63c0381a244b,Low,2.0,male,"Phoenix, United States",2022-01-05,Negativo,low,2,61.69
04495ffe-ca5e-4f11-89c7-f09ebb0f9d69,"Great concept, but got tired of all the spam accounts. It's just as awful as POF at this point.",2.0,female,"Gold Coast, Australia",2023-02-05,Negativo,great concept but got tired of all the spam accounts its just as awful as pof at this point,3,66.49
a1981e3b-7d20-4776-bafb-1da0f6005afd,Nice apps,2.0,male,"Guadalajara, Mexico",2022-03-14,Negativo,nice apps,0,74.37
2d624bc5-f4c9-41b7-af09-15d637fc0b59,"The app is interesting. Needs more people before it can gain true traction. Will update later if that occurs. UPDATE: Ya, I'm calling it a day on this app. Again, great functionality and very thorough profile building features. Sadly it's largely the crowd that creates ""One word answer"" profiles and don't stop to read yours that are active here. At least in my age group (50+). BONUS UPDATE: Deleted profile. Deleted App. Yet still getting matches. That tells everything I needed to know.",2.0,male,"Philadelphia, United States",2022-07-30,Negativo,the app is interesting needs more people before it can gain true traction will update later if that occurs update ya im calling it a day on this app again great functionality and very thorough profile building features sadly its largely the crowd that creates one word answer profiles and dont stop to read yours that are active here at least in my age group 50 bonus update deleted profile deleted app yet still getting matches that tells everything i needed to know,1,73.81
c751ba04-e3c5-4f7f-b202-6e2718cbb534,"Boo is just okay. I like the app, and the concept, but it needs some polishing. The biggest downside though is that so few people seem to use it. The app shows me people who are over a hundred miles away. Many of the profiles have one photo, no description, and their location jumps around constantly. It doesn't seem like there are many real people on the app.",2.0,male,"Cairo, Egypt",2021-09-28,Negativo,boo is just okay i like the app and the concept but it needs some polishing the biggest downside though is that so few people seem to use it the app shows me people who are over a hundred miles away many of the profiles have one photo no description and their location jumps around constantly it doesnt seem like there are many real people on the app,2,67.63
e3c8a4ab-b567-4d6e-90f3-58ee70e0de3f,"So far so good, it does what it's advertised. I enjoy the depth of the app as well. I'll revisit if I see any problems. UPDATE ... I have problems it's a cat fish app a lot of profiles are the same person different location. If I change towns I see people I couldn't just see who are close, it's another scam app.",2.0,male,"Chicago, United States",2022-07-29,Negativo,so far so good it does what its advertised i enjoy the depth of the app as well ill revisit if i see any problems update i have problems its a cat fish app a lot of profiles are the same person different location if i change towns i see people i couldnt just see who are close its another scam app,0,97.53
d4d3b736-14da-49be-ade0-c6a970c5b0fc,I don't want to date women young enough to be my daughter or granddaughter,2.0,male,"Tijuana, Mexico",2022-08-11,Negativo,i dont want to date women young enough to be my daughter or granddaughter,0,84.45
af24e119-a143-4474-a349-86abe61b7376,Cool,2.0,male,"Lagos, Nigeria",2021-09-21,Negativo,cool,3,62.49
46b251c4-856d-4e2e-b43a-6baa44d20f72,Idk it wanted a review for coims,2.0,male,"Hobart, Australia",2023-01-05,Negativo,idk it wanted a review for coims,2,81.01
81d291b4-3a6b-4240-aefb-c317f51a2711,Bad,2.0,male,"Tijuana, Mexico",2022-02-09,Negativo,bad,3,61.97
2e91d555-1ce1-4bbc-8a62-b28836468bfd,Nice,2.0,male,"Vancouver, Canada",2022-01-11,Negativo,nice,0,62.17
eebf6e18-244b-4776-941c-b1314818bb79,Just Luke the rest,2.0,male,"Chicago, United States",2022-07-30,Negativo,just luke the rest,1,62.48
d3c45aae-c8ec-453c-a322-1cb93922b4b5,"Well, the bots have arrived. I'm now getting 2-5 likes every day from obvious span accounts using pictures of pornstars and OnlyFans models. I do still like the free filters, so this app does still have some benefits, but I'm gonna leave it at 2 stars until the bot problem is fixed.",2.0,male,"Rio de Janeiro, Brazil",2022-12-23,Negativo,well the bots have arrived im now getting 25 likes every day from obvious span accounts using pictures of pornstars and onlyfans models i do still like the free filters so this app does still have some benefits but im gonna leave it at 2 stars until the bot problem is fixed,2,83.85
48b507da-6349-4238-989b-213c383aaaee,"I keep trying to verify myself but no matter how many pictures I take and processes it won't verify me, the picture is always clear and I try my best to do the poses liek they ask , the nose test NEVER works and I'm trying to send a message of which it requires me to be verified to essentially I can't use the app besides to look at profiles.",2.0,male,"Houston, United States",2022-11-04,Negativo,i keep trying to verify myself but no matter how many pictures i take and processes it wont verify me the picture is always clear and i try my best to do the poses liek they ask the nose test never works and im trying to send a message of which it requires me to be verified to essentially i cant use the app besides to look at profiles,3,97.53
fd4cfcad-7a15-403d-90ad-b41dd63aff67,Recommended,2.0,male,"Jacksonville, United States",2022-05-21,Negativo,recommended,0,62.01
7a2c91ce-e30a-4e08-965b-c2ad04faff39,"It is extremely frustrating trying to successfully complete verification. I give up. There is nothing I can do, and really no one here to match or talk with.",2.0,male,"Copenhagen, Denmark",2021-07-19,Negativo,it is extremely frustrating trying to successfully complete verification i give up there is nothing i can do and really no one here to match or talk with,1,94.27
cd515548-7aaf-4fed-8473-344dac3dafd1,App is great but feature like boost up is not working at all i did tried it like 5 times and had no single view on my profile please fix this it ruining my experience with this app I hardly get noticed by other people,2.0,male,"Ottawa, Canada",2022-04-05,Negativo,app is great but feature like boost up is not working at all i did tried it like 5 times and had no single view on my profile please fix this it ruining my experience with this app i hardly get noticed by other people,1,95.78
8ac86522-709e-44e4-9541-6141e59cfd0e,You advertise 50% off membership sale. Sounds great. I goto sign up. All the prices are the same as they have been except you have a number double the price crosssed out... Thats actually bait and switch and not legal in most states knock the price to half on ALL your price tiers... Really half off not fake half off... I would try. Was thinking about trying at regular orice but not after you pulling this. Smh,2.0,male,"Ottawa, Canada",2022-06-26,Negativo,you advertise 50 off membership sale sounds great i goto sign up all the prices are the same as they have been except you have a number double the price crosssed out thats actually bait and switch and not legal in most states knock the price to half on all your price tiers really half off not fake half off i would try was thinking about trying at regular orice but not after you pulling this smh,3,97.96
b92d73ef-bf64-47f7-9462-567e67c67078,Ok tiers,2.0,male,"Quebec City, Canada",2022-11-03,Negativo,ok tiers,3,62.47
10c0b077-e6c6-4064-818c-abf89a4f7250,If you are a female looking for female friendships. This is not the place. There are mostly men who are looking for relationships. But I feel that most online chatting apps are male dominated so good luck if you are also looking for what I'm looking for 😭😭😭,2.0,male,"New York, United States",2021-10-16,Negativo,if you are a female looking for female friendships this is not the place there are mostly men who are looking for relationships but i feel that most online chatting apps are male dominated so good luck if you are also looking for what im looking for,0,96.65
ee9ef3b0-a611-477c-ae5c-dedc193fda34,Confusing..,2.0,male,"San Diego, United States",2022-03-24,Negativo,confusing,2,62.48
3e2bbecd-430b-4338-a145-cbebc522f2d0,Vibrates no matter what settings you choose. No choice but to turn this app off,2.0,male,"Calgary, Canada",2022-07-08,Negativo,vibrates no matter what settings you choose no choice but to turn this app off,1,86.68
011def82-725c-4100-96fb-c3991494b4c6,Meh. Another dating app. Nothing special about it.,2.0,male,"Seattle, United States",2022-08-05,Negativo,meh another dating app nothing special about it,2,83.59
4ba0242d-ff54-45ed-95ab-ed5ab972e798,Made for money,2.0,male,"Warsaw, Poland",2021-07-14,Negativo,made for money,1,74.46
9799ef5f-4df1-438d-ab1e-8393962908d8,Not so good,2.0,male,"Montevideo, Uruguay",2022-11-26,Negativo,not so good,0,62.15
17a3049e-cc2c-455b-8d42-33b772ab39ce,Kinda good,2.0,male,"Busan, South Korea",2021-08-24,Negativo,kinda good,2,46.43
7788a948-9831-48f0-9689-14534f7068e6,Good,2.0,male,"Washington DC, United States",2022-11-13,Negativo,good,0,62.15
61fcd03c-b8a3-4df8-9e36-2515b4efb0ea,Not much activity,2.0,male,"San Francisco, United States",2022-11-19,Negativo,not much activity,1,72.81
237a9bd9-559d-4c3a-a725-76081ff03600,Good at creative AI program,2.0,male,"New York, United States",2022-06-21,Negativo,good at creative ai program,0,62.15
847dcced-8a2e-46aa-97ef-d343c07b992c,Idk let's see,2.0,male,"Ottawa, Canada",2022-05-09,Negativo,idk lets see,1,54.05
28133e61-83ea-449d-8745-61b7d1b8426e,Shadowbanning is wrong. Let people know what they did wrong at least so they will learn.,2.0,male,"Montreal, Canada",2022-01-13,Negativo,shadowbanning is wrong let people know what they did wrong at least so they will learn,3,91.14
ea1f2e80-3fce-4767-b05e-b43ed6672d38,Verification of face doesn't work,2.0,male,"Montreal, Canada",2022-02-06,Negativo,verification of face doesnt work,1,81.05
ee23acb1-3ce7-498a-a3a7-7c46e603d54b,Can't prefer location,2.0,male,"Caracas, Venezuela",2022-12-24,Negativo,cant prefer location,3,74.09
525f2e85-94f2-4e09-84ff-e735a0b37526,So far it's okay but I just got it so give it a week and I'll come back when probably change the rating,2.0,male,"Denver, United States",2022-07-18,Negativo,so far its okay but i just got it so give it a week and ill come back when probably change the rating,0,93.68
862c8413-dfb8-4337-be88-9681fecd50bf,Needs alot of work but seems OK,2.0,male,"Montreal, Canada",2022-03-24,Negativo,needs alot of work but seems ok,1,83.37
184da40f-4c08-4327-92de-b8c52ec0b075,"It's great👏, just wish more features were 🆓free",2.0,male,"Quebec City, Canada",2022-01-19,Negativo,its great just wish more features were free,2,72.15
96787f9e-746f-43c4-bd97-c536e200cb35,Every like and heart ang message need coins . It's not good,2.0,female,"Perth, Australia",2023-02-06,Negativo,every like and heart ang message need coins its not good,2,86.01
400cc47b-48e2-4664-a54b-b8cb49f454f7,"This app crashes constantly on the explore page when you're browsing a hashtag you searched. For whatever reason, video makes the app crash. But they don't waste a second before asking you to buy a subscription. Update: I uninstalled it 👋",2.0,male,"Brisbane, Australia",2023-01-02,Negativo,this app crashes constantly on the explore page when youre browsing a hashtag you searched for whatever reason video makes the app crash but they dont waste a second before asking you to buy a subscription update i uninstalled it,0,96.06
4e17d087-091e-431b-9d00-89ce2996c67e,"Almost entirely the same as every other dating app. It's all the same dudes I already swiped left on, which I know is out of your control, but now they have the ability to message me without me matching with them. It doesn't let me put in my actual location and has me in a different town. And while I love that there are a ton of more options, it's a lot, especially the race section. I know this is new so I'll keep giving it a chance and will change my rating accordingly.",2.0,male,"Lima, Peru",2022-12-25,Negativo,almost entirely the same as every other dating app its all the same dudes i already swiped left on which i know is out of your control but now they have the ability to message me without me matching with them it doesnt let me put in my actual location and has me in a different town and while i love that there are a ton of more options its a lot especially the race section i know this is new so ill keep giving it a chance and will change my rating accordingly,1,98.25
d12a5f39-aba9-4e9a-b730-84b08bc90bc9,Looks nice at 1st. But hard to specify distance. Keeps showing people that you'd need to take holidays to date,2.0,male,"Brasília, Brazil",2022-12-26,Negativo,looks nice at 1st but hard to specify distance keeps showing people that youd need to take holidays to date,3,60.31
18c70c6f-292a-44c6-b367-207d23eb4d12,The app must be good but I don't think is work for every one I downloaded make all the settings but can't send messages to any one. I do verification twice but still not working.,2.0,male,"Ottawa, Canada",2022-01-17,Negativo,the app must be good but i dont think is work for every one i downloaded make all the settings but cant send messages to any one i do verification twice but still not working,1,63.25
75964268-3ffe-49b3-a12d-9acd24e149f6,I just rating it but I wish you shouldn't have to pay to meet people,2.0,male,"Calgary, Canada",2022-11-01,Negativo,i just rating it but i wish you shouldnt have to pay to meet people,2,49.57
07276446-000c-48fd-835a-c55102f91c26,"Adding height option in profile is a really awful decision, not be that guy but imagine if it was weight, but ofc since height concerns guys it isnt politically incorrect. So many guys gonna add their height, get low matches and become conscious abt their bodies now.",2.0,male,"San Antonio, United States",2022-08-05,Negativo,adding height option in profile is a really awful decision not be that guy but imagine if it was weight but ofc since height concerns guys it isnt politically incorrect so many guys gonna add their height get low matches and become conscious abt their bodies now,2,96.72
e1f0c781-7459-4deb-a5d7-39fe82182184,"App is great, lots of people nearby. But loses 2 stars for the low amount of suggestions/swipes available",2.0,male,"Córdoba, Argentina",2022-12-19,Negativo,app is great lots of people nearby but loses 2 stars for the low amount of suggestionsswipes available,0,91.35
ae6c13bf-f3e5-47b8-9c6b-d3c2e814fa2e,"Absolute ripoff! Signed up, paid, made account, set search to basically everything and it says there is nobody. Seriously? Literally set the filter to include EVERYTHING, and it says there is nobody. DO NOT SIGN UP FOR THIS! I'll be fighting to get a refund. As requested, just sent email with 5 screenshots showing everything selected and no people available. Adding a star as at least the dev team is responsive.",2.0,male,"Guadalajara, Mexico",2022-09-03,Negativo,absolute ripoff signed up paid made account set search to basically everything and it says there is nobody seriously literally set the filter to include everything and it says there is nobody do not sign up for this ill be fighting to get a refund as requested just sent email with 5 screenshots showing everything selected and no people available adding a star as at least the dev team is responsive,1,98.01
f6426c34-a35f-42c6-ad52-b0f5ebc8bb21,"So far, pretty neat, I'll change if it's successful.",2.0,male,"Phoenix, United States",2022-11-01,Negativo,so far pretty neat ill change if its successful,0,63.61
9b9f5433-f31d-4996-9feb-904d5f7a4882,"This app is very confusing to use, it's like a mix between a Tinder-like dating app and a bad social media platform. The personality test gimmick is dumb. Most of the matches I've gotten have been literal prostitutes. Beautiful ones, but I'm not looking for prostitutes. Maybe it would be better if I were in a different area, but it's still terrible. One positive aspect is it doesn't charge money to see/message matches. But often messages will disappear inexplicably and come back later.",2.0,male,"Cancun, Mexico",2022-10-12,Negativo,this app is very confusing to use its like a mix between a tinderlike dating app and a bad social media platform the personality test gimmick is dumb most of the matches ive gotten have been literal prostitutes beautiful ones but im not looking for prostitutes maybe it would be better if i were in a different area but its still terrible one positive aspect is it doesnt charge money to seemessage matches but often messages will disappear inexplicably and come back later,2,92.47
ad024173-0f33-4aab-af6b-f7027a51f010,"The app is like a reddit copy with some form of tinder-like swiping to,""Make it a dating app."" Their is no distance slider(at least available to unpaid users), only a local or global setting. I've only seen people either out of state or hours away. It's very rare to have someone close by. It uses coins to send a message and build up coins by making posts or interacting with other people's posts. If they update it in the future to give the regular users more features, then I might update this.",2.0,male,"Guadalajara, Mexico",2022-05-31,Negativo,the app is like a reddit copy with some form of tinderlike swiping tomake it a dating app their is no distance sliderat least available to unpaid users only a local or global setting ive only seen people either out of state or hours away its very rare to have someone close by it uses coins to send a message and build up coins by making posts or interacting with other peoples posts if they update it in the future to give the regular users more features then i might update this,3,98.27
496c5242-5492-4507-a385-5b423fa4726c,Myers Briggs based personality profiling,2.0,male,"Montreal, Canada",2022-08-10,Negativo,myers briggs based personality profiling,3,84.86
ebaa0407-0783-4159-9610-c3ebbb9bac81,",v,cq , ,zrrfz,,,●●☆ 3 ,jdwz2.x○×""2 ~cde,,,□☆,",2.0,male,"Singapore, Singapore",2021-08-01,Negativo,vcq zrrfz 3 jdwz2x2 cde,0,25.0
2e817bab-b590-4792-ac32-f872eea4707d,"There are too many bots. I literally had a ""Laura y"", ""Laura j"", ""Laura b"" ""Laura x"" all in a row with the same profile picture. My daily matches are used up by rejecting obvious bots. This app had so much potential to be different with the universe tab where you could be a part of a discussion. There's also little to no advertising, on the free version. It's sad to see a dating app with so much potential ruined by bots.",2.0,male,"Philadelphia, United States",2022-02-03,Negativo,there are too many bots i literally had a laura y laura j laura b laura x all in a row with the same profile picture my daily matches are used up by rejecting obvious bots this app had so much potential to be different with the universe tab where you could be a part of a discussion theres also little to no advertising on the free version its sad to see a dating app with so much potential ruined by bots,0,78.5
c9d5a08c-f021-4267-bac1-3e2ef7e50d87,it's the best app that I am found so far,2.0,male,"San Jose, United States",2022-10-14,Negativo,its the best app that i am found so far,3,79.93
bca5a09b-51d5-4acd-b61e-ea046643939b,"Difficulty with location. Broad definition of ""local"" matches.",2.0,male,"Seoul, South Korea",2021-08-11,Negativo,difficulty with location broad definition of local matches,2,79.98
f3eee3d3-8991-435e-b503-51e664c6c5c0,Fairly typical app. Nice dark theme Recruiting friends does not reward you as promised. Makes you wonder what else they lie about. Having paid for a subscription for 3 months and being active i cleared the locals. Within 2 hours of my subscription ending suddenly the app found hundreds more profiles.,2.0,male,"Guadalajara, Mexico",2022-01-01,Negativo,fairly typical app nice dark theme recruiting friends does not reward you as promised makes you wonder what else they lie about having paid for a subscription for 3 months and being active i cleared the locals within 2 hours of my subscription ending suddenly the app found hundreds more profiles,1,96.81
05c10ed3-bd9c-474e-a31e-f4443dbe6f6a,It's a relatively great app to know yourself but terrible at interactions.. Using coins and subscriptions to chat. I don't know much but I don't like that aspect of the app.,2.0,male,"Phoenix, United States",2022-06-29,Negativo,its a relatively great app to know yourself but terrible at interactions using coins and subscriptions to chat i dont know much but i dont like that aspect of the app,3,93.69
60edeceb-e08b-4b64-9cfc-192176741f9e,Its good app but I have invited 2 peoples and they have joined and verified the profile as well but i did not get any coins for that.If Possible kindly please look into this.,2.0,male,"Toronto, Canada",2022-03-15,Negativo,its good app but i have invited 2 peoples and they have joined and verified the profile as well but i did not get any coins for thatif possible kindly please look into this,3,60.99
2dc0b5d0-502d-4c19-9dfb-1ad5b2d36479,Bots galore. An average dating app experience for a male below the top 20% of men. Zero matches or interactions with women that aren't scammers or bots. It's sad because this has so much potential and it's such a great idea.,2.0,male,"Dubai, United Arab Emirates",2021-07-30,Negativo,bots galore an average dating app experience for a male below the top 20 of men zero matches or interactions with women that arent scammers or bots its sad because this has so much potential and its such a great idea,0,96.63
1c742a11-8620-4080-8a28-0a6cbbc84891,Most disgusting aap,2.0,male,"Kumasi, Ghana",2021-09-27,Negativo,most disgusting aap,2,80.67
bb797960-ec59-48dc-bd34-652ee5f3f629,Not great disappointed.,2.0,male,"Monterrey, Mexico",2022-07-23,Negativo,not great disappointed,0,74.54
ac4720cc-b5af-4ecf-8e21-b5d0e0617799,Pooor,2.0,male,"Philadelphia, United States",2022-05-13,Negativo,pooor,0,25.0
65d7ef7e-e31d-4ddb-90c6-57c929e4efde,Bot and spammer simulator. Minimal interactions with real people from just my state let alone my local area.,2.0,male,"San Jose, United States",2022-06-06,Negativo,bot and spammer simulator minimal interactions with real people from just my state let alone my local area,2,91.69
3a1ec86d-3cbe-4090-bce5-30605b762d72,Would be better if there were more free options,2.0,male,"Santa Cruz, Bolivia",2022-12-15,Negativo,would be better if there were more free options,0,46.79
5267a7d9-ba4b-4d3f-934e-2bb392f2f2b5,Worst app.. can't even message people. Always asking for coins or subscription . Don't bother,2.0,male,"Bogotá, Colombia",2022-12-31,Negativo,worst app cant even message people always asking for coins or subscription dont bother,2,91.61
36a45b9c-7790-4fc4-8390-8eb7ad9eba3c,Asked for a rating way to early.,2.0,male,"Monterrey, Mexico",2021-12-11,Negativo,asked for a rating way to early,2,53.12
dff2d998-d315-47b7-be1d-e64ec11b9476,Amazing 👏 app,2.0,male,"Córdoba, Argentina",2022-12-02,Negativo,amazing app,1,62.21
97426413-2bcf-4d39-8400-d545724ef2c2,Too hard to handle because of so many things,2.0,male,"Phoenix, United States",2022-04-28,Negativo,too hard to handle because of so many things,2,61.95
99b5a0a8-e552-4ed8-b674-4e307d8a2a80,Too many bots,2.0,male,"Toronto, Canada",2022-07-09,Negativo,too many bots,0,42.87
e14ca54f-5b5b-4b88-bde6-dd2f3323d8de,"I paid the subscription fee for 3 months and completed the transaction but didn't get the subscription, look into it as soon as possible or i would have to take action against it, the app itself is good.",2.0,male,"Mumbai, India",2021-08-16,Negativo,i paid the subscription fee for 3 months and completed the transaction but didnt get the subscription look into it as soon as possible or i would have to take action against it the app itself is good,0,95.01
4a9d7b29-0027-45a1-9651-67b9b2f961da,Unable to chat without first verifying.,2.0,male,"San Francisco, United States",2022-02-13,Negativo,unable to chat without first verifying,3,87.27
70cd1a19-054d-4a52-aaf5-d5dc22af0c64,"Absence of active users And can't see who visited your profile for free Sending text requires coins Hence no way communication possible, if you're not paying",2.0,female,"Wellington, New Zealand",2023-01-09,Negativo,absence of active users and cant see who visited your profile for free sending text requires coins hence no way communication possible if youre not paying,3,95.63
21b7a838-af84-4987-951a-5c577b755b5f,Racist asf,2.0,male,"Adelaide, Australia",2023-01-04,Negativo,racist asf,3,62.47
c9ae8aa3-ecce-4afa-8a18-e53c44d855d5,Fine but,2.0,male,"Boston, United States",2022-02-22,Negativo,fine but,0,62.26
2412157f-bf1e-4361-8449-cd50708d5f6a,"To many dead profiles. It was not so bad until I stop paying, then dead. After I have deleted my account and uninstall app, for weeks they send me mails with ""you have a match"". Scammers!!! PS: Your respond is proof by itself you don't know what are you doing. What details you need? My review says it all, quite simple issue PS2: Now Boo is trying to get money of my card after so many time since account was deleted and subscription canceled. And they have seen this comment. This app is dead!",2.0,male,"Monterrey, Mexico",2021-11-12,Negativo,to many dead profiles it was not so bad until i stop paying then dead after i have deleted my account and uninstall app for weeks they send me mails with you have a match scammers ps your respond is proof by itself you dont know what are you doing what details you need my review says it all quite simple issue ps2 now boo is trying to get money of my card after so many time since account was deleted and subscription canceled and they have seen this comment this app is dead,3,84.47
e753b3ce-a781-4f06-9241-8e2e0081968f,I want friends hard to fine so far,2.0,female,"Queenstown, New Zealand",2023-01-16,Negativo,i want friends hard to fine so far,0,60.24
a4cc987f-3702-4ad5-ba89-beb2e56626fe,"I unfortuantly have to take stars. Since the most recent update, the app has been pretty much broken beyond being a forum through the Universe function. You get notifications of people sending you requests, but when you go to check, no new ads are available. If you try to search for those people, the search function brings up nobody. Nice app to have if you're active on the Universe. But don't hope for much with the adding people.",2.0,male,"San Diego, United States",2022-04-15,Negativo,i unfortuantly have to take stars since the most recent update the app has been pretty much broken beyond being a forum through the universe function you get notifications of people sending you requests but when you go to check no new ads are available if you try to search for those people the search function brings up nobody nice app to have if youre active on the universe but dont hope for much with the adding people,0,98.05
85371832-f0ce-4965-acf4-c540d53cfeaa,"Review after use of around month! Need improvement in app design. Hi.. Your app going boring... Please make few necessary change.. Don't not focus only earning money too fast... I want to say more.. But i can't much write here.. There is limit with 500 latter's only. So, There is need improvement with match option or facility... Match option is unlogical.. And that is one of the main thing in any dating app.. Do something guys..",2.0,female,"Brisbane, Australia",2023-01-09,Negativo,review after use of around month need improvement in app design hi your app going boring please make few necessary change dont not focus only earning money too fast i want to say more but i cant much write here there is limit with 500 latters only so there is need improvement with match option or facility match option is unlogical and that is one of the main thing in any dating app do something guys,1,98.17
2167894b-067f-4d00-9291-0a071e5ebe76,"Just started, we'll see how it goes. Update: pretty boring. Nothing special about it. You get maybe 5 swipes, and there isn't a lot of people to really match with. Don't recommend.",2.0,male,"Geneva, Switzerland",2021-07-08,Negativo,just started well see how it goes update pretty boring nothing special about it you get maybe 5 swipes and there isnt a lot of people to really match with dont recommend,2,48.1
f7852128-09f7-4c07-9ca4-2b96e65a758d,Yes Boo have put some effort into the personality tests. But whats the point of showing how many followers each person has. The average women here has 500 plus thirsty followers. The app just becomes a competition between people to see how many followers and likes they can generate.,2.0,male,"Calgary, Canada",2022-06-10,Negativo,yes boo have put some effort into the personality tests but whats the point of showing how many followers each person has the average women here has 500 plus thirsty followers the app just becomes a competition between people to see how many followers and likes they can generate,3,97.57
06369d2c-f316-48c2-9f22-6f1c7818f3f7,It's my 9th day,2.0,male,"Dallas, United States",2021-12-03,Negativo,its my 9th day,0,61.46
e3763994-5618-4092-b05f-ef7f086fe63b,"So far it's no different from any other dating app. Will update if things change, but I doubt it. Seems mostly like another sausage fest filled with bots, ghosting, and nothingness sprinkled with social media posts that are just there to inflate already inflated egos. Honestly, probably not worth it.",2.0,male,"Stockholm, Sweden",2021-06-19,Negativo,so far its no different from any other dating app will update if things change but i doubt it seems mostly like another sausage fest filled with bots ghosting and nothingness sprinkled with social media posts that are just there to inflate already inflated egos honestly probably not worth it,0,96.48
1806f4fa-5c5d-46a1-afbe-31d971d3a511,I've only started using the app. I have no information to base an opinion on. Not a fan of being asked to post a review when I'm still just starting to use the app.,2.0,male,"San Francisco, United States",2022-04-07,Negativo,ive only started using the app i have no information to base an opinion on not a fan of being asked to post a review when im still just starting to use the app,0,95.13
c140ccf3-fa56-47a8-b2a5-738db7e82178,"Decent app, but limiting the main use of your app amd keeping more uses behind a paywall is horrible. The only reason this isnt a 1 star is because its pretty good in terms of matching imo. Personality based matching is good, i justcant use it for long before i have to wait until the next day to use it again.",2.0,female,"Wellington, New Zealand",2023-01-09,Negativo,decent app but limiting the main use of your app amd keeping more uses behind a paywall is horrible the only reason this isnt a 1 star is because its pretty good in terms of matching imo personality based matching is good i justcant use it for long before i have to wait until the next day to use it again,2,69.35
fca27497-7795-4ea1-ae99-fe03fbdfe440,Idea is sound but in pratice it lacks vommunity and spams.,2.0,male,"Ottawa, Canada",2022-03-20,Negativo,idea is sound but in pratice it lacks vommunity and spams,0,74.74
6e460939-c0f6-4ed5-9136-eb8983945fa7,"Better than most but still not great.. (edit) so now after a week on it, I see its still full of repeat profiles and people only adding me to get their followers up or spam me with only fans or other sites down to 2 stars",2.0,male,"Monterrey, Mexico",2021-10-23,Negativo,better than most but still not great edit so now after a week on it i see its still full of repeat profiles and people only adding me to get their followers up or spam me with only fans or other sites down to 2 stars,0,97.03
9a0b3654-6e21-4494-bf63-15204872efee,"I like the hole personality test thing and being able to see what personality woyld clash with urs but all u do is same left and right swipe and I'm very confused as to how u make friends. The people I'm recommended don't really interest me, like I was recommended to someone that says they won't respond to hi in there bio like what does that even mean",2.0,male,"New York, United States",2022-08-12,Negativo,i like the hole personality test thing and being able to see what personality woyld clash with urs but all u do is same left and right swipe and im very confused as to how u make friends the people im recommended dont really interest me like i was recommended to someone that says they wont respond to hi in there bio like what does that even mean,1,50.37
c433fa48-5181-4471-956c-6bbc84dc0811,Hate this app!!!!,2.0,male,"Valparaíso, Chile",2022-11-26,Negativo,hate this app,3,62.14
bba1e668-ab7a-4143-9f46-ff0d60d1cfdc,Not sure,2.0,male,"Calgary, Canada",2022-09-17,Negativo,not sure,1,61.71
aa887823-f7db-490e-a665-9fa70a1a541a,"The nose verify is bs. They just want you to take a silly pic for their files. I'm not doing that, lol. I'm not a clown, thank you.",2.0,male,"Toronto, Canada",2021-11-14,Negativo,the nose verify is bs they just want you to take a silly pic for their files im not doing that lol im not a clown thank you,1,79.77
eda0159b-5caa-47cc-9d90-8185fb0e40f5,Good app,2.0,male,"New York, United States",2022-09-29,Negativo,good app,0,62.15
a7d5fe09-0aa7-46a3-87b9-e8486846bcb4,Just getting a feel for it so far,2.0,male,"Houston, United States",2022-09-28,Negativo,just getting a feel for it so far,1,79.4
1fa04c2f-7587-4925-823b-d879c359f17b,"It asked me to rate it on the first day. Haven't really done anything yet. It uses Myers Briggs types if you're into that sort of thing. Seems like any other dating app, except it shows you potential friends too, because I guess finding love wasnt hard enough. but we'll see how it goes I guess. These apps are meant to be deleted alright.",2.0,male,"Dallas, United States",2022-03-21,Negativo,it asked me to rate it on the first day havent really done anything yet it uses myers briggs types if youre into that sort of thing seems like any other dating app except it shows you potential friends too because i guess finding love wasnt hard enough but well see how it goes i guess these apps are meant to be deleted alright,1,45.62
330db289-fcd8-4da4-88a7-b510d8a3f711,Asks to rate too early,2.0,male,"San Francisco, United States",2022-09-14,Negativo,asks to rate too early,2,84.78
f9ca9f27-4df9-47a3-88cf-c39da32f3ef3,it let's you know you have reached your daily limit and then doesn't let you like the person you hit it on,2.0,male,"Birmingham, United Kingdom",2021-07-08,Negativo,it lets you know you have reached your daily limit and then doesnt let you like the person you hit it on,2,53.42
d78d921d-bb9e-41d2-8c12-0e699e7ca387,Good,2.0,male,"Chicago, United States",2021-10-18,Negativo,good,0,62.15
e57e9994-36fb-47e7-89cb-32412b05b2f4,What's it all about,2.0,male,"Tijuana, Mexico",2022-02-05,Negativo,whats it all about,1,80.71
f7f118cf-ba84-44bd-9996-7e4b57e19ced,There is hardly anyone local in a major US city and it's already filled with spam and fake accounts,2.0,male,"Arequipa, Peru",2022-12-27,Negativo,there is hardly anyone local in a major us city and its already filled with spam and fake accounts,1,92.76
40408b8d-6151-4c42-9e6c-8f7078387c70,Idk if this is a bug but I'm not getting views at all,2.0,male,"Tijuana, Mexico",2022-08-10,Negativo,idk if this is a bug but im not getting views at all,2,65.39
133d970a-7997-43e1-868f-3c84fb619e84,Still testing the waters,2.0,male,"Jacksonville, United States",2022-07-24,Negativo,still testing the waters,0,74.15
1619d7aa-3113-4250-a4bb-818505a728d1,Good,2.0,male,"San Diego, United States",2022-10-26,Negativo,good,0,62.15
469a546f-e4e1-4fa9-99a5-0ab592a9dda9,Id probably like it better if I could spend money on this.,2.0,male,"Ottawa, Canada",2022-08-26,Negativo,id probably like it better if i could spend money on this,1,83.94
59aafdb1-30b7-48fe-b28e-90c6cf9b9e99,I have made a purchase of neurons and it was successful but neurons are not showing up in my account,2.0,male,"Munich, Germany",2021-07-24,Negativo,i have made a purchase of neurons and it was successful but neurons are not showing up in my account,1,91.36
6709dd07-b8b3-40c5-b2bf-e0de132d061c,Haven't used yet,2.0,male,"Medellín, Colombia",2022-12-06,Negativo,havent used yet,1,74.31
e889e6c8-fd61-437a-844a-11b2cf4ee32c,Good,2.0,male,"Quebec City, Canada",2022-09-19,Negativo,good,0,62.15
d4d25639-f2de-4bf0-9cd6-828023407856,"I have been trying to verify my profile @Flyrico .. It's not working, I've snapped multiple photos,it's not working, and i just made a subscription, if this continues I might have to seek for a refund.",2.0,male,"Quebec City, Canada",2021-10-24,Negativo,i have been trying to verify my profile flyrico its not working ive snapped multiple photosits not working and i just made a subscription if this continues i might have to seek for a refund,1,61.36
add488e0-1b9f-4491-a8d7-412305133588,Just started,2.0,male,"Jacksonville, United States",2022-06-10,Negativo,just started,3,62.1
27280ab4-271a-4a99-b4a4-81396303ce09,Good so far,2.0,male,"Cancun, Mexico",2022-03-16,Negativo,good so far,0,74.52
3b70cb7d-dbc5-400e-9423-0e0e30aaf91a,Not the best experience. nit found many members near me,2.0,male,"Berlin, Germany",2021-07-04,Negativo,not the best experience nit found many members near me,3,88.8
92a3e3c1-a6d1-430a-ba01-0cba816b1a23,Not a single like even though my profile was completed,2.0,male,"Monterrey, Mexico",2022-10-13,Negativo,not a single like even though my profile was completed,3,86.51
32a5b78b-1717-454c-ba82-407e579cb0ef,I haven't used it yet so u I can't say anything on the matter,2.0,male,"Cancun, Mexico",2022-01-10,Negativo,i havent used it yet so u i cant say anything on the matter,1,88.99
e05005f2-4701-4c64-90d9-b60ccbce10e8,"Stopped working. After review, no notifications. No new posts. Just died.",2.0,male,"Calgary, Canada",2022-06-30,Negativo,stopped working after review no notifications no new posts just died,0,48.75
7e49123e-7028-40c8-9a1b-c403c2df32cf,"The idea behind the app is nice and it works pretty well. Problem is the amount of fake profiles that keep liking me. You can report them and that system seems to work, but it's just too annoying",2.0,male,"Washington DC, United States",2022-10-24,Negativo,the idea behind the app is nice and it works pretty well problem is the amount of fake profiles that keep liking me you can report them and that system seems to work but its just too annoying,0,96.02
37f28166-4caf-4c59-84df-a4994ece2348,Good so far,2.0,male,"Córdoba, Argentina",2022-12-29,Negativo,good so far,0,74.52
573fec52-4e6a-4983-962c-22cee7d01b8a,It's and okay app but I guess better than tinder.,2.0,male,"New York, United States",2022-04-30,Negativo,its and okay app but i guess better than tinder,1,84.47
7a732479-96d9-45bd-a2a7-a51b94ddd81f,Its a paid App no free trails,2.0,male,"Mexico City, Mexico",2022-03-14,Negativo,its a paid app no free trails,1,74.28
fd5c10d4-8574-42b8-a8ab-c50f1834e819,Not satisfied/lacking potential men,2.0,male,"Lyon, France",2021-06-22,Negativo,not satisfiedlacking potential men,0,74.35
25ae1391-58c1-4ed5-8bba-d6f87d528057,"Interesting so far, but only pulls a few ""souls"" in my area when a minor detail is changed in the filters.",2.0,male,"Beijing, China",2021-08-23,Negativo,interesting so far but only pulls a few souls in my area when a minor detail is changed in the filters,0,92.17
a989ac5f-34b9-4a35-bdb4-683073d81f6e,Waste app you don't send message anyone.this app in not complete nose challange,2.0,male,"Boston, United States",2022-08-28,Negativo,waste app you dont send message anyonethis app in not complete nose challange,1,84.8
34ce936e-3a41-4281-bf0b-770b3dc5061e,I bought 3 months subscription but verifying account nose challenge feature does not work it always fails 🥲,2.0,male,"Harare, Zimbabwe",2021-10-05,Negativo,i bought 3 months subscription but verifying account nose challenge feature does not work it always fails,1,48.41
c74fb21f-0fa8-4316-95f0-1aa7d6a4ee85,Good,2.0,male,"Jacksonville, United States",2022-04-30,Negativo,good,0,62.15
67493c73-072c-43b3-9abb-22fd66f2e613,It's good though you have to pay,2.0,male,"Abuja, Nigeria",2021-09-25,Negativo,its good though you have to pay,2,57.47
fece0b8b-fc0a-44e5-8572-379515f0cea2,So far it's like the other apps,2.0,male,"Seattle, United States",2022-10-08,Negativo,so far its like the other apps,1,61.24
d881c024-8728-45a0-a73b-9878ad74e705,It fake,2.0,male,"Philadelphia, United States",2021-10-21,Negativo,it fake,2,60.94
7236b98e-0500-4bac-bc2f-48af1ad4702c,Meh,2.0,male,"Houston, United States",2022-09-24,Negativo,meh,0,62.34
10b577a9-1d5f-4799-aa6f-68f72d260b0f,People here asks for chatting but honestly nobody chats,2.0,male,"Jacksonville, United States",2022-03-11,Negativo,people here asks for chatting but honestly nobody chats,0,90.37
dd66373b-ff72-494b-8568-aa555c6e682d,"It was great but there's so many bots and fake accounts that lead you to their snap which is them promoting their ""private content""",2.0,male,"Denver, United States",2022-09-11,Negativo,it was great but theres so many bots and fake accounts that lead you to their snap which is them promoting their private content,0,94.31
30f62f83-be59-412a-828d-d306ac5406d5,Good,2.0,male,"San Francisco, United States",2022-01-19,Negativo,good,0,62.15
b0fc002c-eeea-4028-826e-dfb9fc653728,Not sure yet only doin this for tokens lol,2.0,female,"Melbourne, Australia",2023-01-19,Negativo,not sure yet only doin this for tokens lol,1,84.46
93dadc4e-125a-473b-80c3-96c09ab40804,"I paid for 3 months, and I honestly regret it. Matches are mostly from overseas, with very few local. I have not met anyone in person from this app to date. I try to message people, but little to no response (except for girls asking you to visit their ""other"" sites). If any of this changes before my 3 months is over, I will gladly update my review. But for now, very unsatisfied. Btw, I couldn't do anything unless I paid. Literally anything was behind some sort of paywall limitations.",2.0,male,"Ottawa, Canada",2022-04-15,Negativo,i paid for 3 months and i honestly regret it matches are mostly from overseas with very few local i have not met anyone in person from this app to date i try to message people but little to no response except for girls asking you to visit their other sites if any of this changes before my 3 months is over i will gladly update my review but for now very unsatisfied btw i couldnt do anything unless i paid literally anything was behind some sort of paywall limitations,0,49.99
74f6d093-476d-4fdb-9370-11be06543055,It work well not much annoying.. You really can find friends but problm is people ig. But it really good you should try.. Worth a try better in market.,2.0,male,"Washington DC, United States",2022-02-16,Negativo,it work well not much annoying you really can find friends but problm is people ig but it really good you should try worth a try better in market,0,95.34
cf74a682-6952-4235-b704-931d1088f374,Nice,2.0,male,"Monterrey, Mexico",2022-02-21,Negativo,nice,0,62.17
93addf96-65ba-4e6a-92ac-f7bf23668000,It's ok but it's not free,2.0,male,"Toronto, Canada",2021-12-17,Negativo,its ok but its not free,1,61.05
0f58cae8-b925-4277-9867-1dc64a1ef844,Over priced,2.0,male,"Houston, United States",2022-07-26,Negativo,over priced,2,61.57
0f9a1eec-987a-4651-b9ca-001dd8a02e14,"The idea of using the app to earn coins is really interesting yet the app is still not delivering on its own promise. As much as the app advertises of not being a game of likes and matches like other dating apps, it still is very much the same. Even after unlocking the pay wall, I haven't met any one... Will not recommend using this app.",2.0,male,"Rabat, Morocco",2021-09-29,Negativo,the idea of using the app to earn coins is really interesting yet the app is still not delivering on its own promise as much as the app advertises of not being a game of likes and matches like other dating apps it still is very much the same even after unlocking the pay wall i havent met any one will not recommend using this app,2,97.42
9cf862bf-022b-4470-8379-4013a887c6b1,Good,2.0,male,"Marrakesh, Morocco",2021-09-17,Negativo,good,0,62.15
1f4b717d-90e5-4076-a698-8607303b995b,Pictures take too long to download,2.0,female,"Wellington, New Zealand",2023-01-18,Negativo,pictures take too long to download,2,86.83
e2edd414-3943-4304-9f6d-21c858d2a3d4,Zero matches and it's expensive. Not a bad concept but there aren't enough people using the app to make it worth it.,2.0,male,"Austin, United States",2021-10-21,Negativo,zero matches and its expensive not a bad concept but there arent enough people using the app to make it worth it,0,79.55
a5f27f04-85f7-4284-8a42-0cb1b136931c,Limited time to explore the app and search for potential matches.,2.0,male,"Guadalajara, Mexico",2022-10-18,Negativo,limited time to explore the app and search for potential matches,1,88.88
a9751a97-55c6-4d65-b54d-181930aee834,Never met a single person,2.0,male,"Tokyo, Japan",2021-08-05,Negativo,never met a single person,3,84.01
b4b239ed-b193-48bb-9c1a-136da74b2aaf,Aight,2.0,male,"Vancouver, Canada",2022-06-10,Negativo,aight,0,25.0
af56fd77-0015-44e5-8125-258d5c97ca15,Aids,2.0,male,"Tel Aviv, Israel",2021-08-19,Negativo,aids,0,25.0
823779c9-4934-4f47-9106-639fd90309c5,Could be better,2.0,male,"Jacksonville, United States",2022-01-20,Negativo,could be better,1,74.57
e9772f5c-6b64-49f6-b80c-44e846870ae9,"Unable to get myself verified. What is wrong with this app, I am unable to get myself verified and when I tried to contact the team they are not responding. Not a good experience.",2.0,male,"Ottawa, Canada",2022-01-04,Negativo,unable to get myself verified what is wrong with this app i am unable to get myself verified and when i tried to contact the team they are not responding not a good experience,3,62.61
0cfe2862-9098-4675-b13e-d573e4f42e79,Nothing much happen yet,2.0,male,"San Francisco, United States",2022-06-21,Negativo,nothing much happen yet,0,80.28
fbf8ab96-9f07-4a15-a37b-e808ed490ef1,"Red Flag/Temporary Ban JUST for any # less than 18 thanks to a very stupid algorithm. I gave 2 stars instead of 1 only because customer service has been very quick to help me get out of ""the Shadow Realm"" SEVERAL TIMES THIS MONTH.",2.0,male,"Copenhagen, Denmark",2021-06-19,Negativo,red flagtemporary ban just for any less than 18 thanks to a very stupid algorithm i gave 2 stars instead of 1 only because customer service has been very quick to help me get out of the shadow realm several times this month,0,87.95
f034d489-21bf-462b-af4a-abda55f2e615,"The personality test is unique, and I like the attempt the software makes. However, I have to rate the experience as low, since it's plagued with snapchqt / Instagram fakes looking for money and attention as usual. Haven't met anyone real on the app. I would suggest they ban anyone with snap / Instagram in any of their profile, messages, posts, images, etc. and the people left on the app would be real.",2.0,male,"San Diego, United States",2021-11-30,Negativo,the personality test is unique and i like the attempt the software makes however i have to rate the experience as low since its plagued with snapchqt instagram fakes looking for money and attention as usual havent met anyone real on the app i would suggest they ban anyone with snap instagram in any of their profile messages posts images etc and the people left on the app would be real,0,97.81
e5997ece-7fb1-45e9-9318-36346bd0d962,"I recently got on the app again, but all they want is you to pay to see matches",2.0,male,"Los Angeles, United States",2022-09-18,Negativo,i recently got on the app again but all they want is you to pay to see matches,1,64.95
ed0f511c-d4e0-4166-9031-8b9287412364,Nobody swipes on me,2.0,male,"Dallas, United States",2022-09-17,Negativo,nobody swipes on me,0,74.76
36dcdc3c-6ebb-4d47-9192-88282a0e30fc,Not interesting at all,2.0,male,"Mexico City, Mexico",2022-10-05,Negativo,not interesting at all,1,74.18
6e81998a-694f-4b2d-bfd1-d828636b55c0,"I am using this app for 2-3 days now, I subscribed for better experience but it got cancelled and my money got debited due to error in the app. Hope you you will resolve it and give me my money back",2.0,male,"Quebec City, Canada",2022-05-30,Negativo,i am using this app for 23 days now i subscribed for better experience but it got cancelled and my money got debited due to error in the app hope you you will resolve it and give me my money back,1,72.63
efe303e9-06e7-4e70-92b5-f327472f1093,No bad so far,2.0,male,"Seattle, United States",2022-09-14,Negativo,no bad so far,3,73.78
c0b5e7f7-c6da-4311-9c0c-c5e2673172cd,"Currently full of Snapchat scammers, hence bad rating. Generally great idea for friends and dating if you are into personality types.",2.0,male,"San Jose, United States",2022-03-05,Negativo,currently full of snapchat scammers hence bad rating generally great idea for friends and dating if you are into personality types,3,94.71
376893d6-a7f9-4de3-999e-978b9c638b7c,Either there's no users in my area or this app is dead,2.0,male,"Boston, United States",2021-12-23,Negativo,either theres no users in my area or this app is dead,3,87.25
8d3bfab8-7ca3-4072-8bf7-ae6fe20e919e,Idk,2.0,male,"San Antonio, United States",2022-10-19,Negativo,idk,2,62.41
ca88a4d0-5956-4562-be00-24fa84418fa4,"Meh not many people or its alot of fakes the range seems out of my range that I set for miles , doesn't seem like the apps working",2.0,male,"Quebec City, Canada",2022-02-11,Negativo,meh not many people or its alot of fakes the range seems out of my range that i set for miles doesnt seem like the apps working,3,50.09
1ffd9436-c926-41e1-bcc4-83fe628c2569,Bots,2.0,male,"Tokyo, Japan",2021-09-04,Negativo,bots,0,62.04
144eda7c-bbd3-40cf-b90c-852fff914e2a,Not the best for real connections,2.0,female,"Perth, Australia",2023-01-13,Negativo,not the best for real connections,0,80.84
2062be8f-2934-4687-b895-a961a0059482,Good,2.0,male,"Guangzhou, China",2021-09-02,Negativo,good,0,62.15
ba6ca05d-5ac6-48fc-af7e-1f7e6e0956fc,Paid app,2.0,male,"Vancouver, Canada",2022-09-22,Negativo,paid app,1,61.42
fb35ff57-c119-4cc6-a659-c086b2f8455d,Not so far received any reply from any account,2.0,male,"Quebec City, Canada",2021-10-20,Negativo,not so far received any reply from any account,1,90.14
ae81f3da-8f9a-4c57-8462-32503ee8daef,Very very glitchy,2.0,male,"Ottawa, Canada",2022-11-16,Negativo,very very glitchy,0,74.23
e9b5ba0d-6052-4285-9114-2668a7ee6709,"Same problem like other apps,,,",2.0,male,"Ottawa, Canada",2022-06-28,Negativo,same problem like other apps,1,80.86
8ccc7e8e-18ac-4ef5-bead-04609ea34027,"After using for a month, I find the app is garbage. Most of the profiles are fake, and the app itself is a cash grab. Pay to message, pay to see matches, pay ,pay pay. Not worth the hassle or the water of time to set up the profile",2.0,female,"Gold Coast, Australia",2023-01-06,Negativo,after using for a month i find the app is garbage most of the profiles are fake and the app itself is a cash grab pay to message pay to see matches pay pay pay not worth the hassle or the water of time to set up the profile,2,96.49
dba9aefc-a344-44cb-8004-6bbe5c1a78a5,Me parece lo mismo que el resto,2.0,male,"New York, United States",2022-06-15,Negativo,me parece lo mismo que el resto,3,62.47
4dd6ea4f-2ab8-4bd6-ab09-baf50e727565,"I'm just doing this for coins, the app is pretty mediocre. And you can only match with a few people. Sucks",2.0,male,"Quebec City, Canada",2022-11-06,Negativo,im just doing this for coins the app is pretty mediocre and you can only match with a few people sucks,3,91.87
ef7fa334-8d4d-4617-b1bd-f21fce0d1ddb,"Honestly, not for me..",2.0,male,"Chicago, United States",2022-04-11,Negativo,honestly not for me,0,61.59
dcbc6b5a-98a0-4e2b-a08f-2b01f31af2b9,I'm trying it out than will come and say more,2.0,male,"Asunción, Paraguay",2022-12-05,Negativo,im trying it out than will come and say more,2,89.92
e54567d9-9b06-4836-91d2-4761162d8085,It really good,2.0,male,"Vancouver, Canada",2022-02-18,Negativo,it really good,0,73.94
18d2b31d-80b4-4cdd-9982-a62ec7765f6d,Only just started using it.,2.0,male,"La Paz, Bolivia",2022-12-28,Negativo,only just started using it,0,74.39
babde0d7-8375-46f8-9d54-df079249bc09,"Not getting anyone and also asking money , use less",2.0,male,"Phoenix, United States",2022-07-11,Negativo,not getting anyone and also asking money use less,0,53.28
e8380bcd-d1ce-48f3-bec7-386d48a29277,Cool,2.0,male,"Medellín, Colombia",2022-12-23,Negativo,cool,3,62.49
1d8cafa1-aa9a-4833-9637-5986bf14ba70,New,2.0,male,"Budapest, Hungary",2021-07-12,Negativo,new,1,61.04
bc02a0cd-b8a1-46b6-b3d0-7c198465d470,Every action requires coins. Can't do much without paying.,2.0,male,"Guadalajara, Mexico",2022-01-22,Negativo,every action requires coins cant do much without paying,3,90.17
ba988f7b-a040-48c2-844c-660aee2f5827,I'm still figuring this app out but it really needs a distance filter. 40 miles is basically long distance to me. That's not something I'm looking for. Seems like an interesting app though.,2.0,male,"Asunción, Paraguay",2022-12-12,Negativo,im still figuring this app out but it really needs a distance filter 40 miles is basically long distance to me thats not something im looking for seems like an interesting app though,0,52.52
b23cce31-72f9-46cc-b44f-91ea6ca6de32,blah,2.0,male,"San Francisco, United States",2021-11-25,Negativo,blah,0,25.0
10dcfbf4-4503-4bba-a2b8-8261ca7629cb,Ehh,2.0,male,"Monterrey, Mexico",2022-05-10,Negativo,ehh,2,62.47
cc56cceb-b437-4344-ab60-a47972369a41,Seems ok,2.0,male,"Mexico City, Mexico",2022-02-24,Negativo,seems ok,0,61.72
35022b43-5062-4832-ad98-8caa7ff7e101,Seem like the rest of them say thier free but ask you to pay for stuff*,2.0,male,"Copenhagen, Denmark",2021-06-22,Negativo,seem like the rest of them say thier free but ask you to pay for stuff,1,90.21
fa97e60b-ea45-4d10-844d-a1c23bfd1f1c,No matches,2.0,male,"Glasgow, United Kingdom",2021-07-11,Negativo,no matches,1,59.91
910238bb-1d1c-49f2-a780-acafdf714f05,Literally same as any other dating apps. Just allows you to filter for free,2.0,male,"Cancun, Mexico",2022-04-08,Negativo,literally same as any other dating apps just allows you to filter for free,1,88.78
2351cbf7-039f-4127-a0b0-fbdbbf652f57,No one messages,2.0,male,"Seattle, United States",2022-01-30,Negativo,no one messages,2,73.32
b64de074-3028-410e-83e2-e20f3aed9a39,Good.,2.0,male,"Quito, Ecuador",2022-12-04,Negativo,good,0,62.15
5880b8e1-bd86-4fe8-b968-5b952fadb3a5,"After about 10 swipes you're cut off for the day unless you pay. That's got to be one of the most greedy dating apps I've seen yet, can't even scroll. Functionality it is not that intuitive. For positives I like that they built a community board for posts, many features for filtering preferences. But ultimately you pay for everything or the app is unuseable",2.0,male,"Seattle, United States",2021-12-31,Negativo,after about 10 swipes youre cut off for the day unless you pay thats got to be one of the most greedy dating apps ive seen yet cant even scroll functionality it is not that intuitive for positives i like that they built a community board for posts many features for filtering preferences but ultimately you pay for everything or the app is unuseable,2,79.45
9e04f625-c814-4af1-b5a7-4759e58473f0,not even logged on already rating?,2.0,male,"Accra, Ghana",2021-09-19,Negativo,not even logged on already rating,3,84.51
7d56a6ad-b0b5-4e93-ab13-99af918d357c,"They portrayed it like it is a really different dating app compared to the rest, but in reality, it is just like the other ones.. No special efforts from the team to help us get genuine matches.. But overall I wouldn't say it is bad.. Decent experience, sort of similar to the other popular dating apps..",2.0,male,"Karachi, Pakistan",2021-08-27,Negativo,they portrayed it like it is a really different dating app compared to the rest but in reality it is just like the other ones no special efforts from the team to help us get genuine matches but overall i wouldnt say it is bad decent experience sort of similar to the other popular dating apps,1,96.85
f348b1d8-b2d3-4ebf-ae6b-efb06da39b84,Good so far I'll update when I get more info...or a date 😂,2.0,male,"Guadalajara, Mexico",2022-02-19,Negativo,good so far ill update when i get more infoor a date,0,91.28
81ce08ef-e983-4846-a0b6-fbdf5ecf39e8,Gihih,2.0,female,"Wellington, New Zealand",2023-01-31,Negativo,gihih,0,25.0
2f421444-08be-40de-bac0-ef19fc2ec055,Good app,2.0,male,"Buenos Aires, Argentina",2022-12-09,Negativo,good app,0,62.15
63f8721f-df46-4032-8abf-c20408c7f75b,"Interesting idea, but it's crazy that ""don't likes"" count toward your total of swipes VS only likes counting (like every other app)",2.0,male,"Quebec City, Canada",2022-05-05,Negativo,interesting idea but its crazy that dont likes count toward your total of swipes vs only likes counting like every other app,0,92.75
5f3f243a-c439-4962-a692-3e90a89e0d06,Good,2.0,male,"Houston, United States",2022-04-26,Negativo,good,0,62.15
f1f42851-7262-49d3-88b2-4f17e296cb1b,"The reason is, in order to match anyone from the dating app, it will ask you to pay for some amount.",2.0,male,"San Diego, United States",2022-06-26,Negativo,the reason is in order to match anyone from the dating app it will ask you to pay for some amount,2,48.2
3977cf92-eefe-4211-a0e7-3ef6dab41536,It lies saying it's different but it isn't. You still have to pay and you still get judged by looks as well as your personality. But at least I know why I think I'm a terrible person. Bc even my personality profile made me look like a loser.,2.0,male,"Tijuana, Mexico",2022-09-07,Negativo,it lies saying its different but it isnt you still have to pay and you still get judged by looks as well as your personality but at least i know why i think im a terrible person bc even my personality profile made me look like a loser,2,55.91
eb5433f2-14c9-41ae-9303-8cce1f78b33a,Do not pay for this app. It's not worth $5. The quality of matches is bad because it's based on the personality questionnaire. There are not enough people in my metro area to match with. The app provides profiles of people in other states.,2.0,male,"Paris, France",2021-07-20,Negativo,do not pay for this app its not worth 5 the quality of matches is bad because its based on the personality questionnaire there are not enough people in my metro area to match with the app provides profiles of people in other states,3,93.21
c33dc451-0749-4a6d-b550-0157b197f792,Not great,2.0,male,"Nadi, Fiji",2023-01-03,Negativo,not great,0,61.77
75a8d03d-1b26-439e-9444-2ca80f4381a8,Not sure yet,2.0,male,"Bogotá, Colombia",2022-11-26,Negativo,not sure yet,1,74.55
fb197a5e-96f2-4feb-a421-8c954824afe9,No one reply it's bot app,2.0,male,"Montreal, Canada",2022-03-25,Negativo,no one reply its bot app,1,80.49
bf7c0939-4a2a-4762-8e8f-d0eaa0683ae8,Might be good for sometime,2.0,male,"San Diego, United States",2022-01-06,Negativo,might be good for sometime,0,73.97
f61742b9-1e4e-4a18-a8c3-489e83956eed,Good but not free,2.0,male,"Denver, United States",2022-05-02,Negativo,good but not free,0,72.35
448bb989-7cdf-49fe-9423-59fe52a48c9b,"It's ok. Legit users, but it should be free and have ads.",2.0,male,"Chicago, United States",2022-04-16,Negativo,its ok legit users but it should be free and have ads,2,83.85
cc5bdd1f-2217-4584-adcc-74cc65b7683d,"Unimpressed... It expressed being different and that it's ""not a beauty contest"" like other apps because of the profile pictures. This is misleading. Not what I expected.",2.0,male,"Quebec City, Canada",2021-12-25,Negativo,unimpressed it expressed being different and that its not a beauty contest like other apps because of the profile pictures this is misleading not what i expected,1,93.5
158e4275-3e23-42e7-9aa9-2ff4bac0a307,Not good,2.0,male,"Doha, Qatar",2021-08-31,Negativo,not good,0,62.15
59d55489-ed7d-4f5d-bb7e-7716b964d103,It's hard to find people with my interests some how and I can't seem to find people that live in my state,2.0,male,"Vancouver, Canada",2022-08-28,Negativo,its hard to find people with my interests some how and i cant seem to find people that live in my state,3,94.06
7e195171-3262-49d6-833a-c6e654f7ec1d,It's decent but trying to find people in your area is a lost cause,2.0,male,"La Paz, Bolivia",2022-12-05,Negativo,its decent but trying to find people in your area is a lost cause,3,90.23
077bc5a6-e172-46ab-90b7-0e435055fd6f,I rate this app because it's nice app,2.0,male,"San Antonio, United States",2022-07-13,Negativo,i rate this app because its nice app,2,48.35
f6c8a485-e6e7-4cd5-9130-40078ffd07c3,I would have rated it 5 star because I live the concept but I couldn't pass the nose test to be able to be verified T-T,2.0,male,"Monterrey, Mexico",2021-12-08,Negativo,i would have rated it 5 star because i live the concept but i couldnt pass the nose test to be able to be verified tt,3,56.43
2554537a-59b5-4f47-a94a-96f9b64443f5,"Barely different from any other dating app. You gotta pay to get seen and to see who's seen you. The only major differences are that this app makes you take a personality quiz and there's almost no one using it. With all filters off, there are maybe 100 users in my entire state. UPDATE: You can't unsubscribe from the emails they send you. Trying to sends you to the app where they beg you to enable visibility and pay for Boo Infinity.",2.0,male,"Calgary, Canada",2022-03-07,Negativo,barely different from any other dating app you gotta pay to get seen and to see whos seen you the only major differences are that this app makes you take a personality quiz and theres almost no one using it with all filters off there are maybe 100 users in my entire state update you cant unsubscribe from the emails they send you trying to sends you to the app where they beg you to enable visibility and pay for boo infinity,2,98.13
c5cb8b4a-15df-4a35-99da-06f3d4d2b859,"It's okay but there's so much fluff. Like what is this app trying to be. Also, left swipes shouldn't count towards your daily limit. @Boo dude, I'm not sending you screenshots of me swiping not interested and then hitting the limit. Your system is designed like that. Left swipes should not count on the limit. I shouldn't have to wait a day to say Not Interested.",2.0,male,"Casablanca, Morocco",2021-10-07,Negativo,its okay but theres so much fluff like what is this app trying to be also left swipes shouldnt count towards your daily limit boo dude im not sending you screenshots of me swiping not interested and then hitting the limit your system is designed like that left swipes should not count on the limit i shouldnt have to wait a day to say not interested,0,97.83
eca4980c-40e5-4cf0-a178-4265cd9e18c2,I really like how the app works but the user count is so low and it's FILLED with bots. I get like 3 a day and two of them normally disappear before I can even check their profile.,2.0,male,"Christchurch, New Zealand",2023-01-02,Negativo,i really like how the app works but the user count is so low and its filled with bots i get like 3 a day and two of them normally disappear before i can even check their profile,2,95.99
17325871-8d49-4dd9-9837-8935077d150e,"Appalling app, it finds people outside of my area (live in Wales and it shows people in England) considering I've filtered it to within 5 miles of my area...it only finds people once my daily limit gas reached...so there's a pay wall to find people in my area! SWIPE LEFT FOR THIS APP, it's a scam!",2.0,male,"Austin, United States",2021-11-14,Negativo,appalling app it finds people outside of my area live in wales and it shows people in england considering ive filtered it to within 5 miles of my areait only finds people once my daily limit gas reachedso theres a pay wall to find people in my area swipe left for this app its a scam,3,96.52
a273e204-a488-499a-907c-d588e984694f,Most people are not very responsive if they respond at all,2.0,male,"New York, United States",2022-01-15,Negativo,most people are not very responsive if they respond at all,3,88.79
463b5123-7f6a-4f5d-ae1d-8c9098d70425,Not liading,2.0,male,"Los Angeles, United States",2022-07-12,Negativo,not liading,0,25.0
deb8de08-2c2c-4920-bdc1-772a3abdc8ec,"There are too many catfish attempts. Very seldom would i get a like that wasn't a cat fish. On an app designed to reduce toxicity in modern dating, I think only having scam attempts like your profile is itself toxic",2.0,male,"Austin, United States",2022-09-03,Negativo,there are too many catfish attempts very seldom would i get a like that wasnt a cat fish on an app designed to reduce toxicity in modern dating i think only having scam attempts like your profile is itself toxic,2,96.26
9a287b8a-86c0-437e-b9e3-099bba26700e,"Too many bugs, most of the time it wont open, and sometimes messages wont send and you cant read previous messages",2.0,male,"Montreal, Canada",2022-03-15,Negativo,too many bugs most of the time it wont open and sometimes messages wont send and you cant read previous messages,1,40.78
5ddf4356-8139-42ce-9071-69252cbf0381,Nice 👍,2.0,male,"Rabat, Morocco",2021-09-07,Negativo,nice,0,62.17
58881f2e-91f6-451a-bb90-9f960cebb506,Good app but average,2.0,male,"Boston, United States",2022-02-18,Negativo,good app but average,0,74.75
9c7fa9b6-d671-4eab-9caf-f2efa840cb70,"I had a disappointing experience with the app. Despite using premium features, the response rate was poor, with many messages going unanswered. A significant number of profiles seemed fake, impacting the overall quality of the app. Unfortunately, based on my experience, I don't recommend this app for those seeking a positive and genuine online dating experience.",2.0,male,"Chicago, United States",2022-10-22,Negativo,i had a disappointing experience with the app despite using premium features the response rate was poor with many messages going unanswered a significant number of profiles seemed fake impacting the overall quality of the app unfortunately based on my experience i dont recommend this app for those seeking a positive and genuine online dating experience,2,97.42
79e6def3-ba8b-456c-8924-fc60c26a7aaa,Has a good premise I'm just being flooded with bots I feel like,2.0,male,"Philadelphia, United States",2021-12-02,Negativo,has a good premise im just being flooded with bots i feel like,0,90.26
f07685b3-6455-48e5-a147-878f1da30f82,Only been on it 5 minutes and already being asked to review. Still lots more to experience,2.0,male,"Monterrey, Mexico",2022-02-18,Negativo,only been on it 5 minutes and already being asked to review still lots more to experience,2,77.06
3aea9129-83af-43fb-92c6-b543eaf9797b,"There is so much right with this app that I can't give the normal 1 star review. Sadly, like all the others it claims to be free, but has yet to let me see or respond to ANYONE and demanding payment. Additional, to demand a paid version and also spam with in app advertising is just horrible money hungering and terrible customer aervice.",2.0,male,"Guadalajara, Mexico",2021-11-28,Negativo,there is so much right with this app that i cant give the normal 1 star review sadly like all the others it claims to be free but has yet to let me see or respond to anyone and demanding payment additional to demand a paid version and also spam with in app advertising is just horrible money hungering and terrible customer aervice,1,97.38
46dde7cc-75e9-4845-8814-2851fd4cde26,Still figuring it out,2.0,male,"San Diego, United States",2022-01-25,Negativo,still figuring it out,2,80.7
e4cbaeb0-236b-448a-8214-4d350713822f,Still exploring unsure right now,2.0,male,"Toronto, Canada",2022-01-05,Negativo,still exploring unsure right now,1,57.51
44d6a105-3710-401d-8451-6a268e358b0d,Notngod,2.0,male,"Philadelphia, United States",2022-04-01,Negativo,notngod,0,25.0
2902320f-e71c-4feb-92fa-59fc74856c99,"Review... Done. People that are on mobile and are data sensitive PLEASE READ! (Added: Honestly, I have no idea what Boo does while the app is running. It's DEFINITELY a data drainer!!! I'm talking about GBs of data usage!! I'm only on few times a day, 15-30 min at the most. Usually only 30 sec to couple min to answer msg's. I've only joined for 1 1/2 to 2 wks. Profile can't use up that much on matching. Other than that it's not bad. AI needs some training... Local then outward on matching.",2.0,male,"Austin, United States",2022-10-29,Negativo,review done people that are on mobile and are data sensitive please read added honestly i have no idea what boo does while the app is running its definitely a data drainer im talking about gbs of data usage im only on few times a day 1530 min at the most usually only 30 sec to couple min to answer msgs ive only joined for 1 12 to 2 wks profile cant use up that much on matching other than that its not bad ai needs some training local then outward on matching,0,87.15
42b8d314-2e0f-471c-a7fa-e69f8bba23c0,"Decent app, good functionality, but eneagrams and 16 personality types aren't really ""science"", they're just fancy personality quizzes. Even the in-depth questionnaire is like 10 questions. Also went through all 20ish people in my city already and now it's showing me people in another country, so it doesn't feel worth the time unless you're in a large urban center.",2.0,male,"Seattle, United States",2022-10-22,Negativo,decent app good functionality but eneagrams and 16 personality types arent really science theyre just fancy personality quizzes even the indepth questionnaire is like 10 questions also went through all 20ish people in my city already and now its showing me people in another country so it doesnt feel worth the time unless youre in a large urban center,3,97.63
4817a7f8-da2f-44ba-8bde-3f20c9db78f8,"App was great at first but lately it seems to be filled with either bots, or girls trying to get you to subscribe to their onlyfans... Be aware if you see a profile with ""look at my stories"" you can assume theyre trying to sell you nudes. This is preying on lonely men 100%. Its pretty disheartening for a guy just looking to make connections when every person on the app is either fake, or trying to sell me photos and videos. Is there a single app left to meet real people for real things???",2.0,male,"Casablanca, Morocco",2021-09-28,Negativo,app was great at first but lately it seems to be filled with either bots or girls trying to get you to subscribe to their onlyfans be aware if you see a profile with look at my stories you can assume theyre trying to sell you nudes this is preying on lonely men 100 its pretty disheartening for a guy just looking to make connections when every person on the app is either fake or trying to sell me photos and videos is there a single app left to meet real people for real things,3,42.79
61c76942-8985-42ab-b9d4-a1270df472df,Bakvas,2.0,male,"Monterrey, Mexico",2022-01-10,Negativo,bakvas,0,25.0
1223abf6-e93a-4ced-83e1-3668afe250de,"This app is fake, they are not veryfying my picture. I cant send messages and am not receiving any messages. Whats the problem verrify my phots please",2.0,male,"Houston, United States",2022-08-01,Negativo,this app is fake they are not veryfying my picture i cant send messages and am not receiving any messages whats the problem verrify my phots please,1,92.98
9a3f5224-a896-4e48-b025-ec2ba35ae9fc,Good but can be better... Need an Omegle like random video call feature...,2.0,male,"Philadelphia, United States",2022-09-03,Negativo,good but can be better need an omegle like random video call feature,3,90.79
2831bd0f-c4f2-49fa-a4e1-a04c23b544cd,"Can't specify an area to look in. I really want to find someone local. But in the search ""local"" is showing people hundreds of miles away!",2.0,male,"Guadalajara, Mexico",2022-09-03,Negativo,cant specify an area to look in i really want to find someone local but in the search local is showing people hundreds of miles away,3,95.33
e39f0241-4f09-4944-9503-b3079182867b,Only giving 2 stars because it is a global site. Not into anything that long distance,2.0,male,"San Diego, United States",2021-10-25,Negativo,only giving 2 stars because it is a global site not into anything that long distance,3,44.91
b3242dfb-e159-4858-9a89-271c489e31bc,They did me dirty on my profile with 100% introvert rating and made me sound like the most easily irritating person with wanting absolutely no contact with people but at the same time in desperate need for it. It's like oh... You wanna be on our dating app? Take this AI based assignment test and whatever. I signed up last night and only got 1 view so far... It's fine though I know ain't nobody wants me in this world and honestly I just joined out of solidarity for me friend who showed this 2 me.,2.0,male,"San Francisco, United States",2021-10-29,Negativo,they did me dirty on my profile with 100 introvert rating and made me sound like the most easily irritating person with wanting absolutely no contact with people but at the same time in desperate need for it its like oh you wanna be on our dating app take this ai based assignment test and whatever i signed up last night and only got 1 view so far its fine though i know aint nobody wants me in this world and honestly i just joined out of solidarity for me friend who showed this 2 me,0,42.71
c299284e-c31e-4edb-8b31-b54795f81914,nice apps,2.0,female,"Suva, Fiji",2023-02-02,Negativo,nice apps,0,74.37
b07ce0e3-d536-4838-baf3-c76ae094a8d2,Only just joined so have no opinion on it yet.,2.0,male,"Vancouver, Canada",2022-06-06,Negativo,only just joined so have no opinion on it yet,1,84.47
f9b51292-88db-447b-878c-d20c98fcf876,Idk,2.0,male,"Boston, United States",2022-09-19,Negativo,idk,2,62.41
89f07d06-9293-428e-9048-1ac3d43d5e28,I like the way it incorporates personally styles into matchmaking. However it's completely overun by spam and fake profiles. Also doesn't let you limit the location/distance manually. Not worth the time.,2.0,male,"Mexico City, Mexico",2021-10-17,Negativo,i like the way it incorporates personally styles into matchmaking however its completely overun by spam and fake profiles also doesnt let you limit the locationdistance manually not worth the time,3,80.66
36468b55-6335-4fa6-a544-079b00f0654f,It's getting better,2.0,male,"Los Angeles, United States",2021-12-10,Negativo,its getting better,1,73.96
64f60b8e-0568-4395-bff8-1d6ad0f44896,Fake people,2.0,male,"San Francisco, United States",2022-04-05,Negativo,fake people,3,47.9
88bd0d40-4385-4261-b847-44e6c405fd4c,Have sent many requests no response. I don't know if the people are real or it's all scam.,2.0,male,"Washington DC, United States",2022-03-11,Negativo,have sent many requests no response i dont know if the people are real or its all scam,3,91.96
0cfd6dc4-f127-4f54-8ed6-0a738b2c158e,"I keep finding really attractive girls, but every time I do the app blackscreens. Why?",2.0,male,"Chicago, United States",2022-11-16,Negativo,i keep finding really attractive girls but every time i do the app blackscreens why,0,90.09
9c146c8f-ebc1-4837-814e-2eec1d74d96e,Okay i guess...,2.0,male,"Ottawa, Canada",2022-01-19,Negativo,okay i guess,1,73.05
d301016b-c403-4ba5-ac22-93bdbca91fbe,Didn't expect to pay for better experience,2.0,male,"Monterrey, Mexico",2022-09-05,Negativo,didnt expect to pay for better experience,2,86.8
92d5b7be-9105-4e4e-840f-773da6497822,It keeps showing me people in different states,2.0,male,"Monterrey, Mexico",2021-12-19,Negativo,it keeps showing me people in different states,3,86.8
93db8588-6d1c-4baa-80ae-4faa91e3b9df,not a bad app so far. just wish there wasn't a limit in finding people without paying (to expensive too $25/month 😔),2.0,male,"Montreal, Canada",2022-06-16,Negativo,not a bad app so far just wish there wasnt a limit in finding people without paying to expensive too 25month,2,38.65
6869e4a0-e728-4565-8145-00b84e1b5118,Doesn't show international matches for me,2.0,male,"Austin, United States",2022-11-15,Negativo,doesnt show international matches for me,0,84.38
2aa5302b-a5b7-46f1-a7e1-71d351ffea4c,Is alright,2.0,male,"Montreal, Canada",2021-11-04,Negativo,is alright,2,61.71
8194102b-590b-433b-ba8c-4dc1085c94b8,"I feel it has potential, but it's also concerning. Somewhat feels like it's a social game, and not something to met people. Also a bit overwhelming for a newbie.",2.0,male,"Boston, United States",2022-02-23,Negativo,i feel it has potential but its also concerning somewhat feels like its a social game and not something to met people also a bit overwhelming for a newbie,1,94.3
11e44670-6786-4701-91e7-d5806257560c,I love the concept and idea of using a personality quiz to find out what sorts of folks you'd get along with best- I really like the app and even bought a 12 month subscription- but I've had the app for weeks now and not a single person has even looked at my profile. I'm not even being rejected- just flat out not even looking at my account. No activity at all even though I've been super active. I'm very sad and disappointed as I wanted this to work :(,2.0,female,"Melbourne, Australia",2023-01-26,Negativo,i love the concept and idea of using a personality quiz to find out what sorts of folks youd get along with best i really like the app and even bought a 12 month subscription but ive had the app for weeks now and not a single person has even looked at my profile im not even being rejected just flat out not even looking at my account no activity at all even though ive been super active im very sad and disappointed as i wanted this to work,0,61.74
da20426f-a52f-438f-8349-7fe34173b6d9,Even after giving reviews many time boo team doesn't doing anything no new features,2.0,male,"San Antonio, United States",2022-10-28,Negativo,even after giving reviews many time boo team doesnt doing anything no new features,1,63.25
f82e9d9f-7772-4269-9964-9bc1799baef9,It's weird. Trying too much to be tinder,2.0,male,"Bogotá, Colombia",2022-12-01,Negativo,its weird trying too much to be tinder,2,86.74
6d3dad25-803d-4d36-85b3-cbb884828627,Ok,2.0,male,"Montreal, Canada",2022-06-14,Negativo,ok,0,25.0
59debe11-d831-4d3a-b29b-0b9a92a798e2,its like tinder,2.0,male,"Vancouver, Canada",2022-01-28,Negativo,its like tinder,1,61.38
2f9f1e38-294d-4b2f-bfbb-64ae32bd32c1,I still have to make a clear decision.,2.0,male,"Mombasa, Kenya",2021-09-10,Negativo,i still have to make a clear decision,0,83.83
5d275786-c39d-4c7b-a36e-cec420b8238c,This aap is good 😊😊,2.0,male,"Quebec City, Canada",2022-11-20,Negativo,this aap is good,0,73.72
f6a28e85-d4b2-4328-b915-ded5b1a0c237,Good,2.0,male,"Singapore, Singapore",2021-08-24,Negativo,good,0,62.15
f7800827-fb96-4c75-85ae-91861bd3cd4f,"The concept is great and the app starts off good. Overtime the quality of people goes down and matches take forever to match back. The layout is cute but nothing special. Definitely nothing unique about the app except for using your personality to match you. People make the app bad like every other dating app. Same type of guys, just on a different app.",2.0,male,"Canberra, Australia",2022-12-31,Negativo,the concept is great and the app starts off good overtime the quality of people goes down and matches take forever to match back the layout is cute but nothing special definitely nothing unique about the app except for using your personality to match you people make the app bad like every other dating app same type of guys just on a different app,3,97.7
80b77c4a-eec8-4047-b255-b3412ff37b81,No use full the app bing damy,2.0,male,"Cali, Colombia",2022-12-29,Negativo,no use full the app bing damy,0,73.31
7fa96e69-5f65-4a18-b8d0-33e38b940091,Not bad,2.0,female,"Port Moresby, Papua New Guinea",2023-01-10,Negativo,not bad,3,61.97
64fd7aed-c08d-40e5-907c-51658e6d05c7,They need to have a turing test built in on signup 99% are robots,2.0,male,"Ottawa, Canada",2022-09-29,Negativo,they need to have a turing test built in on signup 99 are robots,2,84.45
ce7232ac-00fb-43db-8ad9-0b410380cf0b,Very limited,2.0,male,"San Jose, United States",2022-07-20,Negativo,very limited,1,62.48
ad336fb3-52a5-4796-bdbb-6d811971d91a,Nose verification and manual verification don't work and you need to verify in order to message,2.0,male,"Mexico City, Mexico",2022-02-05,Negativo,nose verification and manual verification dont work and you need to verify in order to message,1,92.37
c7584849-c027-4489-8414-fcab6226dc72,Increase in fake profiles. Multiple accounts with very minimum details and just a snap name. No way to earn Neurons other than purchasing,2.0,male,"Jacksonville, United States",2022-10-31,Negativo,increase in fake profiles multiple accounts with very minimum details and just a snap name no way to earn neurons other than purchasing,3,94.83
c6983c8e-45f6-44eb-ad37-095a0ee4dd47,"The face verification is awful, even when I uploaded a picture in the exact clothes I'm wearing now with the same bg it refused to accept it",2.0,male,"Mexico City, Mexico",2022-06-02,Negativo,the face verification is awful even when i uploaded a picture in the exact clothes im wearing now with the same bg it refused to accept it,3,62.37
d03de182-cf81-4f2d-ae44-0ce967ba2be8,I just installed it so far nothing. I'll update latee,2.0,male,"Boston, United States",2022-04-21,Negativo,i just installed it so far nothing ill update latee,0,65.18
894f0c16-fde0-4193-b5be-456adc1e1e2a,App is easy to use lots of people to connect with,2.0,male,"Cairo, Egypt",2021-09-06,Negativo,app is easy to use lots of people to connect with,3,87.16
d0a5c732-789b-4e8e-93c7-104605f9aef5,Useless...,2.0,male,"Tel Aviv, Israel",2021-08-27,Negativo,useless,0,61.16
c441f422-485b-47cb-ab8a-5fd4e7dfd2a7,Still checking if I can match with someone,2.0,male,"Houston, United States",2022-07-28,Negativo,still checking if i can match with someone,3,71.1
04d1427e-4029-4579-8d8b-5d78d083eb0a,I guess now i will die.. I havent got even a single match on this app too 😭😂,2.0,male,"Casablanca, Morocco",2021-09-08,Negativo,i guess now i will die i havent got even a single match on this app too,1,92.22
de72925a-a236-4d01-aca7-a64208ac4a46,Weird mix of social media and dating app but too many paywalls,2.0,male,"Philadelphia, United States",2022-08-14,Negativo,weird mix of social media and dating app but too many paywalls,2,86.97
31884c96-66e8-4900-9b81-181d08f7b320,"Great platform love the layout but this pay for more is a bit extreme, don't like it that you have to pay to meet new people",2.0,male,"Austin, United States",2022-03-06,Negativo,great platform love the layout but this pay for more is a bit extreme dont like it that you have to pay to meet new people,2,89.75
556cbcc0-a855-4f54-ba6f-72d8e99e23ab,Gud app,2.0,male,"Seoul, South Korea",2021-09-02,Negativo,gud app,3,62.48
6ebbf820-1508-4a0c-b305-c22ab5967d22,Confusing to use. I am in the United States and matches.me with someone in Venezuela! Cant upload more than one photo. No friends tab! How do i find who I added? Confusing like somerhing is missing!!,2.0,male,"Vancouver, Canada",2022-05-21,Negativo,confusing to use i am in the united states and matchesme with someone in venezuela cant upload more than one photo no friends tab how do i find who i added confusing like somerhing is missing,3,52.13
53a8c8b2-006a-49aa-b32b-bd6734a472ba,Ive had it 5 mins and its asking how i like it,2.0,male,"New York, United States",2022-10-06,Negativo,ive had it 5 mins and its asking how i like it,2,83.23
34289cc2-6cea-4381-8bb1-1f98463b32ce,Coin ke liye rate kiya ha vai,2.0,female,"Melbourne, Australia",2023-02-03,Negativo,coin ke liye rate kiya ha vai,2,74.75
4bc746a4-3bb5-4081-8aa4-0faa4b353669,Just started using it so we'll see,2.0,male,"Vancouver, Canada",2021-11-13,Negativo,just started using it so well see,0,80.42
42b4be49-4c8c-49db-a637-af1346b5fd1a,all they want is money,2.0,male,"Calgary, Canada",2022-02-07,Negativo,all they want is money,1,80.69
7c6b7228-c6d4-4e76-9ec7-3d3f2c615b85,Nice,2.0,male,"Cancun, Mexico",2022-04-04,Negativo,nice,0,62.17
a51d7c17-b552-435e-a58c-56b5b66f9d5f,Odd,2.0,male,"Washington DC, United States",2022-04-06,Negativo,odd,0,25.0
e42af1fb-44f8-4d10-8bb7-a0129c63ec16,To early on asking,2.0,male,"Ottawa, Canada",2021-11-05,Negativo,to early on asking,2,74.82
3752ea7e-b84a-4eb8-ae8c-3ecd0f0c692c,Eh,2.0,male,"Quebec City, Canada",2022-01-01,Negativo,eh,0,25.0
13429feb-1ea2-4354-af74-f809f0efa7dd,Buggy,2.0,male,"Hong Kong, China",2021-08-09,Negativo,buggy,0,25.0
0806e505-d9ae-45e1-8f8a-d0bd3a8a5f5d,So far so good I guess I'll update this if things change,2.0,male,"Houston, United States",2022-05-27,Negativo,so far so good i guess ill update this if things change,0,90.29
603ad6da-e57d-4395-a89b-bc7d17abaa11,It's looks to be good,2.0,female,"Adelaide, Australia",2023-02-07,Negativo,its looks to be good,3,48.37
5edef39e-7ae8-45df-bc3c-9e1e890e5cb0,Mid,2.0,male,"Seoul, South Korea",2021-08-30,Negativo,mid,2,62.47
07799298-2433-4151-b299-9cf5966fe06d,Not good,2.0,male,"San Francisco, United States",2022-08-25,Negativo,not good,0,62.15
3724aee9-70ea-4dc5-acd6-f44b1b838981,Probando,2.0,male,"Jacksonville, United States",2022-04-30,Negativo,probando,0,25.0
3619dc5b-0548-4254-b57e-38b3fb1ef6c6,"Giving this app a go a 2nd time, here's hoping",2.0,male,"Vancouver, Canada",2022-01-03,Negativo,giving this app a go a 2nd time heres hoping,1,80.75
657c4c21-54d5-46bb-bfc9-17a6bad2128d,"It refuses to verify my photo, no matter how many times I do it either way. Also says I have hate speech, which I don't except the word ""hate"". There's no clear way to correct either or access any kind of support.",2.0,female,"Nadi, Fiji",2023-02-01,Negativo,it refuses to verify my photo no matter how many times i do it either way also says i have hate speech which i dont except the word hate theres no clear way to correct either or access any kind of support,3,96.55
4f838d11-c6ee-43d2-b063-5d8630aa5e19,Well i just downloaded the app so i'm still not sure.,2.0,male,"Jeddah, Saudi Arabia",2021-08-21,Negativo,well i just downloaded the app so im still not sure,2,84.49
3a1f94d8-0b7c-4bd2-b1b4-af6c91203e1a,Still just another pay to use app,2.0,male,"Houston, United States",2022-06-06,Negativo,still just another pay to use app,2,84.59
b265de8d-d65c-450f-bfc9-a7b0d1415497,"Been on for a week now and only match with one profile, I think it was a scammer",2.0,male,"Monterrey, Mexico",2022-05-06,Negativo,been on for a week now and only match with one profile i think it was a scammer,1,92.79
64269877-3ed8-45a4-90a2-4cb7792cfd37,"I get notifications for matches and such, but when I open the app there is nothing.",2.0,female,"Gold Coast, Australia",2023-01-06,Negativo,i get notifications for matches and such but when i open the app there is nothing,0,89.98
dd9a39c3-ff36-4fe1-a877-a7452d499492,Interesting app with novel features,2.0,male,"Monterrey, Mexico",2021-10-17,Negativo,interesting app with novel features,2,73.88
dc32a148-ec19-481c-a4ba-7c07562e4fe6,"I'm really confused is a dating app, why are there followers and posts. I think the app isn't sure what it wants to be. Or I'm just a millennial and don't understand",2.0,male,"Stockholm, Sweden",2021-07-04,Negativo,im really confused is a dating app why are there followers and posts i think the app isnt sure what it wants to be or im just a millennial and dont understand,2,94.1
d1ef39d2-e612-47d6-b847-66e254e3dbe7,Good but not enough,2.0,male,"Salvador, Brazil",2022-12-03,Negativo,good but not enough,0,74.06
57cfd0e8-ac17-49a9-867f-346635f6c528,"Other than not having enough privacy, it has incredible features, and is gamified. But they don't allow gingerlivesmatter and other none activist obsessions.",2.0,male,"San Diego, United States",2021-12-29,Negativo,other than not having enough privacy it has incredible features and is gamified but they dont allow gingerlivesmatter and other none activist obsessions,3,59.6
fd57a679-7b4d-44ea-b791-ca73cdd466ef,Not good experience,2.0,male,"Boston, United States",2022-02-18,Negativo,not good experience,0,73.14
f5f12fca-06c6-4cf3-9602-91862697680d,Gud,2.0,male,"Hong Kong, China",2021-08-28,Negativo,gud,3,62.48
fda83d48-152d-4759-aa37-0fa339ecf007,Worest App,2.0,male,"Vancouver, Canada",2021-10-31,Negativo,worest app,0,25.0
bcfa0d76-f175-4142-9b4c-603340496d28,Ok,2.0,male,"Los Angeles, United States",2021-10-31,Negativo,ok,0,25.0
5f5564d4-8277-40cd-b8e5-351d0461b30f,As of right now I am getting to know the app. Will have to see how it goes,2.0,male,"Chicago, United States",2022-08-01,Negativo,as of right now i am getting to know the app will have to see how it goes,3,49.4
c34916f4-5682-4368-92ab-66015d694e7c,Let me see,2.0,male,"Durban, South Africa",2021-09-05,Negativo,let me see,1,74.18
77653f3c-a28c-4050-90c2-be264e919c40,"They state that they will award you with coins for every successful report of a user that violates a rule, but I reported dozens of users without photos of themselves and didn't get a coin. So it's a lie, and their support is useless.",2.0,male,"Cape Town, South Africa",2021-10-09,Negativo,they state that they will award you with coins for every successful report of a user that violates a rule but i reported dozens of users without photos of themselves and didnt get a coin so its a lie and their support is useless,2,95.93
95bd01d7-00d5-45ab-b6a1-7d171e4b587b,Nothing to say now,2.0,male,"Phoenix, United States",2022-02-13,Negativo,nothing to say now,1,80.2
6a826208-d856-4cc2-b559-9d716dd176ab,Good,2.0,male,"Boston, United States",2022-02-13,Negativo,good,0,62.15
d8abd2c9-fb0d-4f96-b993-11e624706bd7,Pretty dull so far,2.0,male,"Krakow, Poland",2021-07-16,Negativo,pretty dull so far,0,74.08
76044251-0b56-4209-8470-cd2553d42972,"There is something seriously wrong with messaging please fix it, everyone disappears just because I travel, even if I dont too",2.0,female,"Gold Coast, Australia",2023-02-08,Negativo,there is something seriously wrong with messaging please fix it everyone disappears just because i travel even if i dont too,2,93.49
bde9bdb8-c6ae-4ee4-9725-5394ae86979d,It's ight,2.0,male,"Cancun, Mexico",2022-11-06,Negativo,its ight,0,25.0
c6385fae-54dc-428a-b583-16bce6186d5e,Not what I expected but is cool,2.0,male,"Vancouver, Canada",2022-09-29,Negativo,not what i expected but is cool,1,52.28
8748b2b0-3267-461a-81c0-67fa6124a6c2,"Man listen I think socially it's a good app in depth test to show you who you could vibe with. I like the rank up system and conversations are unlimited. But these Snapchat girls are spamming me, tons of messages sent no women are talking. It seems like a bot net, if your trying to find a date this ain't it..",2.0,male,"Phoenix, United States",2022-08-14,Negativo,man listen i think socially its a good app in depth test to show you who you could vibe with i like the rank up system and conversations are unlimited but these snapchat girls are spamming me tons of messages sent no women are talking it seems like a bot net if your trying to find a date this aint it,3,97.24
325d7d11-4dcf-408d-8c35-e3b848e2f2b5,No idea,2.0,male,"Denver, United States",2022-02-10,Negativo,no idea,0,62.22
92de6bb8-108b-46b9-b534-5ba98688343c,No lo recomiendo si deverdad esperas encontrar gente introvertida. El sitio está a tope de z**ras promocionando su only y ese tipo de gente. La verdad es solo un Twitter con un mejor logo ^-^,2.0,male,"Denver, United States",2022-07-24,Negativo,no lo recomiendo si deverdad esperas encontrar gente introvertida el sitio está a tope de zras promocionando su only y ese tipo de gente la verdad es solo un twitter con un mejor logo,3,93.68
96f41345-4b5a-40e3-9295-242c5c50f8b9,"Age verification should be a must or better. If you know, you know. Boo is great otherwise. Boo feel free to contact me.",2.0,male,"San Diego, United States",2022-11-05,Negativo,age verification should be a must or better if you know you know boo is great otherwise boo feel free to contact me,1,94.76
28f7aafe-9be0-4bc1-afe5-689675fba6e4,Umm it's okk,2.0,male,"Boston, United States",2022-08-24,Negativo,umm its okk,0,25.0
c922ae89-de24-418f-a58a-f172bff26a8d,"started well. After a while, you gonna match with lots of bots/fake accounts",2.0,male,"Rio de Janeiro, Brazil",2022-12-01,Negativo,started well after a while you gonna match with lots of botsfake accounts,3,90.19
eb484c92-a1bb-40ca-954a-60596453df5f,just starting,2.0,male,"Boston, United States",2022-09-28,Negativo,just starting,0,62.24
6f1bb153-9377-4654-afad-770b6ca3abdb,"It's super boring. I paid for a 6 month subscription otherwise I would've uninstalled it in the first week. It's trying to be both a dating app and a social media feed, and it's good at neither.",2.0,male,"Ottawa, Canada",2022-09-01,Negativo,its super boring i paid for a 6 month subscription otherwise i wouldve uninstalled it in the first week its trying to be both a dating app and a social media feed and its good at neither,0,95.12
d749bcfa-3f3a-4e5a-9667-5ab379f96537,You dont get a lot of matches on here compared to other apps and you get some weirdos that think boo is a popularity contest for some reason,2.0,male,"São Paulo, Brazil",2022-12-18,Negativo,you dont get a lot of matches on here compared to other apps and you get some weirdos that think boo is a popularity contest for some reason,2,69.58
1e254546-677e-408c-b3a6-b14d821fad32,"Location is not very refined, I tend to get alot of people that don't live in my town at all",2.0,male,"San Diego, United States",2022-10-08,Negativo,location is not very refined i tend to get alot of people that dont live in my town at all,3,91.29
6ae4fa85-561b-421b-854f-3309a7c2b4f7,"Good concept, but 3/4 of the accounts that send me match requests are either bots trying to scam me or women mass-advertising their Snapchats & onlyfans. Also, the limit for matching also includes those you aren't interested in, so I can reach my limit without seeing a single person who interests me. Really limits the functionality.",2.0,male,"Cancun, Mexico",2022-01-03,Negativo,good concept but 34 of the accounts that send me match requests are either bots trying to scam me or women massadvertising their snapchats onlyfans also the limit for matching also includes those you arent interested in so i can reach my limit without seeing a single person who interests me really limits the functionality,0,51.07
fb29de11-c560-4742-983e-a2436a7e6d05,So so experience,2.0,male,"Toronto, Canada",2022-04-17,Negativo,so so experience,2,60.95
b074c203-85b0-4295-8169-823d1e161f0b,"I'm still getting snapchat and OF solicitors so either this app isn't keeping out fake people or they are working harder than ever. I do like all the extra incite into who you are talking to or profile browsing but again, my first messages have already been snapchat and OF spam.",2.0,male,"Abu Dhabi, United Arab Emirates",2021-08-12,Negativo,im still getting snapchat and of solicitors so either this app isnt keeping out fake people or they are working harder than ever i do like all the extra incite into who you are talking to or profile browsing but again my first messages have already been snapchat and of spam,3,97.08
48286598-33b5-4d97-815c-5cd1e7280602,getting verbally harassed by men,2.0,male,"San Jose, United States",2022-02-24,Negativo,getting verbally harassed by men,2,80.56
fe573d1e-1224-4800-84c3-c0ccecf56b45,Nice app,2.0,male,"San Diego, United States",2022-07-07,Negativo,nice app,0,62.17
d712935c-4e49-41da-a41c-315bd4d2c300,Still learning how to use,2.0,male,"Boston, United States",2021-10-25,Negativo,still learning how to use,2,50.83
340ffbcd-1aac-4afd-b919-6e1ff81a3026,Way too many fake profiles,2.0,male,"Seattle, United States",2022-05-30,Negativo,way too many fake profiles,3,51.17
1259ad81-1000-47e1-9e65-1136d95e044c,"Another dating app more concerned with locking you into subscriptions than finding a genuine match. For all it's personality insights, you're given an incredibly small number of free swipes. Reset timers are hidden from view. At this rate in a large city you'll find a worthwhile match by the time gray hairs have sprouted.",2.0,male,"Guadalajara, Mexico",2022-01-03,Negativo,another dating app more concerned with locking you into subscriptions than finding a genuine match for all its personality insights youre given an incredibly small number of free swipes reset timers are hidden from view at this rate in a large city youll find a worthwhile match by the time gray hairs have sprouted,3,97.05
c6ffda25-1aac-49f7-ab34-d90b5da9d26e,App keeps crashing,2.0,male,"Cancun, Mexico",2021-11-03,Negativo,app keeps crashing,3,73.61
39781b62-8ee8-44c0-bc4d-c989b4951463,It tells me to give a review so they will give me the limited coins. And they dont,2.0,male,"Chicago, United States",2022-01-19,Negativo,it tells me to give a review so they will give me the limited coins and they dont,1,90.06
bb75f738-8339-4517-949e-083a08c73249,Idk,2.0,male,"Mexico City, Mexico",2022-06-10,Negativo,idk,2,62.41
5b0e3721-8d1c-423f-91ad-d2c21143b164,"NO LOCATION SETTINGS. EVERYDAY THE MAJORITY OF REQUESTS I GET ARE FROM MEN IN MEXICO AND PERU. There are about 1000 men to each woman (Im bi) and because of the lack of location settings, all the people ""in my area"" live in another state MORE THAN AN HOURS drive away. I can't date someone who lives that far. That's insane. And I think boo is fully aware of this theyre intentionally not giving you the ability to have a location radius because they don't have enough users.",2.0,male,"Tijuana, Mexico",2022-03-23,Negativo,no location settings everyday the majority of requests i get are from men in mexico and peru there are about 1000 men to each woman im bi and because of the lack of location settings all the people in my area live in another state more than an hours drive away i cant date someone who lives that far thats insane and i think boo is fully aware of this theyre intentionally not giving you the ability to have a location radius because they dont have enough users,2,98.27
631e886e-6655-4913-92a0-9e93cc349ec0,I really like the premise/concept & layout. The UI is pretty nice too. I do wish there were more filters or notifiers regarding relationship type though. However the real reason the 2★ rating is because it's recently getting flooded with fake/ scam accounts.,2.0,male,"Montreal, Canada",2022-03-12,Negativo,i really like the premiseconcept layout the ui is pretty nice too i do wish there were more filters or notifiers regarding relationship type though however the real reason the 2 rating is because its recently getting flooded with fake scam accounts,2,96.69
3e63e81a-c329-492c-a185-deefebb98f34,"Two stars cause it's got the personality tests which are enjoyable. Everything else about the app is literally just copy paste Tinders business model. Create account, limit likes/dislikes, send user fake likes or bot account likes to increase the chances they purchase the subscription, rinse and repeat.",2.0,male,"Seattle, United States",2022-09-27,Negativo,two stars cause its got the personality tests which are enjoyable everything else about the app is literally just copy paste tinders business model create account limit likesdislikes send user fake likes or bot account likes to increase the chances they purchase the subscription rinse and repeat,1,97.41
84562567-0b49-456b-9e7b-5c69110c38aa,Fake aaP,2.0,male,"Mexico City, Mexico",2022-07-09,Negativo,fake aap,2,74.49
8866dbea-f44a-41a8-bdff-5eb3221fecc0,No enough matches available,2.0,male,"Houston, United States",2022-06-04,Negativo,no enough matches available,0,80.44
1564b718-1551-4b4a-b07f-fb06123b475f,"This app markets itself as the alternative for people burned out on dating apps, that it matches people based on compatibility rather than looks etc. But the core user experience is exactly the same as every other app, swiping left and right on profile cards, except there are Meyers Briggs and enneagram personality tests slapped on top. They do not appear to even play a role in who you see in your stack unless you manually filter by specific mbti types, etc.",2.0,male,"Dubai, United Arab Emirates",2021-08-24,Negativo,this app markets itself as the alternative for people burned out on dating apps that it matches people based on compatibility rather than looks etc but the core user experience is exactly the same as every other app swiping left and right on profile cards except there are meyers briggs and enneagram personality tests slapped on top they do not appear to even play a role in who you see in your stack unless you manually filter by specific mbti types etc,3,97.91
5a46519b-d358-4c2d-9ab1-e25c6a013417,Too many kids in places around the world,2.0,male,"Helsinki, Finland",2021-06-28,Negativo,too many kids in places around the world,2,84.31
0ef4dec2-3fe7-4d79-925c-1564be8ad536,Unusual interface. Not enough users. Too many fakes Very limited usability unless you pay,2.0,male,"San Antonio, United States",2022-01-27,Negativo,unusual interface not enough users too many fakes very limited usability unless you pay,3,47.56
ce014fbe-9cc9-4105-9622-4a2c15b2b616,Forcing me to rate it,2.0,male,"Singapore, Singapore",2021-08-28,Negativo,forcing me to rate it,0,73.03
d48e72c6-e9a0-4545-9b0d-d212f6d1807e,Not use as far as much,2.0,male,"Cancun, Mexico",2022-07-15,Negativo,not use as far as much,0,80.18
71c9ee33-b6e2-4f9e-ba94-9b2071a32222,I almost exclusively get bots so I'm pretty much only staying on to report them,2.0,male,"Philadelphia, United States",2022-11-14,Negativo,i almost exclusively get bots so im pretty much only staying on to report them,0,91.34
28681eaf-dd56-4e0e-87e7-6d0a8bfd9a75,Let me first give it 2stars as i continue learning the dynamics of it's operations,2.0,male,"Ottawa, Canada",2022-09-04,Negativo,let me first give it 2stars as i continue learning the dynamics of its operations,1,87.0
d656f7c0-a0c9-48ca-a606-4bbb73bfedab,"Great thought, but full of bots.",2.0,male,"Denver, United States",2022-03-11,Negativo,great thought but full of bots,0,80.67
2e8db03d-f660-41c5-9137-2f69feb83e70,It fun for now might come for a update,2.0,male,"San Antonio, United States",2022-11-03,Negativo,it fun for now might come for a update,2,86.99
a438f126-55f9-41b8-9b0a-1306f7189cba,"It's okay for now, only I don't have a lot of matches , I am open to changing my rieview if it gets better",2.0,male,"Chicago, United States",2022-08-21,Negativo,its okay for now only i dont have a lot of matches i am open to changing my rieview if it gets better,1,92.03
a96c882e-eaee-4e56-a10f-bac27e739039,Fine,2.0,male,"Houston, United States",2022-04-27,Negativo,fine,0,62.26
171183f0-ec7a-4a61-8bd9-107fc6b60635,Boring,2.0,male,"Montreal, Canada",2022-06-16,Negativo,boring,0,60.99
e313aab6-2219-4d3d-ad88-d44b4478b9ae,Haven't found any1 yet..so rating low,2.0,male,"Pretoria, South Africa",2021-10-04,Negativo,havent found any1 yetso rating low,2,84.16
35178147-2980-4f75-87cf-07d23f5f2dd7,There's hardly any response from other parties & I believe there's a lot of fake & inactive profiles as well.,2.0,male,"Hamburg, Germany",2021-06-28,Negativo,theres hardly any response from other parties i believe theres a lot of fake inactive profiles as well,1,94.69
ea88de5b-85ce-48db-b6ca-ff8e8bc152f1,Not bad,2.0,male,"Córdoba, Argentina",2022-12-23,Negativo,not bad,3,61.97
0e5592de-4cbb-4717-8a3f-4da82712f43e,No way to narrow down a location range,2.0,female,"Hobart, Australia",2023-01-20,Negativo,no way to narrow down a location range,3,87.35
b90a0281-503b-41fd-b37c-aa65a39852fc,"Not a lot of people using this app,so so so la",2.0,male,"Ottawa, Canada",2022-04-19,Negativo,not a lot of people using this appso so so la,0,80.52
b07bddf5-fc88-470c-8e1d-26de011819cb,Awesome,2.0,male,"Chicago, United States",2022-06-01,Negativo,awesome,2,62.47
d485b10b-ae9c-4e80-9f95-d9c4d2e0383a,They made me rate it 5 minutes in. Terrible matches so far... it's been 5 minutes lol,2.0,male,"Seattle, United States",2022-10-05,Negativo,they made me rate it 5 minutes in terrible matches so far its been 5 minutes lol,1,92.06
5398ca70-4843-4676-abe8-e23aefe6458a,Meh lot of bots and doesn't work super well,2.0,male,"Abu Dhabi, United Arab Emirates",2021-08-15,Negativo,meh lot of bots and doesnt work super well,0,88.5
e1244e8b-c35e-43c3-8656-5b74d3218c0b,Not yet,2.0,male,"Los Angeles, United States",2022-08-25,Negativo,not yet,1,61.74
92b0cf07-39d2-47e3-bb31-f77baf168ce2,This app can't varify .it is useless..,2.0,male,"Washington DC, United States",2022-10-09,Negativo,this app cant varify it is useless,1,73.53
c0f787a0-9644-469b-b796-7836f7ccc8fb,I don't even know it's ok I guess,2.0,male,"Tijuana, Mexico",2021-11-07,Negativo,i dont even know its ok i guess,1,80.5
09468e53-4d99-4f12-bb53-178783fd682e,Suboptimal,2.0,male,"Boston, United States",2022-05-22,Negativo,suboptimal,0,25.0
66f941bd-6fcc-488b-8282-9cb976ae56aa,I'm finding a lot of older people,2.0,male,"Tijuana, Mexico",2022-10-14,Negativo,im finding a lot of older people,0,84.62
ae0d8a48-7b7d-4f68-a059-12d50bf372b0,I am new. Yet to experience,2.0,female,"Adelaide, Australia",2023-01-09,Negativo,i am new yet to experience,1,80.04
a4a2e35f-f8b7-47a9-8571-f2a5eec31764,It has a lot of people from around the world but not really local.,2.0,male,"Jacksonville, United States",2022-02-20,Negativo,it has a lot of people from around the world but not really local,2,56.29
20469937-7181-4f7a-9d31-673e54a6000c,It's gud,2.0,male,"Casablanca, Morocco",2021-09-16,Negativo,its gud,3,62.48
7e9ba4d6-fc02-43c6-8135-999866ca2059,Should be free,2.0,male,"Phoenix, United States",2022-08-29,Negativo,should be free,1,74.06
802a8dd0-5af2-43a6-a802-6e86dcf1acd8,Full of nerds,2.0,male,"Houston, United States",2022-06-22,Negativo,full of nerds,0,61.74
c6901dac-2509-44b8-ba9f-4060649e56cc,"It asked me to rate the app before it got me a single match so who knows, the app could suck",2.0,male,"Cancun, Mexico",2022-04-09,Negativo,it asked me to rate the app before it got me a single match so who knows the app could suck,1,47.6
6e69f9f1-af3e-4f16-8b2e-552f1d6b2462,"There is much thanksgiving in this app,i really like it and its been so much helpful to me that i have looking forward to meet some people in life🤍thanks😊",2.0,male,"San Francisco, United States",2022-02-07,Negativo,there is much thanksgiving in this appi really like it and its been so much helpful to me that i have looking forward to meet some people in lifethanks,2,92.74
c3772b9e-b280-4dbc-ab13-087d5ab8e169,Too many details needs to fill,2.0,male,"Budapest, Hungary",2021-07-03,Negativo,too many details needs to fill,3,80.25
d5188aff-141e-492f-9942-7be83c1f0cfa,I had a lot of hits. Way before I purchased a subscription. I wish I didn't. It's full of random people with nothing in common with me. It was a waste of my time.,2.0,male,"São Paulo, Brazil",2022-12-23,Negativo,i had a lot of hits way before i purchased a subscription i wish i didnt its full of random people with nothing in common with me it was a waste of my time,0,62.45
2483a8c8-5f89-4cec-b3ab-b12ca28ee074,You can't filter by distance!,2.0,male,"Washington DC, United States",2022-02-01,Negativo,you cant filter by distance,3,80.66
46ffe7de-059b-4740-9d99-ac80c7727991,To many skank women wanted me to Quickly move to another platform to Chat,2.0,male,"Seville, Spain",2021-07-13,Negativo,to many skank women wanted me to quickly move to another platform to chat,0,90.28
ade5ada3-3e2e-437c-b61d-23d68604fd6c,Its not really the app thats bad so much as it is that the people on it treat it like social media instead of a dating app. The only people messaging your inbox will literally be women with one picture on their bio with no intention of talking to you just to promote their instagram. So if you want another social media platform this app is for youbut if you're looking for dating you'd be better off getting used and then ghosted on hinge.,2.0,male,"Karachi, Pakistan",2021-08-18,Negativo,its not really the app thats bad so much as it is that the people on it treat it like social media instead of a dating app the only people messaging your inbox will literally be women with one picture on their bio with no intention of talking to you just to promote their instagram so if you want another social media platform this app is for youbut if youre looking for dating youd be better off getting used and then ghosted on hinge,0,89.22
b6ce75d6-f9ed-457e-b832-147d74401405,"Less matches, low chances of having a conversation",2.0,male,"San Diego, United States",2022-06-07,Negativo,less matches low chances of having a conversation,2,88.56
a0d4c663-dd26-419b-b634-8de7262b4cb9,"Pay to win app, you get like 20 free swipes, want to search outside your area pay, do anything besides swiping pay. Interface could use some smoothing out and the mbti isint that accurate",2.0,male,"Paris, France",2021-07-08,Negativo,pay to win app you get like 20 free swipes want to search outside your area pay do anything besides swiping pay interface could use some smoothing out and the mbti isint that accurate,2,96.16
b4b0b51e-c20a-4187-a59c-7d2fc4b3fb01,"At first I gave this app a 5/5 , but now there are so many bots and scammers it's almost completely unusable, I hate to see this wonderful app fall from grace. Hope this gets fixed soon.",2.0,male,"San Diego, United States",2022-09-20,Negativo,at first i gave this app a 55 but now there are so many bots and scammers its almost completely unusable i hate to see this wonderful app fall from grace hope this gets fixed soon,1,95.72
