reviewId,content,score,gender,location,date,sentimiento,content_limpio,topico_principal_soft,porcentaje_pertenencia
76ea6f54-42da-41ae-9c2d-338bd834cd52,"It's a good app, you can really find like minded people, but after the recent update, they have maybe removed the ""new here"" tag, that's bad.",4.0,male,"Jeddah, Saudi Arabia",2020-12-31,Positivo,its a good app you can really find like minded people but after the recent update they have maybe removed the new here tag thats bad,2,95.7
6cb43d36-1ebd-4030-88b4-0354850025bd,no one likes me.... I'm going to put exclusive blame on the app as opposed to assuming that there's anything about myself I should change. That sounds to me like the correct way to interpret that.,4.0,female,"Córdoba, Argentina",2022-10-22,Positivo,no one likes me im going to put exclusive blame on the app as opposed to assuming that theres anything about myself i should change that sounds to me like the correct way to interpret that,2,95.63
7e411ca8-65c6-4e51-98e3-6ef03ba5e302,"Honestly compared to Tinder and Bumble, Hinge is the best of the worst at the moment. The app is buggy at times and the price point kinda sucks but I can't complain with results. Something that isn't Hinge's fault is the smaller user base compared to tinder or bumble. But if you're looking to seriously date, Hinge delivers compared to the other two.",4.0,male,"Tel Aviv, Israel",2020-08-19,Positivo,honestly compared to tinder and bumble hinge is the best of the worst at the moment the app is buggy at times and the price point kinda sucks but i cant complain with results something that isnt hinges fault is the smaller user base compared to tinder or bumble but if youre looking to seriously date hinge delivers compared to the other two,1,60.69
66357fde-09b3-4015-84f7-df2fb8bce898,"Tough luck in the first few months, but I've gotten a good few matches with really interesting people. The notifications sometimes don't show up, so that's been kinda rough but other than that great app.",4.0,female,"San Jose, United States",2022-07-08,Positivo,tough luck in the first few months but ive gotten a good few matches with really interesting people the notifications sometimes dont show up so thats been kinda rough but other than that great app,2,51.13
de9a64ed-d72a-49de-ac7c-aabec6025c38,Great Dating App for Genuine Connections,4.0,male,"Jerusalem, Israel",2020-07-31,Positivo,great dating app for genuine connections,2,82.52
cfac20cc-b521-4cd7-9e26-226847c6b1b6,Better than most dating apps but still exhausting lol,4.0,male,"Boston, United States",2022-06-13,Positivo,better than most dating apps but still exhausting lol,2,62.29
f3fab3f5-9c77-4e80-afe0-980ec81fe573,"Hi Devs, text is not visible when I type a message, please fix asap :-)",4.0,female,"Fortaleza, Brazil",2023-01-31,Positivo,hi devs text is not visible when i type a message please fix asap,1,91.75
68872dfb-2597-4066-94ce-bd5b7779e64b,5 star if they improve the verifying process. Takes naturally blurry photos with my camera when I don't naturally have a blurry camera. Can't verify and I even subscribed...,4.0,female,"Valparaíso, Chile",2022-10-28,Positivo,5 star if they improve the verifying process takes naturally blurry photos with my camera when i dont naturally have a blurry camera cant verify and i even subscribed,1,94.91
44053da6-e768-4375-812f-301874d7fb9f,"Just started, still evaluating. lol",4.0,male,"Accra, Ghana",2021-04-24,Positivo,just started still evaluating lol,2,81.47
9cadad63-21de-4616-9ed9-494f38b8a5d0,it's good,4.0,female,"Bogotá, Colombia",2023-03-04,Positivo,its good,2,64.19
46db4b7b-77c2-4d0e-b0ab-fa415e600f68,"Probably the best free dating app out there as you don't have to pay to see who likes you, match w them, and chat. It's definitely at least worth trying. My only complaint is the poor execution of activeness. You can only see if someone is currently active or has been that day.",4.0,male,"Delhi, India",2020-09-11,Positivo,probably the best free dating app out there as you dont have to pay to see who likes you match w them and chat its definitely at least worth trying my only complaint is the poor execution of activeness you can only see if someone is currently active or has been that day,1,97.09
7257c34a-6098-4f06-a4fa-0da5e3ff1e03,seems good,4.0,female,"Adelaide, Australia",2023-09-15,Positivo,seems good,2,76.3
d71c05ce-aa59-4065-a1e5-c847c3db232a,"As far as dating apps go, Hinge has the best UI, and a nice set-up. If I could make a filter suggestion, it would be looking for. Many people are looking for either Monogamous or ENM, and being able to filter would super beneficial.",4.0,male,"Durban, South Africa",2021-03-17,Positivo,as far as dating apps go hinge has the best ui and a nice setup if i could make a filter suggestion it would be looking for many people are looking for either monogamous or enm and being able to filter would super beneficial,0,95.91
313cb756-5512-48c1-8bc5-1aa36eabe2e0,App concept is good with quality profiles however developer should add an option to share photos atleast,4.0,female,"Adelaide, Australia",2023-06-03,Positivo,app concept is good with quality profiles however developer should add an option to share photos atleast,2,55.65
63d583e2-dd76-458f-b342-1454e49879df,can't really give it a full review right now but it's been pretty good I guess so far,4.0,female,"Cali, Colombia",2023-02-28,Positivo,cant really give it a full review right now but its been pretty good i guess so far,2,93.43
209e4da0-4403-4197-9058-bc9667b7a3c6,nicee,4.0,male,"Tel Aviv, Israel",2020-10-30,Positivo,nicee,0,33.33
591b0baf-5ec4-4abf-9fa5-941da668ab96,"Good convos met a very annoying man on here, but he kinda cute and now we are cuddling and all that good stuff",4.0,male,"Tokyo, Japan",2020-09-17,Positivo,good convos met a very annoying man on here but he kinda cute and now we are cuddling and all that good stuff,2,94.91
023f85e4-9d46-47b7-b748-710ae7674082,"alot of misses,all it takes is one to change everything.",4.0,female,"Santiago, Chile",2022-12-23,Positivo,alot of missesall it takes is one to change everything,1,87.1
b9f49d84-7669-4a5b-aa2d-61e9411a09e9,This is essentially a pay to date app,4.0,male,"San Antonio, United States",2022-06-24,Positivo,this is essentially a pay to date app,2,73.91
879a2ed9-e7be-4a7c-a988-56708f7ff380,can't put 5 star as it to early but all professional put together no issues with platform so far,4.0,female,"Rosario, Argentina",2022-09-08,Positivo,cant put 5 star as it to early but all professional put together no issues with platform so far,2,86.13
ef9fbe5f-547d-4ca6-a26f-3705b21908f0,"I am using this app from last 1 month and I got 7-8 matches. But, this app is bit slow and there should be an option for sending media and calling options. Also, pricing for Premium subscribe should be low so that everyone could afford it. Rather I would say it's an amazing experience on Hinge. They must improve few things and can do better than other dating apps.",4.0,male,"Dakar, Senegal",2021-06-11,Positivo,i am using this app from last 1 month and i got 78 matches but this app is bit slow and there should be an option for sending media and calling options also pricing for premium subscribe should be low so that everyone could afford it rather i would say its an amazing experience on hinge they must improve few things and can do better than other dating apps,1,97.76
daff9427-1db2-4ef8-a960-f09b388bbba8,it's alright. Matches are rare but they typically are of higher quality then other apps,4.0,female,"Quito, Ecuador",2022-09-03,Positivo,its alright matches are rare but they typically are of higher quality then other apps,1,89.17
19ced505-3132-4a80-9df8-8cdfd99b2656,"So far the app is enjoyable. My main con is how when someone's matched with you, there isn't always a conversation prompt if they've only liked a picture. It makes starting a conversation a bit daunting.",4.0,male,"Calgary, Canada",2021-10-26,Positivo,so far the app is enjoyable my main con is how when someones matched with you there isnt always a conversation prompt if theyve only liked a picture it makes starting a conversation a bit daunting,2,90.36
3b5ad0bf-190e-4572-8a72-6ca3a5a662a2,Screen not displaying correctly on Samsung A53. Black navbar sits on middle of page. Wish I could attach screenshot.,4.0,male,"Mombasa, Kenya",2021-05-18,Positivo,screen not displaying correctly on samsung a53 black navbar sits on middle of page wish i could attach screenshot,2,50.31
6af9cf4d-a38f-4b0e-8daa-69a9bdeb1fa2,it's been my favorite app since day one. keep up the good work,4.0,male,"Prague, Czech Republic",2020-02-25,Positivo,its been my favorite app since day one keep up the good work,2,61.7
72af14aa-b05e-4c08-b9f9-9206341f815a,This was the best app I've been on. Didn't get lucky unfortunately but i recommend to try. A lot of good things to say about but go try it out...amazing app,4.0,male,"Johannesburg, South Africa",2021-03-09,Positivo,this was the best app ive been on didnt get lucky unfortunately but i recommend to try a lot of good things to say about but go try it outamazing app,1,69.8
83bce95d-2bcc-463c-9a09-9d1b6c1dc99b,"Honestly, this app is kind of lame. I've used bumble many times with much success, but this one get no matches ever. Unless you want to date a 🐋 Not only that, but the only place I've seen women I'm actually attracted to is the section where you have to spend a ROSE to reach out. ROSEs cost money, and you still don't get matches/replies. I've been on here for a week and literally not a single conversation. It's absurd. Edit: I've had better luck lately, but the 🌹 thing still gets no matches.",4.0,male,"Dubai, United Arab Emirates",2020-07-29,Positivo,honestly this app is kind of lame ive used bumble many times with much success but this one get no matches ever unless you want to date a not only that but the only place ive seen women im actually attracted to is the section where you have to spend a rose to reach out roses cost money and you still dont get matchesreplies ive been on here for a week and literally not a single conversation its absurd edit ive had better luck lately but the thing still gets no matches,1,55.9
fcc2f14f-7947-4af3-9cff-69af2127edf9,Updated and still can't even log in anymore.,4.0,male,"Guangzhou, China",2020-07-03,Positivo,updated and still cant even log in anymore,1,90.21
787c0433-11d2-42b5-accf-d6cb327c73fc,"A few interactions here, but I did meet my last girlfriend here. So, that's a plus. I don't think it's as common or as popular as Tinder, but it should be.",4.0,male,"Manchester, United Kingdom",2020-01-07,Positivo,a few interactions here but i did meet my last girlfriend here so thats a plus i dont think its as common or as popular as tinder but it should be,2,70.48
3d519bb0-d360-4d58-8131-3926f1261a56,"Pretty good, would be nice if you could share your profile with people so your friends could go over it more easily.",4.0,male,"Athens, Greece",2020-05-09,Positivo,pretty good would be nice if you could share your profile with people so your friends could go over it more easily,0,49.71
f12ed9b0-98b6-4109-ad15-47335be1e5df,Deliberately limited likes per day. no blurring/pay to reveal mechanic. Simple and great app,4.0,female,"Caracas, Venezuela",2023-02-19,Positivo,deliberately limited likes per day no blurringpay to reveal mechanic simple and great app,2,84.86
d7434cad-f485-47e7-bdfa-1871ebd29427,good app for exercising and enhancing cope up mechanism 😁😅😂,4.0,male,"Dar es Salaam, Tanzania",2021-06-20,Positivo,good app for exercising and enhancing cope up mechanism,2,64.21
24e73161-055a-4dff-9435-2cfd4ab8d393,I like the question options that Hinge has to choose from to describe your personality. As well as have a good insight into who someone is to find the right match,4.0,female,"Buenos Aires, Argentina",2022-08-30,Positivo,i like the question options that hinge has to choose from to describe your personality as well as have a good insight into who someone is to find the right match,0,80.84
603f005f-6539-4410-beaf-19df5120d98e,buggy messaging,4.0,female,"Melbourne, Australia",2023-07-10,Positivo,buggy messaging,2,75.24
d0d27bc6-cdbc-4b1a-9df2-a860b7d229cb,"by far best of the dating apps. ability to comment on profiles, reoccurring roses, see likes & relationship types. limited likes i didn't like initially, but prefer it now as it forces u to be deliberate and get back to real life. i know these decisions are made by higher ups & not devs, but plz don't change these to make short term gains, bc this is what sets hinge apart. Only suggestion i have is app constantly refreshes ! & add leftist options to political views, as liberal is center-left",4.0,male,"Shanghai, China",2020-07-31,Positivo,by far best of the dating apps ability to comment on profiles reoccurring roses see likes relationship types limited likes i didnt like initially but prefer it now as it forces u to be deliberate and get back to real life i know these decisions are made by higher ups not devs but plz dont change these to make short term gains bc this is what sets hinge apart only suggestion i have is app constantly refreshes add leftist options to political views as liberal is centerleft,1,98.22
acf6c8fe-8664-47a8-8aa5-deed7a0a0598,Better than bumble or feeld!,4.0,male,"Busan, South Korea",2020-07-13,Positivo,better than bumble or feeld,1,82.74
836b48cb-8930-492d-89e5-81b6ac92d1b4,My favorite dating app,4.0,male,"Lisbon, Portugal",2020-01-21,Positivo,my favorite dating app,0,66.39
f70640ec-4481-4caa-b908-0e2d5ff2b1e3,Believe me it is designed to be deleted. Keep it up hinge👍,4.0,male,"Harare, Zimbabwe",2021-06-12,Positivo,believe me it is designed to be deleted keep it up hinge,0,85.22
e785a153-877a-4f72-aa51-5ed98180214a,"so far so good. profiles seem real, not bots, unlike Tinder. Tinder should change their name to Communication with Scammers and Bots",4.0,male,"Rabat, Morocco",2021-05-21,Positivo,so far so good profiles seem real not bots unlike tinder tinder should change their name to communication with scammers and bots,2,94.77
f2977c86-f586-4086-9f36-0cecd82a1c7a,"Higher quality than most dating apps out there - has a better dating pool overall, with a nice interface and a free backtrack if you accidentally swipe past someone. I love the prompts feature.",4.0,female,"Buenos Aires, Argentina",2023-02-06,Positivo,higher quality than most dating apps out there has a better dating pool overall with a nice interface and a free backtrack if you accidentally swipe past someone i love the prompts feature,1,95.76
ddfe9dfb-cf55-44a3-989c-aa733e2722dd,great app.,4.0,male,"Austin, United States",2022-06-19,Positivo,great app,2,65.53
c0b68f8d-eee1-46dd-91ec-40f10b998f2f,Great app. I'm a huge fan of being able to send a starter message without having to have matched with the person.,4.0,female,"New York, United States",2022-07-07,Positivo,great app im a huge fan of being able to send a starter message without having to have matched with the person,1,91.84
a56d3b16-0577-4a60-bae5-64aee852de36,nice app,4.0,male,"Krakow, Poland",2019-11-27,Positivo,nice app,0,64.94
554e20bb-c6d6-4397-a756-39c3fc23957a,"It's fine, I mean the ecos it's built up for people my age(18-25ish) at least seems fine and it's better than tinder and bumble in my experience But do like do a little bit more with the messaging function please, the UX is pretty bad. There's no way to reply to specific messages, no way to check when a message was sent in time, if I swipe I'm back on their profile by accident, I've had so many people that I talk to just move to IG in 5 exchanges because of it.",4.0,male,"San Francisco, United States",2021-08-21,Positivo,its fine i mean the ecos its built up for people my age1825ish at least seems fine and its better than tinder and bumble in my experience but do like do a little bit more with the messaging function please the ux is pretty bad theres no way to reply to specific messages no way to check when a message was sent in time if i swipe im back on their profile by accident ive had so many people that i talk to just move to ig in 5 exchanges because of it,2,71.58
af905262-ed67-416d-b842-0a7eaa2534e8,its a dating app.,4.0,male,"Houston, United States",2022-04-21,Positivo,its a dating app,1,64.93
2ee3bf11-a980-4b37-a74f-641abdc0703c,getting the hang of this seems like a cool platform though,4.0,male,"Marseille, France",2020-06-11,Positivo,getting the hang of this seems like a cool platform though,2,67.55
cac112a8-e6ba-433c-ac03-a4eb56b2789e,nice app easy to use,4.0,male,"Washington DC, United States",2022-01-01,Positivo,nice app easy to use,0,75.86
ad382f68-d726-4deb-a95f-5d154aaf1668,Didn't get the chance to really use,4.0,female,"Auckland, New Zealand",2023-07-14,Positivo,didnt get the chance to really use,1,85.96
c2450a70-962c-4c0f-b6ea-ca0239f702c7,Originally tried Hinge in 2020 and left 1 star. It's gotten a lot better in 2024. If you are looking at fully utilizing this apps customised search settings the only way forward is to subscribe. *Note to App devs. Please can we have a DARK mode. My eyes have got burn in. 😋 🙏🏼🖤,4.0,male,"Hong Kong, China",2020-07-26,Positivo,originally tried hinge in 2020 and left 1 star its gotten a lot better in 2024 if you are looking at fully utilizing this apps customised search settings the only way forward is to subscribe note to app devs please can we have a dark mode my eyes have got burn in,1,97.09
87109fc5-c639-4e98-aa83-04ba3123feff,"it's pretty good, though it could use better oauth support for Firefox to integrate with Instagram",4.0,male,"Glasgow, United Kingdom",2020-06-04,Positivo,its pretty good though it could use better oauth support for firefox to integrate with instagram,2,52.18
6b1723d1-9aee-4130-9561-6dbeff02ce24,"It's like most dating apps, but at least there's no hidden paywall or any spammers that I've seen",4.0,male,"Edinburgh, United Kingdom",2020-03-22,Positivo,its like most dating apps but at least theres no hidden paywall or any spammers that ive seen,2,92.58
3df010a2-9a45-487d-a5e1-7e127908cb56,Great app.,4.0,male,"San Jose, United States",2022-01-15,Positivo,great app,2,65.53
b7b16ba1-bb96-4698-9807-dfcd59235ca4,It's better than Tinder...,4.0,male,"New York, United States",2022-03-19,Positivo,its better than tinder,1,77.48
985c42fc-2d61-4454-a255-92e1aac55582,yall it ain't that bad calm down with them 1 stars,4.0,male,"San Antonio, United States",2021-08-05,Positivo,yall it aint that bad calm down with them 1 stars,2,70.53
0f770861-873c-433a-b4a1-68200a1ec869,I found a few cool matches and some weird ones but I found someone with the ideal I had for myself he's flawed but amazing thank you hinge😊,4.0,male,"Denver, United States",2021-12-05,Positivo,i found a few cool matches and some weird ones but i found someone with the ideal i had for myself hes flawed but amazing thank you hinge,2,94.34
25448818-1e33-44b0-b8d5-502a60a19f71,Its a bit pricey but I appreciate how authentic and transparent the app is. I'm actually tempted to pay to see if my already good experience could become excellent,4.0,male,"Dallas, United States",2021-09-09,Positivo,its a bit pricey but i appreciate how authentic and transparent the app is im actually tempted to pay to see if my already good experience could become excellent,2,51.38
98acb003-4f25-4344-8019-561b5dfd2450,do not get matches often.,4.0,male,"Kathmandu, Nepal",2020-09-05,Positivo,do not get matches often,2,82.19
52463950-7112-4350-8363-ce729c2802ef,"Meet a lot of girls on here and find it very easy and intuitive to use. I love how it actually shows you people who liked you so you can match with them most apps don't do that. Probably the best dating app out there. You absolutely do not need to pay anything to use it and see results I've met two girls on here that I hooked up with both of them in just two months and several other first dates, which didn't really go anywhere big but it's how it be. It's a numbers game really.",4.0,male,"Mexico City, Mexico",2022-04-23,Positivo,meet a lot of girls on here and find it very easy and intuitive to use i love how it actually shows you people who liked you so you can match with them most apps dont do that probably the best dating app out there you absolutely do not need to pay anything to use it and see results ive met two girls on here that i hooked up with both of them in just two months and several other first dates which didnt really go anywhere big but its how it be its a numbers game really,2,69.25
74f1745e-10e1-40cc-acdf-84294689e0f1,Partner gefunden. Erfolgreich deinstalliert!,4.0,female,"Chicago, United States",2022-07-29,Positivo,partner gefunden erfolgreich deinstalliert,2,66.0
9e27edb5-fb55-4e6a-b218-91ee6dba503b,it's a good dating app however I notice sometimes that audio/video prompts dont always work. it could be my phone but idk it's nothing crazy,4.0,female,"Buenos Aires, Argentina",2022-11-24,Positivo,its a good dating app however i notice sometimes that audiovideo prompts dont always work it could be my phone but idk its nothing crazy,0,94.31
6364004f-ff06-4a8c-8cc6-137c93f69079,it is pretty good. Better than other apps.,4.0,female,"Sydney, Australia",2023-09-11,Positivo,it is pretty good better than other apps,1,82.32
9790e323-b20f-4110-87dd-29720229be98,at least features are better than other apps pricing is wrong but overall app is good,4.0,female,"Auckland, New Zealand",2023-07-13,Positivo,at least features are better than other apps pricing is wrong but overall app is good,1,90.99
966723d2-0710-4511-a2c9-f062bf92862c,Pretty good experience. Less fake profiles than other dating apps.,4.0,male,"Munich, Germany",2020-04-16,Positivo,pretty good experience less fake profiles than other dating apps,2,88.8
14a6c167-4ccd-4a6c-94b0-19cce6ee720c,Allowing for replies to specific quotes or pictures really streamlines the conversation with profiles and matches,4.0,male,"Chicago, United States",2022-05-12,Positivo,allowing for replies to specific quotes or pictures really streamlines the conversation with profiles and matches,1,91.57
87610fa5-3a40-43c1-86ad-88c1ba83834f,probably one of the better dating apps.,4.0,female,"Christchurch, New Zealand",2023-07-20,Positivo,probably one of the better dating apps,2,85.82
2e2a59ce-3c09-4e79-81fc-c3cd48643c41,"All the dating apps have similar drawbacks, but I honestly find the prompts lead users to connect with one another . Way to go, Hinge, for finding a purposeful new take on online dating!",4.0,female,"Christchurch, New Zealand",2023-05-01,Positivo,all the dating apps have similar drawbacks but i honestly find the prompts lead users to connect with one another way to go hinge for finding a purposeful new take on online dating,2,95.53
37b72edb-181b-4aba-800a-edbf900e6760,this is the first dating app I never-used! I'm using the free version and I like it so far!,4.0,male,"Nairobi, Kenya",2021-06-11,Positivo,this is the first dating app i neverused im using the free version and i like it so far,1,73.27
a4093e5c-ae25-4614-8c6a-95a1bbd328b2,The app can be alot better if you can make sure it mandatory for all accounts to be verified. Too many fake profiles.,4.0,male,"Brussels, Belgium",2019-11-29,Positivo,the app can be alot better if you can make sure it mandatory for all accounts to be verified too many fake profiles,1,54.99
9d1f72f6-27cf-4f47-91ad-565dcf39bd08,"It seems an ok app for dating. A female who found a boyfriend in a long term relation last year recommend it to me. So I gave it a shot. the app is missing a profile bio, so I hope the developer include this in the app design. But to be honest most people seldom read any profile these days. For this reason I included a short video to introduce myself. most of the matches are irrelevant for me though. The free version offers very few matches daily though.",4.0,male,"Philadelphia, United States",2022-04-30,Positivo,it seems an ok app for dating a female who found a boyfriend in a long term relation last year recommend it to me so i gave it a shot the app is missing a profile bio so i hope the developer include this in the app design but to be honest most people seldom read any profile these days for this reason i included a short video to introduce myself most of the matches are irrelevant for me though the free version offers very few matches daily though,1,49.47
2a5bb023-62a5-48a7-8826-8347db1e5b4b,"it's a good dating app, but some minor bugs and odd features somewhat annoy me. For some reason the chat box for regular people doesn't expand when typing, and the character limit for Rose matches kind of sucks.",4.0,female,"Christchurch, New Zealand",2023-05-02,Positivo,its a good dating app but some minor bugs and odd features somewhat annoy me for some reason the chat box for regular people doesnt expand when typing and the character limit for rose matches kind of sucks,0,54.11
2635eff5-d791-478e-a7be-cd7efa09c0f8,"Some problems with playing voice messages. Sometimes they don't play, sometimes they do - but keep repeating!",4.0,male,"Johannesburg, South Africa",2021-05-26,Positivo,some problems with playing voice messages sometimes they dont play sometimes they do but keep repeating,0,91.31
e07ac403-c584-4a10-8852-0c7aed03a17f,I don't have much to say other it does as described: pretty good. I just have an issue when enterring my birthday the confirmation page always sets it one day earlier 🙃 very strange to say the least,4.0,male,"Shanghai, China",2021-01-03,Positivo,i dont have much to say other it does as described pretty good i just have an issue when enterring my birthday the confirmation page always sets it one day earlier very strange to say the least,1,75.02
788a3719-ce49-4f96-bfa2-b9b9ab95cf97,I'm simply giving this app 4 stars because none of the women I liked have matched with me yet,4.0,male,"Dublin, Ireland",2019-11-25,Positivo,im simply giving this app 4 stars because none of the women i liked have matched with me yet,1,87.39
8e170e27-d1bb-4b01-a4da-c5fbb3684f30,"I do love Hinge but the constant ghosting is annoying. And if they’re not ghosting they’re pretending to be here for something other than their real intentions. If you just want to hook up just say it! But the app itself is cute, maybe would be nice more free features but I will definitely continue using it",4.0,male,"Rome, Italy",2020-04-13,Positivo,i do love hinge but the constant ghosting is annoying and if theyre not ghosting theyre pretending to be here for something other than their real intentions if you just want to hook up just say it but the app itself is cute maybe would be nice more free features but i will definitely continue using it,1,61.38
352ca09c-29eb-4fb9-9c7b-87b057c1ec52,"decent app, bit shady with the swipes",4.0,female,"Fortaleza, Brazil",2022-12-29,Positivo,decent app bit shady with the swipes,1,82.04
7fd7472e-61ea-4a34-ac5c-c09ee9cd1cf2,whoa real people.,4.0,male,"Windhoek, Namibia",2021-01-27,Positivo,whoa real people,2,66.62
5fe67659-175d-46e8-a776-7bdef0a6b02c,Honestly overall really good i would still recommend despite the few bugs and limitations Good overall settings you can see people who have liked you and like them back which is rare to find But on occasion hinge themself will decide when you cant chat to a match of yours anymore Ive had 3 people ghost me at the same time same day same hour while i was talking to them Thats not a coincidence So if you add them elsewhere asap then this app is honestly great,4.0,female,"Arequipa, Peru",2022-08-29,Positivo,honestly overall really good i would still recommend despite the few bugs and limitations good overall settings you can see people who have liked you and like them back which is rare to find but on occasion hinge themself will decide when you cant chat to a match of yours anymore ive had 3 people ghost me at the same time same day same hour while i was talking to them thats not a coincidence so if you add them elsewhere asap then this app is honestly great,1,56.7
fc034456-40a7-41ca-b948-2a6ba94672a0,Probably the best dating app. Less people on it than Tinder and Bumble but the quality of the matches is better,4.0,male,"Dakar, Senegal",2021-01-12,Positivo,probably the best dating app less people on it than tinder and bumble but the quality of the matches is better,1,91.8
d66bb939-bd04-4f83-a19e-1efe346454b6,"The quality of people here are much finer than It's competitors, however this app is designed to make you spend more!",4.0,male,"Bangalore, India",2020-09-09,Positivo,the quality of people here are much finer than its competitors however this app is designed to make you spend more,2,59.93
710ac914-0a60-4bc7-b923-29f5d6d6c13a,"The update requiring only 4 pictures from some people is bad; four pictures is rarely adequate, as you need most of those to showcase yourself from different angles/doing different activities. Six pictures allows for two more pics showing the person with friends/family. Only four photos limits how much you can show about who you are.",4.0,female,"Buenos Aires, Argentina",2023-01-29,Positivo,the update requiring only 4 pictures from some people is bad four pictures is rarely adequate as you need most of those to showcase yourself from different anglesdoing different activities six pictures allows for two more pics showing the person with friendsfamily only four photos limits how much you can show about who you are,1,97.87
58d6f2c1-6ff1-48dd-b487-a9ac8fb45e33,"As a guy, you really need to have nice, quality, and proper pictures in order to get liked by the ladies.",4.0,female,"Wellington, New Zealand",2023-03-28,Positivo,as a guy you really need to have nice quality and proper pictures in order to get liked by the ladies,2,52.44
0c8bff09-390e-49f3-90ef-6d1345740011,Showing people far from home is my only complaint.,4.0,female,"Suva, Fiji",2023-08-25,Positivo,showing people far from home is my only complaint,2,86.81
dca85ffb-8bf1-4ead-8663-ed6b7b0c6237,"Hinge is the best dating app I've used but the only problem is the newest update changed a lot and the old version was better. And also your ""most compatible"" doesn't really change and I don't agree with the people it says it's ""most compatible"" with. However other than that it's a really good. Mostly free. Dating app.",4.0,male,"Vancouver, Canada",2021-09-06,Positivo,hinge is the best dating app ive used but the only problem is the newest update changed a lot and the old version was better and also your most compatible doesnt really change and i dont agree with the people it says its most compatible with however other than that its a really good mostly free dating app,2,64.57
0b30bc5e-bc7e-4e90-819e-0468a4eafd30,"The pay wall for more conversation is a bit much, but that's capitalism for you 🤷🏿‍♂️",4.0,male,"Vancouver, Canada",2021-12-02,Positivo,the pay wall for more conversation is a bit much but thats capitalism for you,2,89.58
b01fd1cd-8c6a-4218-a683-7d6d3ed6b218,limited likes is very low,4.0,male,"Addis Ababa, Ethiopia",2021-01-15,Positivo,limited likes is very low,2,80.21
3fe26890-e549-4dd0-b993-46606652caa2,The only problem techincally that I see is you cant make poll prompts because it is stuck thinking there arent typed 3 optiones,4.0,male,"San Antonio, United States",2021-12-04,Positivo,the only problem techincally that i see is you cant make poll prompts because it is stuck thinking there arent typed 3 optiones,1,64.48
a08cd10f-26ea-4589-adee-8648e630996e,"It's functional, has real people, doesn't require money for everything.",4.0,female,"Brisbane, Australia",2023-04-20,Positivo,its functional has real people doesnt require money for everything,2,88.51
512bcdc2-e1c6-4b98-a782-1f965aa3a96d,it's good..allows you to establish communication without asking you to buy subscription.,4.0,male,"Phoenix, United States",2022-04-01,Positivo,its goodallows you to establish communication without asking you to buy subscription,0,86.97
ceb39d95-f087-4ef6-8640-991ecd483b23,"Honestly one of the best dating apps I've used, but the subscription is outrageously expensive, especially if you want to boost your profile. If you don't mind spending some money, I'd give this a shot.",4.0,female,"Wellington, New Zealand",2023-05-01,Positivo,honestly one of the best dating apps ive used but the subscription is outrageously expensive especially if you want to boost your profile if you dont mind spending some money id give this a shot,1,95.82
b786a118-e9f6-4400-b97f-92b13167b318,The only thing is I've never heard a reply from any of the ladies I commented on. Also would like to see them 10 years younger!,4.0,female,"Sydney, Australia",2023-07-31,Positivo,the only thing is ive never heard a reply from any of the ladies i commented on also would like to see them 10 years younger,1,95.04
9fda116a-b2aa-4ba8-a6ac-b3e41ba8256f,"Very expensive for the paid features, and the paywall is pretty aggressive, BUT the app is just so much better in every way than all competing options that even on the free tier it's very much worth it. Hinge also originated and mastered the concept of including in-app education on things like emotional self care, communicating clearly, boundary setting, and how to create and curate a profile to express what you really feel. NOTE: *very* laggy messaging at times, which occasionally kills things",4.0,female,"Bogotá, Colombia",2022-10-07,Positivo,very expensive for the paid features and the paywall is pretty aggressive but the app is just so much better in every way than all competing options that even on the free tier its very much worth it hinge also originated and mastered the concept of including inapp education on things like emotional self care communicating clearly boundary setting and how to create and curate a profile to express what you really feel note very laggy messaging at times which occasionally kills things,1,69.12
d546a03f-32fd-4794-ac8e-ef18e54fa288,pretty sweet I like the different format with all the written and voice prompts,4.0,male,"Mombasa, Kenya",2021-04-01,Positivo,pretty sweet i like the different format with all the written and voice prompts,0,64.93
fd4fcbda-f8bb-4277-bddd-4461863c7b38,"It's a good app. Well designed and fun to use, where you can pick out things you like about a profile which makes it much more interactive. No bots that I can see and the quality of girls is way higher than tinder, but loses a star for its inconsistencies. One minute there's periods I'm getting likes and matches all the time, the next I'm getting neither for long periods.",4.0,male,"Beijing, China",2020-07-08,Positivo,its a good app well designed and fun to use where you can pick out things you like about a profile which makes it much more interactive no bots that i can see and the quality of girls is way higher than tinder but loses a star for its inconsistencies one minute theres periods im getting likes and matches all the time the next im getting neither for long periods,2,98.08
5949f49d-1de6-4dd4-bd9d-a6e73e2aadc9,Probably the best dating app on the market. Profiles give a limited amount of space to say and show as much about yourself as possible. That makes it easy to see who is or isn't thoughtful and intentional about their profiles. You can filter on what I consider the important things though it's a bummer politics is a premium filter. I actually like the limited number of likes a day. It's a healthy limit to put the app down.,4.0,female,"Córdoba, Argentina",2022-09-11,Positivo,probably the best dating app on the market profiles give a limited amount of space to say and show as much about yourself as possible that makes it easy to see who is or isnt thoughtful and intentional about their profiles you can filter on what i consider the important things though its a bummer politics is a premium filter i actually like the limited number of likes a day its a healthy limit to put the app down,1,74.57
36c924ae-2d75-4ef0-b158-56f3c8f59be5,it's refreshing for a dating app. we're led to take our time for each person. still it feels very restrained if you don't buy a subscription.,4.0,female,"Adelaide, Australia",2023-09-18,Positivo,its refreshing for a dating app were led to take our time for each person still it feels very restrained if you dont buy a subscription,0,88.63
5dcbf48c-fea6-4533-9de1-d813e1942ed9,"Have y'all considered adding a lifetime subscription option? I don't want to pay monthly fees; but if I can pay a one-time fee to access all the premium features, I would probably buy it (depending on the price)!",4.0,female,"Queenstown, New Zealand",2023-05-07,Positivo,have yall considered adding a lifetime subscription option i dont want to pay monthly fees but if i can pay a onetime fee to access all the premium features i would probably buy it depending on the price,0,95.72
c99a1992-3628-432f-9d50-76c7a0fb3072,I wish it was possible to only see people who also want monogamy. Like make it a deal breaker for whatever someone prefers.,4.0,male,"Jerusalem, Israel",2020-06-16,Positivo,i wish it was possible to only see people who also want monogamy like make it a deal breaker for whatever someone prefers,0,91.92
c3659b53-1fe9-45b5-813e-a487d13696f2,Decent. Better than most.,4.0,male,"Accra, Ghana",2021-03-06,Positivo,decent better than most,1,81.12
f08f5a05-3d7f-4692-90b6-583173b28355,"Pretty good place potential dates. You can widely express what your looking for. There's video and voice prompts for your possible interest to see and hear you. If you're looking for long term, short term, age, height (so you'll know the shoes to wear, no neck cramps😂), children, etc. Some some sections blank, only leave the worst possible scenario, or not looking for a relationship, ladies😂 Guys still shirtless, with friends, grainy photos, cropped ex's, bad angles, so not prefect.",4.0,male,"Montreal, Canada",2021-09-25,Positivo,pretty good place potential dates you can widely express what your looking for theres video and voice prompts for your possible interest to see and hear you if youre looking for long term short term age height so youll know the shoes to wear no neck cramps children etc some some sections blank only leave the worst possible scenario or not looking for a relationship ladies guys still shirtless with friends grainy photos cropped exs bad angles so not prefect,0,61.5
12ff0184-8ced-4bed-b910-c3d0cc9973e4,It has a really good layout for profiles. Easy to use. Just giving it a try to see how it goes.,4.0,male,"Oslo, Norway",2020-03-25,Positivo,it has a really good layout for profiles easy to use just giving it a try to see how it goes,1,93.22
14e72d4a-76c9-4cc3-aa08-9508fc7c38c8,it's online dating,4.0,female,"Sydney, Australia",2023-09-10,Positivo,its online dating,1,64.97
08ddcd3d-2282-4d60-bf8d-8d53de9cb685,"Good app only one downside tho, I hate this pesky ""do you want to send a rose"" when I want to like someone. I don't want to send godamn rose! Stop pushing people for buying this",4.0,female,"Valparaíso, Chile",2022-09-06,Positivo,good app only one downside tho i hate this pesky do you want to send a rose when i want to like someone i dont want to send godamn rose stop pushing people for buying this,1,95.98
0ca63146-0bfc-433b-b9c8-5947e0bd2ce8,"The concept of liking with compliment is really innovative and good ice breaker. I believe you'll do a lot better than your competitors, but the app needs some work. Can't copy text sent in chat,can't send gifs, images,etc. Also, the unlike cross is not aptly positioned.",4.0,male,"Tel Aviv, Israel",2020-10-10,Positivo,the concept of liking with compliment is really innovative and good ice breaker i believe youll do a lot better than your competitors but the app needs some work cant copy text sent in chatcant send gifs imagesetc also the unlike cross is not aptly positioned,0,72.16
2f360c43-8675-4c0e-8da6-b1b0c3b14b5d,"Definitely not worth the money for a subscription but it's been my most successful app so far, so I'm gonna stick with it.",4.0,male,"Oslo, Norway",2020-02-20,Positivo,definitely not worth the money for a subscription but its been my most successful app so far so im gonna stick with it,2,92.19
9ccde475-4f81-4964-9e64-bf19c97ac702,Nice app but I'd like the ability to access my account on my browser/desktop. Being on the phone and typing a lot overwhelms me.,4.0,female,"Port Moresby, Papua New Guinea",2023-06-14,Positivo,nice app but id like the ability to access my account on my browserdesktop being on the phone and typing a lot overwhelms me,1,91.47
48474b33-c07f-4bbb-9b63-ee64c8698987,Limited functionality without subscription. Otherwise good.,4.0,male,"Hamburg, Germany",2020-06-04,Positivo,limited functionality without subscription otherwise good,1,73.64
c1927621-75c9-4e63-b8b4-6f7c73b992da,"great app, however, the subscription cost I feel seems to he too. Which I guess it will stay as long as people are willing to pay for it.",4.0,male,"Tokyo, Japan",2020-09-18,Positivo,great app however the subscription cost i feel seems to he too which i guess it will stay as long as people are willing to pay for it,2,95.3
21f91024-919b-4a9d-b686-6903ceeac397,it's better then most,4.0,male,"Calgary, Canada",2022-02-20,Positivo,its better then most,2,80.89
5a936fd5-3eb1-49b8-9b52-d3dc6776adae,"Hinge is awesome, but please add a body type filter like Match and OkCupid have!!",4.0,male,"Rome, Italy",2020-03-06,Positivo,hinge is awesome but please add a body type filter like match and okcupid have,0,52.64
06e80051-9997-4f68-a31e-a438b2707bf8,I got new matches,4.0,female,"Gold Coast, Australia",2023-05-26,Positivo,i got new matches,2,76.72
aadb2a5b-ff8f-4591-b5c2-9c2025ada756,"Significantly better than tinder in ease of getting higher quality matches. Since you can see who likes you (for free) matching with people feels less random, and the detailed profile info makes it feel more genuine. However, the free version is fairly limited (only 8 free likes per day). Conversations aren't that much better compared to other dating apps either, be prepared for slow replies, short answers, and a lot of ghosting.",4.0,female,"Salvador, Brazil",2022-09-09,Positivo,significantly better than tinder in ease of getting higher quality matches since you can see who likes you for free matching with people feels less random and the detailed profile info makes it feel more genuine however the free version is fairly limited only 8 free likes per day conversations arent that much better compared to other dating apps either be prepared for slow replies short answers and a lot of ghosting,1,78.74
d74493de-3c37-4ac4-bcd5-a30be17069a2,could be better could be worse this app has given me the most matches,4.0,male,"Karachi, Pakistan",2020-09-05,Positivo,could be better could be worse this app has given me the most matches,0,50.08
2db2a70f-7eca-4a50-91af-7b505d73f846,"You can like a certain part of someone's profile and the other can immediately like you back if you want to. Normally (Tinder/Bumble) you need some kind of premium account for that, but not here. The amount of likes you get per day is quite low, but it's lkay enough. Only thing I find annoying is that too much information (Gender, length, religion, location, etc) is all on one line which you can slide. That is not UX friendly",4.0,male,"Hanoi, Vietnam",2020-07-25,Positivo,you can like a certain part of someones profile and the other can immediately like you back if you want to normally tinderbumble you need some kind of premium account for that but not here the amount of likes you get per day is quite low but its lkay enough only thing i find annoying is that too much information gender length religion location etc is all on one line which you can slide that is not ux friendly,1,97.99
44e406ee-ad52-4677-962c-496e47d893a0,"it makes become detailed and attractive, at least digitaly",4.0,male,"Abuja, Nigeria",2021-01-30,Positivo,it makes become detailed and attractive at least digitaly,1,87.9
f61f6e9d-1497-4c31-8c5b-6fd2e50fb2cf,actually like it better than all other apps I've tried,4.0,male,"Houston, United States",2021-09-24,Positivo,actually like it better than all other apps ive tried,1,88.13
326c7042-c353-4dd3-9909-67fe8676bbef,I really like Hinge. Wish you didn't have to buy into it to get the perks but to each their own. Still digging the program.,4.0,male,"Taipei, Taiwan",2020-11-14,Positivo,i really like hinge wish you didnt have to buy into it to get the perks but to each their own still digging the program,2,94.6
103ac7e0-d81a-4834-89fa-0e2a8ca07cb9,"honestly, all the same problems every dating app has, but this is the least awful of them all I've been on",4.0,male,"Guadalajara, Mexico",2022-02-18,Positivo,honestly all the same problems every dating app has but this is the least awful of them all ive been on,1,76.66
ba64c2bb-4c1d-423e-8f6b-bc0b6216e2cb,Definitely rewards higher effort profiles! Please add a search button for those of us who can't remember each conversation between matches! I need to search keywords between conversations because sometimes I forget who I told what.,4.0,female,"Wellington, New Zealand",2023-06-16,Positivo,definitely rewards higher effort profiles please add a search button for those of us who cant remember each conversation between matches i need to search keywords between conversations because sometimes i forget who i told what,0,80.2
e83515ea-5b0a-4004-9b70-2d1a7b85975b,far better than tinder or bumble for actually talking and meeting people,4.0,male,"Boston, United States",2021-11-01,Positivo,far better than tinder or bumble for actually talking and meeting people,2,89.61
9a5a230b-706a-4190-80f9-56d945794920,"Update: problems resolved, love the updates.",4.0,male,"Tokyo, Japan",2020-10-24,Positivo,update problems resolved love the updates,0,85.88
f9d8ba8a-56cc-432f-acfb-815367ce3469,"so far lots of matches, but no real chats",4.0,female,"Phoenix, United States",2022-07-30,Positivo,so far lots of matches but no real chats,2,73.2
44bd39b8-4601-4204-851e-1064f8eabe19,Simple stress free formst.,4.0,male,"Houston, United States",2022-02-01,Positivo,simple stress free formst,1,81.83
b4c9d309-8374-4453-9449-64eab96cd190,nice app ........,4.0,female,"Gold Coast, Australia",2023-06-09,Positivo,nice app,0,64.93
c52d4fdc-da2a-4f73-811c-5cc1bda05871,seems decent enough,4.0,male,"Zurich, Switzerland",2020-03-30,Positivo,seems decent enough,1,76.25
8bf38811-d2d5-4a82-9edc-b942cd50ee68,It's a good app.,4.0,female,"Brasília, Brazil",2022-12-16,Positivo,its a good app,2,64.19
2249d9e6-b35d-4f30-99f9-c6f790808485,Seems like a decent app but there really should be a confirm option on sending a rose. I was half way through typing a message and tabbed out to check something when I tabbed back on I hit the rose button which not only sent a rose but a half finished message so I look like an idiot. Also the roses are ridiculously overpriced.,4.0,male,"Boston, United States",2021-09-28,Positivo,seems like a decent app but there really should be a confirm option on sending a rose i was half way through typing a message and tabbed out to check something when i tabbed back on i hit the rose button which not only sent a rose but a half finished message so i look like an idiot also the roses are ridiculously overpriced,1,97.66
3e3cc7fd-8810-4172-8f41-1be758547faf,"Pros: The ability to like and comment on individual photos and prompts is done better than any other app. You use video and audio to respond to prompts. It feels like there are a lot of real people on it. You can use playstore money to pay. Cons: The way it displays important information like sex and location can make it easy to miss. There are filters for nearby, active, and compatible, but I'm not sure what drives ""compatible"" as there is no question process",4.0,male,"Tijuana, Mexico",2021-08-17,Positivo,pros the ability to like and comment on individual photos and prompts is done better than any other app you use video and audio to respond to prompts it feels like there are a lot of real people on it you can use playstore money to pay cons the way it displays important information like sex and location can make it easy to miss there are filters for nearby active and compatible but im not sure what drives compatible as there is no question process,2,79.58
0fca8aee-c7a5-4b21-a9e2-172024619eba,"it's really not my thing, but I guess it works if you work it..lol",4.0,male,"Tripoli, Libya",2021-01-24,Positivo,its really not my thing but i guess it works if you work itlol,2,87.67
7252f9eb-1aaa-4664-ac2f-58c6aad6d66c,"Overall while I've not had any success with this app, I have more fun using this than Tinder or Bumble. From taking a chance on it after my sister finding a partner on it, I've came incredibly close many times to finding the perfect match on here. Overall I'm hoping the best of luck with this new match, and if not I know I'll find someone else who tickles my fancy on this app.",4.0,male,"Shanghai, China",2020-08-07,Positivo,overall while ive not had any success with this app i have more fun using this than tinder or bumble from taking a chance on it after my sister finding a partner on it ive came incredibly close many times to finding the perfect match on here overall im hoping the best of luck with this new match and if not i know ill find someone else who tickles my fancy on this app,1,52.5
e928dd3b-1f73-4b73-a97d-416cf354a7e9,"It's a great app. I get lots of matches. The people you meet on it just don't seem to actually want a relationship. That's not the app's fault, soo...",4.0,male,"Toronto, Canada",2022-01-23,Positivo,its a great app i get lots of matches the people you meet on it just dont seem to actually want a relationship thats not the apps fault soo,2,94.75
0660f1d1-20fb-49cf-a011-d050978b3f9b,of all the apps I tried this is the best one,4.0,male,"Berlin, Germany",2020-03-10,Positivo,of all the apps i tried this is the best one,2,84.52
d2fbe27f-4fe8-4bb9-b2e0-1efba9eed8c3,"It is recommended to use, a very good app",4.0,male,"Seoul, South Korea",2020-07-14,Positivo,it is recommended to use a very good app,0,83.98
01613b13-6841-486d-b22f-8c8a6964942e,it's the best dating app I just don't like the subscription after photo verification,4.0,male,"Bangalore, India",2020-07-02,Positivo,its the best dating app i just dont like the subscription after photo verification,1,48.32
be1b1015-ac34-4f65-a7de-92c812f55ec1,Great,4.0,male,"Bali, Indonesia",2020-09-19,Positivo,great,2,65.53
0145b9e9-12bb-45f4-82ff-b64ff3db9c77,It's ok,4.0,male,"Shanghai, China",2020-06-19,Positivo,its ok,0,33.33
51e1e8ab-16f5-4e5e-8de5-a55a030b38a9,"It's my favourite app. Has the best selection of people, but I don't understand why I'm being deprived from using it. I've been banned and I wasn't inappropriate in any way. Wish they would allow me back on the app.",4.0,male,"Austin, United States",2022-06-07,Positivo,its my favourite app has the best selection of people but i dont understand why im being deprived from using it ive been banned and i wasnt inappropriate in any way wish they would allow me back on the app,1,54.7
4ab79594-0da2-4400-81e7-422e80cb7a32,Great App! How do I ask them to add something?,4.0,male,"Toronto, Canada",2022-05-28,Positivo,great app how do i ask them to add something,2,88.97
94f0d374-761c-4967-8a43-b7f8d354ec51,"so far so good, fun",4.0,male,"Lagos, Nigeria",2021-05-08,Positivo,so far so good fun,2,82.75
913d1e7e-b0b4-419f-a998-1704d1ac563c,"The app is fine. My complaint is that I wish the the ""Liked You"" list was a queue and not a stack. I would prefer to give the likes sent consideration in the order they were received, not the most recent like first.",4.0,male,"San Francisco, United States",2022-05-30,Positivo,the app is fine my complaint is that i wish the the liked you list was a queue and not a stack i would prefer to give the likes sent consideration in the order they were received not the most recent like first,2,66.66
8c4ae1c0-6c5f-48b2-9b5e-4cf5c8a39213,so far so good.,4.0,male,"Abuja, Nigeria",2021-06-14,Positivo,so far so good,2,76.52
a52d6ff6-0aa0-4ac0-96b6-c30e508d2da9,it's actually not trash. Not bad,4.0,female,"São Paulo, Brazil",2022-12-26,Positivo,its actually not trash not bad,2,76.06
6b6bad70-73e9-4d9a-8187-18ed6e192935,"After much thought, I firmly believe this is the best dating app available right now. You don't have to pay to see who likes you, it's relatively easy to stay a conversation, the user base is mostly kept free of bots and inactive accounts, and it does the best job of recommending people to you that you might actually want to talk to of all the dating apps. I do wish the premium features were somewhat reasonably priced, but every dating app seems to think they're worth $40+ a month (they're not)",4.0,male,"Barcelona, Spain",2020-05-08,Positivo,after much thought i firmly believe this is the best dating app available right now you dont have to pay to see who likes you its relatively easy to stay a conversation the user base is mostly kept free of bots and inactive accounts and it does the best job of recommending people to you that you might actually want to talk to of all the dating apps i do wish the premium features were somewhat reasonably priced but every dating app seems to think theyre worth 40 a month theyre not,2,98.24
d04bb952-9738-4b83-9a71-92e28edf256a,easy to use and convinianc,4.0,male,"Jakarta, Indonesia",2020-12-02,Positivo,easy to use and convinianc,0,60.87
d035e154-d086-49cb-9895-eb4860c34dc5,prettyyy prettyyy pretty good,4.0,female,"Valparaíso, Chile",2022-09-13,Positivo,prettyyy prettyyy pretty good,2,63.26
9940051f-cf7c-4ede-a8e8-b9624990ac57,Nice app,4.0,male,"Washington DC, United States",2022-06-07,Positivo,nice app,0,64.93
1b9e2b5b-9c86-441d-9cfa-6e5b123fc4f6,good app,4.0,male,"Harare, Zimbabwe",2021-07-09,Positivo,good app,2,64.2
cd9f603a-fccc-409c-8f1b-9df78227ffcf,"This app is pretty good. The way profiles are structured encourages conversation, and it allows you to express more individuality than other apps. I give it 4 stars because there are some technical issues (text boxes you're typing in occasionally go blank, profile updates are prone to happen before you've finished editing). On the whole, though, it's a good experience, and actually usable in the free version, which some others are not.",4.0,male,"Philadelphia, United States",2022-06-03,Positivo,this app is pretty good the way profiles are structured encourages conversation and it allows you to express more individuality than other apps i give it 4 stars because there are some technical issues text boxes youre typing in occasionally go blank profile updates are prone to happen before youve finished editing on the whole though its a good experience and actually usable in the free version which some others are not,1,87.02
aa30b8e1-3da8-4fc3-bb01-8c401ad4803c,Nice one,4.0,male,"Lahore, Pakistan",2020-10-03,Positivo,nice one,0,73.37
33753ae4-924d-4bb5-9f14-65c6deb0b16a,"Hinge is far better 'human quality wise' then Tinder and Bumble that are ridden with scammers but in that regard, recently the scammers have found hinge and its quite annoying. However, not as annoying as the various bugs in this app, overlapping profiles, typing bugs and crashes are common and apparently the team is working on it but nothings changed yet..",4.0,female,"Wellington, New Zealand",2023-09-03,Positivo,hinge is far better human quality wise then tinder and bumble that are ridden with scammers but in that regard recently the scammers have found hinge and its quite annoying however not as annoying as the various bugs in this app overlapping profiles typing bugs and crashes are common and apparently the team is working on it but nothings changed yet,2,97.24
3f6b96b2-d7ca-4649-b7bf-8fe2b0a131e3,it has a good user interface,4.0,male,"Edinburgh, United Kingdom",2019-11-19,Positivo,it has a good user interface,0,82.63
70ca646b-c443-43db-8ad6-db0160d5349d,Bugs were fixed so updating my review - hinge is probably the better of the dating apps. Still bots on it but once you get used to what they look like you can avoid em fine. Id say best one cause you have thr ability to set preferences and you can actually leave a comment on things first before matching,4.0,female,"Salvador, Brazil",2023-01-09,Positivo,bugs were fixed so updating my review hinge is probably the better of the dating apps still bots on it but once you get used to what they look like you can avoid em fine id say best one cause you have thr ability to set preferences and you can actually leave a comment on things first before matching,2,97.6
bb51b1d9-3d18-41ba-9213-965c3a685c3a,better then tinder yu can see who likes u,4.0,male,"Los Angeles, United States",2021-08-03,Positivo,better then tinder yu can see who likes u,1,87.65
f0ef7117-17e7-42a9-bc9c-974b2c782797,it has been pretty mellow so far,4.0,male,"Boston, United States",2021-10-20,Positivo,it has been pretty mellow so far,2,81.06
f9ab6a5d-8921-4724-951f-4687a0c2fd69,good 👍,4.0,male,"Pretoria, South Africa",2021-03-01,Positivo,good,2,64.2
2b699f44-fdba-4b6f-a0fe-ab4ce0f3f910,"You actually have a better chance of approaching women here. Unlike most other apps where they have to match with you before you could say anything *pro tip -be a peddler, bohot scope he.",4.0,male,"Budapest, Hungary",2020-06-10,Positivo,you actually have a better chance of approaching women here unlike most other apps where they have to match with you before you could say anything pro tip be a peddler bohot scope he,1,94.92
9c02337f-5dfa-4e3c-8129-8d7c11208ecf,I like the way the profiles are shown which are close to my best of interests. I'm giving it 4 because the upgrades are way too expensive for the time given!,4.0,male,"Tripoli, Libya",2021-07-06,Positivo,i like the way the profiles are shown which are close to my best of interests im giving it 4 because the upgrades are way too expensive for the time given,2,95.03
0752525d-8b36-4f4f-868c-a74adf4d11d5,so far it's a good app,4.0,female,"Adelaide, Australia",2023-09-20,Positivo,so far its a good app,2,76.52
2d069d33-c22b-4998-8af7-7f3d74b1bc32,"Very attractive women overall within a reasonable distance of me and they appear to be real profiles. After a month or more with a free profile though, I never managed to speak to any of the women I liked so I'm not paying for a subscription as I may never get dates.",4.0,female,"Wellington, New Zealand",2023-05-03,Positivo,very attractive women overall within a reasonable distance of me and they appear to be real profiles after a month or more with a free profile though i never managed to speak to any of the women i liked so im not paying for a subscription as i may never get dates,1,97.12
32b9c7f8-5b62-4580-b596-4f3c1218a49e,best,4.0,female,"Nadi, Fiji",2023-08-19,Positivo,best,0,64.31
58a69f56-54cb-4b69-8d31-1753cb0efd77,"I like this app. Still haven't found my match, but I like it lml",4.0,male,"Boston, United States",2021-10-20,Positivo,i like this app still havent found my match but i like it lml,1,83.19
11424e5e-8ee6-40ae-8a7a-299940e85bf2,Cannot log in with sms. Keep receiving errors. Customer service has offered no viable solution.,4.0,female,"Sydney, Australia",2023-05-11,Positivo,cannot log in with sms keep receiving errors customer service has offered no viable solution,1,75.24
5dfc0877-cc75-426a-81fd-23dee56a3e33,you shouldn't have to pay so much,4.0,female,"Brasília, Brazil",2023-01-20,Positivo,you shouldnt have to pay so much,2,81.71
559d0cdb-38f2-4f83-a8eb-0eed4001014c,So far so good. Not sure why theres an age and milage preferance. I put no more that 100 miles from my location and it matched me with someone on the other side of the country. More than 1500 miles away.,4.0,female,"San Jose, United States",2022-06-24,Positivo,so far so good not sure why theres an age and milage preferance i put no more that 100 miles from my location and it matched me with someone on the other side of the country more than 1500 miles away,0,45.46
2dd75c21-939a-4d67-b65e-3e5cfdfcdbdf,"Update to previous review Fixed the gender issue, but it's still kinda pricey",4.0,male,"Cape Town, South Africa",2021-02-21,Positivo,update to previous review fixed the gender issue but its still kinda pricey,2,92.73
6fbe249e-db1a-463e-bbda-10dfcd24eb73,Pretty good compared to other dating apps,4.0,male,"San Jose, United States",2022-04-27,Positivo,pretty good compared to other dating apps,2,58.55
f88e46c5-710b-4f15-b737-94d75acd7ff3,I'm beggner here and it's going good so far,4.0,male,"Toronto, Canada",2022-04-21,Positivo,im beggner here and its going good so far,2,85.79
908d8771-4788-4018-8a92-b58f53a0256c,It keeps showing me the people i already swap left. The people who are not my type keeps showing. I prefer it says we are out of people than showing me the same guy over and over.,4.0,female,"Brisbane, Australia",2023-06-26,Positivo,it keeps showing me the people i already swap left the people who are not my type keeps showing i prefer it says we are out of people than showing me the same guy over and over,0,95.91
56e4ba6f-f730-465d-b5d4-a85551627704,"I hate how after I match with someone, I can't scroll to see their location, if they drink, etc etc.",4.0,female,"Brisbane, Australia",2023-06-21,Positivo,i hate how after i match with someone i cant scroll to see their location if they drink etc etc,1,94.9
654a551b-5b8d-4cfd-a251-e88c1179218b,"Great DATING app BUT can you guys (Hinge) add ""personality"" in preference section, I'm a introvert and that option to find another introvert would be great for me and im sure other people, and also a ""music type"" would be nice like im into reggae so would be nice to find a person that likes reggae music too, the type of music someones into can show the type of person they are culturally wise, so people can make better matches with that feature. Great app tho!",4.0,male,"Dallas, United States",2021-11-18,Positivo,great dating app but can you guys hinge add personality in preference section im a introvert and that option to find another introvert would be great for me and im sure other people and also a music type would be nice like im into reggae so would be nice to find a person that likes reggae music too the type of music someones into can show the type of person they are culturally wise so people can make better matches with that feature great app tho,1,93.53
7f724940-5892-405a-a0f0-18c654fc1add,better than every other app I've tried,4.0,male,"San Jose, United States",2022-03-12,Positivo,better than every other app ive tried,1,86.23
cac93cd5-94fd-4d28-9726-51d3e6422f8c,"Not a bag dating experience, just alot of married or newly Wed women on it. Better than most",4.0,male,"Lagos, Nigeria",2021-03-30,Positivo,not a bag dating experience just alot of married or newly wed women on it better than most,1,59.51
8fcdf3b4-5d3a-4ea3-ab4c-05408a92e307,lags a lot,4.0,male,"Austin, United States",2021-08-07,Positivo,lags a lot,2,64.32
77eb931c-9772-4e89-973e-63626e3651f5,It's great overall but it just unmatched me from my last few matches. I think it has a bug,4.0,female,"Asunción, Paraguay",2023-02-28,Positivo,its great overall but it just unmatched me from my last few matches i think it has a bug,2,92.86
d95c8a11-bee3-41cf-a3a2-fd718978c5c8,"I have trouble finding dates on most platforms, but most people seem actually interested in engaging in genuine dialogue. I'm very impressed by how thoughtful the platform is in helping you utilize your likes and ""super like"" (roses) system. Easily the best dating platform I've used thus far",4.0,male,"Barcelona, Spain",2020-01-14,Positivo,i have trouble finding dates on most platforms but most people seem actually interested in engaging in genuine dialogue im very impressed by how thoughtful the platform is in helping you utilize your likes and super like roses system easily the best dating platform ive used thus far,0,59.77
5f88dc95-fdad-48c0-a275-37fc6476a0a9,"It's alright, I can't complain. For free Hinge offers quite a bit. Which is far more than many other dating apps. it has a clean user interface, well optimized, and it's easy to use.",4.0,male,"Ho Chi Minh City, Vietnam",2020-08-03,Positivo,its alright i cant complain for free hinge offers quite a bit which is far more than many other dating apps it has a clean user interface well optimized and its easy to use,1,52.65
a28e212d-15d6-4346-8869-4bef3496d7e4,it's better than the other ones for anyone over 35... But it has gotten very buggy! Half the messages don't even make it through.,4.0,male,"Cancun, Mexico",2021-09-07,Positivo,its better than the other ones for anyone over 35 but it has gotten very buggy half the messages dont even make it through,1,93.68
8dd28a43-5bd0-4238-a8e6-874d5c31e707,"I do like the app, the way of interacting works well. The app is very slow with notifications though, 1h sometimes! Also £45 for 1 month is insane, I'll never be doing that for the low number of members. If they were ethical and said £13pm then I'd probably subscribe forever.",4.0,male,"Chennai, India",2020-10-31,Positivo,i do like the app the way of interacting works well the app is very slow with notifications though 1h sometimes also 45 for 1 month is insane ill never be doing that for the low number of members if they were ethical and said 13pm then id probably subscribe forever,1,52.74
dc8d2fb6-f634-4e72-8b1f-c8f579db65d4,finally an app without such a prominent hook-up culture (might just be a good algorithm),4.0,female,"Christchurch, New Zealand",2023-09-23,Positivo,finally an app without such a prominent hookup culture might just be a good algorithm,0,90.4
d9af0add-523b-42bd-8a51-ec91d4bee6f1,expensive but fun,4.0,male,"Monterrey, Mexico",2022-05-04,Positivo,expensive but fun,2,76.99
d850ff22-3ea3-469c-ab79-aa2a1cb19536,"I'd say overall I've had a better experience with Hing than other dating apps. The profiles are simple, but usually informative enough to work with. I am a little confused on how the algorithm works, or maybe I'm confusing it: the ""compatible"" and ""standouts"" shown to me usually aren't that interesting to me. The normal matching seems OK though. I am also a little surprised that the chat isn't compatible with inlined gifs (found that out trying to share some memes).",4.0,male,"Casablanca, Morocco",2021-07-28,Positivo,id say overall ive had a better experience with hing than other dating apps the profiles are simple but usually informative enough to work with i am a little confused on how the algorithm works or maybe im confusing it the compatible and standouts shown to me usually arent that interesting to me the normal matching seems ok though i am also a little surprised that the chat isnt compatible with inlined gifs found that out trying to share some memes,2,97.96
26ce3a94-7f05-4d2d-a12f-d74985e83e1d,Good,4.0,male,"Osaka, Japan",2021-01-02,Positivo,good,2,64.21
fb3912e7-ec12-461c-8e9c-36b916a59cfc,I'd like to give more specific information about family plans,4.0,female,"Hobart, Australia",2023-03-28,Positivo,id like to give more specific information about family plans,1,90.91
943265e0-8c70-4d59-9f72-db14d99c5163,Best site overall for experience and interactive. Only ghing that stopped it from getting a 5 is it is glitchy at times,4.0,female,"Salvador, Brazil",2022-08-28,Positivo,best site overall for experience and interactive only ghing that stopped it from getting a 5 is it is glitchy at times,0,46.32
f85615b5-6aa3-4fb5-9150-da9f58da1a17,facial recognition verification is appreciated!,4.0,male,"Ottawa, Canada",2021-10-07,Positivo,facial recognition verification is appreciated,0,80.76
2da30bac-85d9-48d7-8f75-8b4b54dcaf1e,"So I wasn't getting any matches from sending likes, but then when I started commenting on ppls photos, I got a lot more. Not a criticism on the app just wanted to share my experience",4.0,male,"Johannesburg, South Africa",2021-03-12,Positivo,so i wasnt getting any matches from sending likes but then when i started commenting on ppls photos i got a lot more not a criticism on the app just wanted to share my experience,2,63.16
a5f298ae-0abd-4faa-9ba6-f987b2518b6a,"I like it, ui is different and unique, and I love how active it is to figure out who is compatible or not.",4.0,female,"Santiago, Chile",2022-09-17,Positivo,i like it ui is different and unique and i love how active it is to figure out who is compatible or not,1,58.83
6109109a-ea09-4129-ab7d-2d743bb393ce,Most matches are somewhat more compatible than on other platforms. The pity is that you can't sort the matches by distance.,4.0,male,"Los Angeles, United States",2022-02-01,Positivo,most matches are somewhat more compatible than on other platforms the pity is that you cant sort the matches by distance,2,93.85
fdb6ac07-f528-4592-bc3b-27e0a765ee5b,"Pretty good, better interface than tinder by a mile. Quite expensive otherwise. I guess love ain't cheap.",4.0,male,"Austin, United States",2021-11-18,Positivo,pretty good better interface than tinder by a mile quite expensive otherwise i guess love aint cheap,2,91.13
cb51110e-6c26-4041-9289-ec4c69ae3baf,"Great app for meeting someone. I met my Fiancé on here. But the app is plagued with technical problems, otherwise it would be 5 stars",4.0,female,"Asunción, Paraguay",2023-01-04,Positivo,great app for meeting someone i met my fiancé on here but the app is plagued with technical problems otherwise it would be 5 stars,0,75.58
adb9d503-4a5c-42bd-acf6-d4333a070fc7,Like the app a lot. Lately been having some issues with voice prompts. Also would be very appreciative if the phone/video call feature would return.,4.0,male,"Manila, Philippines",2020-09-20,Positivo,like the app a lot lately been having some issues with voice prompts also would be very appreciative if the phonevideo call feature would return,0,94.28
b91b2020-66cb-4080-aa02-2d8f53f921a9,Met my current gf of 1.5 years,4.0,male,"Boston, United States",2021-08-04,Positivo,met my current gf of 15 years,0,76.65
a56b20f5-29fd-4abe-8957-7cb132c8e2e7,I really like that you have to put detail into your profile. Though not a lot of people do even with the good prompt choices. This dating app is the best I've used. Would recommend it to others who are looking to date.,4.0,male,"Bangkok, Thailand",2020-10-24,Positivo,i really like that you have to put detail into your profile though not a lot of people do even with the good prompt choices this dating app is the best ive used would recommend it to others who are looking to date,1,83.85
367f58c8-d7aa-4ca2-b5d2-e4d971efb6cd,"I really enjoy Hinge, and admittedly they do promote a much nicer image of themselves then Tinder and Bumble. The people on here are calm and I like that I get a steady stream of likes. Thanks for the hard work guys. ☺️",4.0,female,"Auckland, New Zealand",2023-07-23,Positivo,i really enjoy hinge and admittedly they do promote a much nicer image of themselves then tinder and bumble the people on here are calm and i like that i get a steady stream of likes thanks for the hard work guys,2,96.02
ff837da4-2783-44cc-899d-9e3b8e11554c,The concept is better than most such apps. However it's not as popular,4.0,male,"Austin, United States",2021-12-07,Positivo,the concept is better than most such apps however its not as popular,0,60.95
b8144148-417f-4e2e-b077-6a10bbac9f38,"I'd have to say it's currently the best dating app out there. One of its biggest pros is that it has a nice and beefy filter system, so one can weed out what they are not interested in...unlike some 'other' dating apps that force you to sit for hours swiping left!",4.0,male,"San Francisco, United States",2022-06-17,Positivo,id have to say its currently the best dating app out there one of its biggest pros is that it has a nice and beefy filter system so one can weed out what they are not interested inunlike some other dating apps that force you to sit for hours swiping left,2,67.81
0b650e32-50ca-495e-93ac-3a4aaf13d474,hinge a dating app where no one wants a relationship 😬,4.0,female,"Quito, Ecuador",2023-03-03,Positivo,hinge a dating app where no one wants a relationship,1,89.13
f3fabaf0-022c-4b01-a1e6-602e9aab7100,"so far, so good. no complaints. actually impressed that you can, with few limitations, actually navigate this app completely free. thank you to #Hinge for the app! thank you to #whatever channel on YouTube. I heard a recommendation from, Alley, one of the guests.",4.0,male,"Paris, France",2020-03-01,Positivo,so far so good no complaints actually impressed that you can with few limitations actually navigate this app completely free thank you to hinge for the app thank you to whatever channel on youtube i heard a recommendation from alley one of the guests,1,70.03
1d50250a-9060-43f5-98b7-c63078f1fbd2,"The app does a good job of weeding out the bots, and figuring out potential matches.",4.0,male,"Philadelphia, United States",2022-01-21,Positivo,the app does a good job of weeding out the bots and figuring out potential matches,2,92.32
2f5ac6ab-a9ab-4bbb-8f59-9e559faccf4b,you have to put in the work to get anything out of it. just like anything else with the opposite sex lol,4.0,male,"Casablanca, Morocco",2021-02-17,Positivo,you have to put in the work to get anything out of it just like anything else with the opposite sex lol,2,93.42
191a372c-ee1a-4d73-b954-594cb4e84d31,seems okay so far only had it a day so .... early days.,4.0,male,"Washington DC, United States",2021-08-09,Positivo,seems okay so far only had it a day so early days,2,91.7
e757997c-06ed-4133-a6ab-6b354c8594de,i am kinda surprised...it does have an interesting way of matching with people.,4.0,female,"Perth, Australia",2023-03-29,Positivo,i am kinda surprisedit does have an interesting way of matching with people,2,89.53
0eac16f8-4079-42be-a621-177c37e8a433,nice,4.0,male,"Seattle, United States",2022-04-10,Positivo,nice,0,64.93
a8cfde97-2750-481a-9afc-4f55fafdcf34,No i didn't get a single date but it's better than others. At least i get to send message to mademoiselle sunshines!,4.0,male,"Cape Town, South Africa",2021-07-07,Positivo,no i didnt get a single date but its better than others at least i get to send message to mademoiselle sunshines,1,92.05
26ba3f6d-765a-4289-83b5-e12822a30ae4,A dating app that is generally more respectful than others. 👍,4.0,male,"Bangalore, India",2020-08-13,Positivo,a dating app that is generally more respectful than others,2,53.22
9cdd4055-e8b1-45b8-8d1c-66a4ee7a3a6f,Not many scam profiles and its an easy site to use,4.0,male,"Guangzhou, China",2020-08-25,Positivo,not many scam profiles and its an easy site to use,0,79.82
0ff16ef0-c836-4dec-91be-cee52ff30cfd,A few less profile options than I would like... but seems like a solid app,4.0,male,"Cape Town, South Africa",2021-05-25,Positivo,a few less profile options than i would like but seems like a solid app,0,80.46
0bbd7903-4773-47c2-9ec0-af39093c4aaa,"I want to suggest allowing us to view the people we have sent likes to. I sent a like, but didn't get a chance to attach a message. I'd like to be able to go back and fix that.",4.0,female,"São Paulo, Brazil",2022-10-17,Positivo,i want to suggest allowing us to view the people we have sent likes to i sent a like but didnt get a chance to attach a message id like to be able to go back and fix that,1,95.55
dab3a825-1592-4acc-8036-b97dbeaa04f8,"great app for meeting people, but still loads of bugs in the app",4.0,male,"Denver, United States",2021-08-31,Positivo,great app for meeting people but still loads of bugs in the app,2,88.81
614eb861-a9f2-4f16-9758-17ba2d276609,best dating app,4.0,female,"Canberra, Australia",2023-08-30,Positivo,best dating app,2,64.82
f8ed8b95-3691-4867-be63-516dfd697d26,"Probably the best of my mediocre experiences with dating apps. Gives you a better chance to get to know what people are like than other swiping apps. I've gone through periods where I've given up on it because it only shows the kinds of profiles that I am not interested in, but I eventually check back and it's better. You still get a Rose (their upgraded like) for free every week, unlike the superlikes on most of the other apps. I've never gotten a response from one, though.",4.0,male,"Toronto, Canada",2022-02-02,Positivo,probably the best of my mediocre experiences with dating apps gives you a better chance to get to know what people are like than other swiping apps ive gone through periods where ive given up on it because it only shows the kinds of profiles that i am not interested in but i eventually check back and its better you still get a rose their upgraded like for free every week unlike the superlikes on most of the other apps ive never gotten a response from one though,1,77.08
7688fc8a-e364-4085-8670-f017834e2503,In my experience is the only app that works. It should have a filter by verified user. I don't want to have to skip all those fake profiles.,4.0,male,"Lusaka, Zambia",2021-07-07,Positivo,in my experience is the only app that works it should have a filter by verified user i dont want to have to skip all those fake profiles,1,93.34
19568beb-89c5-4b54-a84d-b7a8e3f3cf0f,Lost a star cos I don't get to 'freewrite' anything.. otherwise great,4.0,male,"Dubai, United Arab Emirates",2020-07-11,Positivo,lost a star cos i dont get to freewrite anything otherwise great,2,89.62
4bc45a6b-6185-4231-9468-b4a201bb0c81,Easy to use and you can see who likes without paying,4.0,male,"Austin, United States",2021-10-12,Positivo,easy to use and you can see who likes without paying,1,85.89
dc55c40d-87de-4959-a229-92f1565ab566,"At least you can get your interest to someone directly so they can choose from just folks who might like them, definitely had more matches on here just due to that I imagine, but seems to have lower userbase than Tinder so I run out of cards and I'm also salty because I'm ugly so I kept a star for myself",4.0,male,"Jakarta, Indonesia",2020-10-27,Positivo,at least you can get your interest to someone directly so they can choose from just folks who might like them definitely had more matches on here just due to that i imagine but seems to have lower userbase than tinder so i run out of cards and im also salty because im ugly so i kept a star for myself,0,52.74
55927210-4bfd-4c84-bcd3-7cbc7ff0ae3d,Have always enjoyed this app and like the detailed profiles. Allow me to search by relationship type and you'll earn my money and 5 star rating.,4.0,female,"Port Moresby, Papua New Guinea",2023-07-25,Positivo,have always enjoyed this app and like the detailed profiles allow me to search by relationship type and youll earn my money and 5 star rating,0,48.74
c0c8db05-6d64-41c4-b499-6c4bb67117c8,I would say it has reasonably interesting. Still deciding if it would be worth it to upgrade the membership.,4.0,male,"Busan, South Korea",2020-08-07,Positivo,i would say it has reasonably interesting still deciding if it would be worth it to upgrade the membership,0,52.78
7ba21a57-cebb-48cb-b18d-34036314dd63,Great,4.0,male,"Kuala Lumpur, Malaysia",2020-11-04,Positivo,great,2,65.54
02db3593-96e3-461b-ab31-3b6c5bce9b54,"limited likes, questions prompts leave much to be desired. matched a couple of times, we'll see how the matches turn out",4.0,female,"Rio de Janeiro, Brazil",2023-03-06,Positivo,limited likes questions prompts leave much to be desired matched a couple of times well see how the matches turn out,2,94.83
b8b13157-6f11-4cdb-8b93-8de07b834cdb,it's smooth,4.0,female,"San Jose, United States",2022-07-16,Positivo,its smooth,0,66.55
07962896-349e-4417-aefb-f01eb99a5f1e,Good till now,4.0,female,"Canberra, Australia",2023-08-02,Positivo,good till now,2,82.23
2c415a0e-3878-48cb-888e-6d7d45fea923,"Hinge is the only dating app I've used that feels like it wants me to go on dates. My main gripe with the app itself is that it's not very consistent with playing voice clips. Also, unfortunately, there are some scammers on here, though far fewer than, shall we say, certain other apps.",4.0,male,"Ho Chi Minh City, Vietnam",2020-07-18,Positivo,hinge is the only dating app ive used that feels like it wants me to go on dates my main gripe with the app itself is that its not very consistent with playing voice clips also unfortunately there are some scammers on here though far fewer than shall we say certain other apps,0,96.89
59a89cb2-5f5d-48d6-8593-dae3e01106a4,Its shown me better results then other apps. Honestly its probably ny chance though.,4.0,male,"Chicago, United States",2022-01-13,Positivo,its shown me better results then other apps honestly its probably ny chance though,1,74.26
72611205-424c-456b-98c3-edbbbb38bbe0,I met a beautiful woman ❤️ but then she💔,4.0,male,"Cairo, Egypt",2021-02-18,Positivo,i met a beautiful woman but then she,0,88.02
3c3b9972-9865-4ae7-aab3-b484528ab025,refer to YouTube everything is right and everything is wrong you are on your own if you think that it does not work maybe you're ugly or boring consider that before saying it doesn't work,4.0,female,"Rosario, Argentina",2023-02-15,Positivo,refer to youtube everything is right and everything is wrong you are on your own if you think that it does not work maybe youre ugly or boring consider that before saying it doesnt work,1,95.85
3ded1784-09a4-4659-9427-2c8152f78fd1,"I really like how simple it is to delete my account, it doesn't even try to convince you to stay and it respects your decision. I respect that no other dating app does this. I didn't find anyone though. 🥺 😔",4.0,male,"Philadelphia, United States",2021-10-17,Positivo,i really like how simple it is to delete my account it doesnt even try to convince you to stay and it respects your decision i respect that no other dating app does this i didnt find anyone though,1,96.17
81e9067f-c9fb-43d9-ac8e-b17bc7b5ceca,I wish there were more free likes per day.,4.0,male,"Hong Kong, China",2020-12-28,Positivo,i wish there were more free likes per day,1,67.04
33449741-5672-422f-aa3d-009a78ad2c6b,better than tinder,4.0,male,"Riyadh, Saudi Arabia",2020-07-09,Positivo,better than tinder,1,77.48
e3f0c264-3acf-469b-bdb5-e9b48ed011a6,good app,4.0,female,"Phoenix, United States",2022-06-17,Positivo,good app,2,64.19
02d16a76-88cc-4588-b7a4-bbf58cceeb01,Well rounded app with nice people. App crashes sometimes when sending voice messages that are longer than 1 minute?,4.0,female,"Caracas, Venezuela",2022-09-05,Positivo,well rounded app with nice people app crashes sometimes when sending voice messages that are longer than 1 minute,2,63.7
2bfbb7df-4e09-4446-afc1-3be795723d84,it is paradise for the love,4.0,male,"Jeddah, Saudi Arabia",2020-09-26,Positivo,it is paradise for the love,0,66.01
6ad00b71-b46d-48f9-b137-deb9027e4adb,better than bumble and tinder for now,4.0,female,"Lima, Peru",2022-11-11,Positivo,better than bumble and tinder for now,1,81.66
6038743d-7a4c-4e87-88cc-b765fe15bb92,need more free swipes,4.0,male,"Mexico City, Mexico",2021-09-11,Positivo,need more free swipes,1,85.61
1d9d93d2-af36-4927-813a-b542d8ac7761,"it's much better then these previous dating apps constantly asking for payment that annoys me, this one too, not as much. Hard to explain!! Overall pic I like",4.0,female,"Los Angeles, United States",2022-07-29,Positivo,its much better then these previous dating apps constantly asking for payment that annoys me this one too not as much hard to explain overall pic i like,2,59.19
2eeb6251-3053-4d9a-b8ef-e1bc87bffcf1,I like the design and setup.,4.0,male,"Pretoria, South Africa",2021-07-17,Positivo,i like the design and setup,0,77.2
adaf7fb6-9901-4d38-a778-433930d44e41,so far so good. got a match within a few days,4.0,female,"Christchurch, New Zealand",2023-08-30,Positivo,so far so good got a match within a few days,2,68.44
36c6e1fe-1787-400c-bd60-4315b8633bb1,"I deactivated my account by mistake. Now whenever I download Hinge & try to login again, it won't allow me to create another account. Please solve this issue Hinge Team.",4.0,female,"Nadi, Fiji",2023-05-17,Positivo,i deactivated my account by mistake now whenever i download hinge try to login again it wont allow me to create another account please solve this issue hinge team,0,95.64
09129a20-6435-4e61-894a-34f7a6914672,This is the app for people who want to actually date. It's kinda buggy though. • I can't listen to audio prompts • I cant connect my Instagram account • When I send a message it stays in the typing field and sometimes I send two of the same message • Sometimes I cant replace photos,4.0,male,"Kampala, Uganda",2021-07-12,Positivo,this is the app for people who want to actually date its kinda buggy though i cant listen to audio prompts i cant connect my instagram account when i send a message it stays in the typing field and sometimes i send two of the same message sometimes i cant replace photos,0,54.02
8cf577c0-e5a5-4178-880b-661c00383ae2,Pretty awesome. One of the better dating apps out there.,4.0,female,"Montreal, Canada",2022-08-02,Positivo,pretty awesome one of the better dating apps out there,2,65.49
bf2d757a-c6ee-4899-bfe0-9c99c6e1c7ac,"This app is great, I met my soul mate on here",4.0,male,"Denver, United States",2022-03-22,Positivo,this app is great i met my soul mate on here,2,88.36
86f82950-04b0-49cb-a378-048397474028,its better than the other ones,4.0,male,"Cape Town, South Africa",2021-06-16,Positivo,its better than the other ones,1,81.07
5303b2b0-c6e5-43f1-b26d-be88bb90906e,laggy at times,4.0,male,"Chicago, United States",2021-11-24,Positivo,laggy at times,1,76.9
abc09702-d7d8-410d-98b0-29d93a032863,would love to be able to like more profiles per day for free. 8 feels very small,4.0,male,"Pretoria, South Africa",2021-05-21,Positivo,would love to be able to like more profiles per day for free 8 feels very small,0,53.9
62e4bc79-f53a-4032-9662-4c988bdeb6fc,great way to meet like minded people,4.0,male,"Helsinki, Finland",2020-04-21,Positivo,great way to meet like minded people,2,88.17
20e629b0-c13a-4e7f-8b94-e579ad3917f5,Better than most,4.0,male,"Chennai, India",2020-12-03,Positivo,better than most,1,74.76
0ed14358-d305-434c-b031-d4a8fb66439c,The best dating app so far. More real local people 👍,4.0,male,"Phuket, Thailand",2020-12-11,Positivo,the best dating app so far more real local people,2,89.76
f8bed95a-55e5-4157-b329-9423acb70fad,can connect to genuine people...if only your pictures are good,4.0,male,"Calgary, Canada",2022-04-13,Positivo,can connect to genuine peopleif only your pictures are good,2,58.86
b91d5e44-6595-47df-8f94-f87b5fb7943b,"Latest update now makes you pay for the height filter. As a taller girl, I really hate this new update.",4.0,female,"Valparaíso, Chile",2023-01-27,Positivo,latest update now makes you pay for the height filter as a taller girl i really hate this new update,2,40.76
231fe7bb-609e-4561-a053-ef6cd7a00f3c,Leaps and bounds ahead of the next best,4.0,female,"Salvador, Brazil",2022-09-05,Positivo,leaps and bounds ahead of the next best,0,81.77
0d92ca2e-bafc-432d-a82c-17bcae1a1c75,so far so good. I haven't met my match yet but I'm hopeful.,4.0,female,"Boston, United States",2022-07-25,Positivo,so far so good i havent met my match yet but im hopeful,2,90.9
60fa2c1c-d860-4d76-b496-a854d64c6176,"This is my favourite site. (Out of Tinder, Bumble & EHarmony) I love the format & ease of use. I feel like you can get a more rounded sense of someone's personality, prior to making contact. - photo', voice, video & prompts. It's also great to see what people respond to, on your own profile, be it a comment or a particular photo. I wish you could add a few more photos. Downside, not many men in my age group, >55, are onto this.🙄😄. Do it!",4.0,male,"Tel Aviv, Israel",2020-12-18,Positivo,this is my favourite site out of tinder bumble eharmony i love the format ease of use i feel like you can get a more rounded sense of someones personality prior to making contact photo voice video prompts its also great to see what people respond to on your own profile be it a comment or a particular photo i wish you could add a few more photos downside not many men in my age group 55 are onto this do it,2,72.07
201b5800-4dd3-4658-9fdc-d93895989322,"it's good, just getting started hopefully the app is good",4.0,male,"Alexandria, Egypt",2021-06-15,Positivo,its good just getting started hopefully the app is good,2,87.93
2a5fad6c-6e42-4146-8bea-e439783a2d15,its fine. not a lot of users,4.0,male,"Munich, Germany",2019-12-31,Positivo,its fine not a lot of users,2,81.55
4eb18a05-4ecc-463e-9ebe-7edfca996cf7,I appreciate the safety Check ins And feedback the app sends me Having issue getting app to re download to my phone. Not sure why.,4.0,male,"Dar es Salaam, Tanzania",2021-05-18,Positivo,i appreciate the safety check ins and feedback the app sends me having issue getting app to re download to my phone not sure why,2,93.44
80756b76-3fee-4039-af6c-420b07fb5554,So far so good,4.0,male,"Kathmandu, Nepal",2020-11-24,Positivo,so far so good,2,76.52
1f919ac1-be36-4cbe-b8a9-02e450b1d280,I love this app EXCEPT THE FACT THAT YOU CAN'T ADD YOUR BODY TYPE TO YOUR PROFILE and give unlimited free likes like Facebook Dating. HINGE NEEDS TO ADD THAT AND ALLOW UNLIMITED FREE LIKES THEN I can say that it's THE BEST DATING APP OUT THERE!!! I also think dating apps IN GENERAL should say if someone rejected your like rather than keeping the adrenaline going.,4.0,male,"Seattle, United States",2021-09-01,Positivo,i love this app except the fact that you cant add your body type to your profile and give unlimited free likes like facebook dating hinge needs to add that and allow unlimited free likes then i can say that its the best dating app out there i also think dating apps in general should say if someone rejected your like rather than keeping the adrenaline going,1,98.03
8efc089e-24f2-49da-8c8a-ac5b32a1c1c6,"Really good , just haven't found my soul mate yet the right girl is out there somewhere still looking for love 😍",4.0,male,"Marseille, France",2020-02-09,Positivo,really good just havent found my soul mate yet the right girl is out there somewhere still looking for love,2,93.74
5748f739-378d-4dc9-940a-72073b441271,They brought back allowing us to see more standouts at a time. But one thing that still bothers me is that there no dark mode. My eye balls hurt.,4.0,male,"Toronto, Canada",2021-08-09,Positivo,they brought back allowing us to see more standouts at a time but one thing that still bothers me is that there no dark mode my eye balls hurt,1,77.75
091d9db6-ba80-4943-bedf-bfb8cec4bb16,better than Tinder,4.0,male,"Seattle, United States",2021-10-26,Positivo,better than tinder,1,77.48
ab571e11-cca6-473a-be96-c9ff6acc8072,One of the better dating apps because it doesn't block communication. Good response rates and decent people on it who want a long term relationship. Monetization is fair and reminds me of how OkCupid used to be before it sold out.,4.0,male,"Monterrey, Mexico",2022-04-29,Positivo,one of the better dating apps because it doesnt block communication good response rates and decent people on it who want a long term relationship monetization is fair and reminds me of how okcupid used to be before it sold out,2,69.52
e41ccf2c-5323-4e91-85a1-eb422e641665,"I gave up trying to add a video prompt to my profile, neither having the app make the recording nor uploading a pre-recorded video worked. Also, I prefer OkCupid over Hinge, OkCupid asks really personal questions and it's possible to filter on questions like opinion about abortion, politics, attitude towards marijuana, attitude towards BDSM, etc. The OkCupid questionaire match percentage works, I actually know a really solid married couple that met through OkCupid via that. Copy OkCupid.",4.0,male,"Washington DC, United States",2022-02-16,Positivo,i gave up trying to add a video prompt to my profile neither having the app make the recording nor uploading a prerecorded video worked also i prefer okcupid over hinge okcupid asks really personal questions and its possible to filter on questions like opinion about abortion politics attitude towards marijuana attitude towards bdsm etc the okcupid questionaire match percentage works i actually know a really solid married couple that met through okcupid via that copy okcupid,0,98.15
85868eb8-1031-41a6-8786-456f3d4f5932,one of the better dating apps. it's nice you can send a first message and start the conversation off with some momentum,4.0,male,"Brussels, Belgium",2019-12-01,Positivo,one of the better dating apps its nice you can send a first message and start the conversation off with some momentum,2,91.78
5787c03e-e944-477a-836e-376d822fecd7,"Pretty good overall, especially for being free. Wish there were more filters available on the free version.",4.0,male,"Zurich, Switzerland",2020-04-06,Positivo,pretty good overall especially for being free wish there were more filters available on the free version,1,83.38
ee808b8c-39d2-4be3-8e74-cae0fce643fc,"I set my preferences for Jewish or Muslim men since the majority share my same views. And all I am getting are Agnostics and spanish men, who in my experience, follow and treat women the OPPOSITE of what I believe in. It's hard to get a match this way since the preference setting does not work. The rest of the app has great features but would just be nice to meet men who follow the same beliefs.",4.0,male,"Busan, South Korea",2020-11-25,Positivo,i set my preferences for jewish or muslim men since the majority share my same views and all i am getting are agnostics and spanish men who in my experience follow and treat women the opposite of what i believe in its hard to get a match this way since the preference setting does not work the rest of the app has great features but would just be nice to meet men who follow the same beliefs,0,68.72
3fb4ce4f-2963-49f6-b35b-ad2325879bf4,I've tried a few different dating apps and this one has been the best. They do offer a premium membership but even if you don't buy one your still given a lot. They show you how liked your profile 1 at a time (with premium everyone is shown) You only have a limited amount of likes per day but I think that's a good thing. The app is really good about figuring out your preferences and showing you those people. Definitely recommend!,4.0,male,"New York, United States",2022-03-30,Positivo,ive tried a few different dating apps and this one has been the best they do offer a premium membership but even if you dont buy one your still given a lot they show you how liked your profile 1 at a time with premium everyone is shown you only have a limited amount of likes per day but i think thats a good thing the app is really good about figuring out your preferences and showing you those people definitely recommend,1,59.62
e1d354b1-8c9e-46e6-9821-a2d022b37695,"I would give this app a 9.9/10. If there was an option to display what your income is or general living, that would be fantastic. I've been on a few dates with a couple of girls only to find out they live in a trailer park while I'm in the middle class.",4.0,female,"Salvador, Brazil",2022-10-14,Positivo,i would give this app a 9910 if there was an option to display what your income is or general living that would be fantastic ive been on a few dates with a couple of girls only to find out they live in a trailer park while im in the middle class,2,50.1
5bd33557-26d8-45a4-888b-b96094344039,it's been great so far,4.0,female,"Melbourne, Australia",2023-06-23,Positivo,its been great so far,2,82.68
9a376268-1172-4552-bf6e-66ae9a8c7fb5,"I like the interface, profile questions, and functionality. I don't like how they limit you to 8 Likes per day unless you fall for their upsell to subscribe. After that, you can't send any more messages and have to wait until the next day. Some wealthy industrialist like Jeff Bezos or Bill Gates needs to create a FREE online dating site as an act of charitable philanthropy. Hell, they both have more money than God and are goofy-lookin' nerds who attracted partners. They should have compassion.",4.0,female,"Canberra, Australia",2023-03-18,Positivo,i like the interface profile questions and functionality i dont like how they limit you to 8 likes per day unless you fall for their upsell to subscribe after that you cant send any more messages and have to wait until the next day some wealthy industrialist like jeff bezos or bill gates needs to create a free online dating site as an act of charitable philanthropy hell they both have more money than god and are goofylookin nerds who attracted partners they should have compassion,1,98.12
cbcd69f9-9c99-4aaa-bd7d-a9ca16386ee7,"A very functional app so far. It sucks that the subscription is so high, & you only get like 10 likes a day with the free version, but overall it's a well designed app.",4.0,female,"Bogotá, Colombia",2023-02-01,Positivo,a very functional app so far it sucks that the subscription is so high you only get like 10 likes a day with the free version but overall its a well designed app,1,45.17
ad105b5b-4f52-4f56-b5a8-d41b4098b2a2,So far on the free version I have little to no complaints! I've met 2 people so far and talked to 3. 1 turned out to be a pretty good friend so far and the others didn't work out but they were polite and respectful guys so overall I like this app!,4.0,male,"Quebec City, Canada",2022-03-24,Positivo,so far on the free version i have little to no complaints ive met 2 people so far and talked to 3 1 turned out to be a pretty good friend so far and the others didnt work out but they were polite and respectful guys so overall i like this app,2,84.29
a38dc323-1ba8-4812-a2f8-64f160657154,I don't understand why they've removed the call and video call option!?,4.0,male,"Abuja, Nigeria",2021-04-20,Positivo,i dont understand why theyve removed the call and video call option,0,64.05
5ed47985-c6fa-4f4f-8702-b60e5e3b744d,The best of the app options available by far. 4 stars because it still shows you people outside of your dealbreaker preferences and because after literal years there's still no separate category for Mormons and in Utah it's a nightmare to weed through them all.,4.0,female,"Suva, Fiji",2023-07-16,Positivo,the best of the app options available by far 4 stars because it still shows you people outside of your dealbreaker preferences and because after literal years theres still no separate category for mormons and in utah its a nightmare to weed through them all,1,92.97
50fc9b51-005d-4c1a-a0c8-e4ac5e453ae2,Every other app is optimised to force you to buy it. This one is optimised for you to actually meet someone worthwhile. It's a tad unintuitive but once you're used to it you can see how it's been designed to stop time wasters and attention seekers.,4.0,male,"Lahore, Pakistan",2020-09-27,Positivo,every other app is optimised to force you to buy it this one is optimised for you to actually meet someone worthwhile its a tad unintuitive but once youre used to it you can see how its been designed to stop time wasters and attention seekers,2,61.53
ffd792d0-9bc0-483f-a515-220c131b5f8a,it's aight,4.0,male,"Casablanca, Morocco",2021-03-29,Positivo,its aight,0,66.55
cab96e84-b176-4737-a14c-e67f5067f001,Neato! I joined in the wee hours of the morning so not much else to say. More dating apps like this please.,4.0,female,"Sydney, Australia",2023-07-13,Positivo,neato i joined in the wee hours of the morning so not much else to say more dating apps like this please,0,69.75
afe3d18e-c67f-4477-82b1-4d9c60f87165,better than any other dating apps.,4.0,male,"Dallas, United States",2022-03-26,Positivo,better than any other dating apps,2,52.82
6f353938-f7f0-456c-bbeb-139787867b3f,The app is overall good but the messaging needs to be fixed.,4.0,male,"Doha, Qatar",2020-10-08,Positivo,the app is overall good but the messaging needs to be fixed,2,62.33
07c87e17-66a8-4de0-947f-666fcc45231e,"Had a good experience, i did end up geting my self banned tho over a year plus ago id like to try again but seems that they wont let me 😅😅(any one at customer support able to reach out)",4.0,male,"Paris, France",2020-01-06,Positivo,had a good experience i did end up geting my self banned tho over a year plus ago id like to try again but seems that they wont let me any one at customer support able to reach out,0,80.55
763c77e7-e401-4612-8367-bbcc3437ed4f,Wont update . Keep bringing me back to play store and theres nothing here to update.. so trying it again after long break,4.0,female,"Wellington, New Zealand",2023-08-31,Positivo,wont update keep bringing me back to play store and theres nothing here to update so trying it again after long break,2,55.7
18ef261f-010d-4f5c-8cc8-ab97b072a428,It's great and all just wish I had more likes to give out (more likes = more opportunities),4.0,male,"Chicago, United States",2022-05-07,Positivo,its great and all just wish i had more likes to give out more likes more opportunities,2,93.52
44122424-fc7e-4f6b-98fe-4aa50c7dbb6f,"Need to build a good profile for matches, has shown over time. Good that is forces you to have a decent profile to begin with. Other apps is just 1-2 photos and nothing else. More matches than other sites, but chats go nowhere. Still yet to get close to meeting someone. (Australia) Not recommending you to pay for any upgrades",4.0,male,"Glasgow, United Kingdom",2020-01-23,Positivo,need to build a good profile for matches has shown over time good that is forces you to have a decent profile to begin with other apps is just 12 photos and nothing else more matches than other sites but chats go nowhere still yet to get close to meeting someone australia not recommending you to pay for any upgrades,0,64.5
fd073675-66b9-4c2d-b6d9-3bdffd20a413,It's alright. If you guys added a language filter I would drop money to upgrade. Tired of scrolling through people not being able to filter by language,4.0,male,"Rabat, Morocco",2021-01-26,Positivo,its alright if you guys added a language filter i would drop money to upgrade tired of scrolling through people not being able to filter by language,1,95.05
1aba1d03-c0e3-4d45-bdfa-368062216015,It would be nice if they have a filter for what the people looking for in a relationship so I don't have to check every person if they're looking for long-term or not on their profile 🫤,4.0,female,"Rosario, Argentina",2022-11-08,Positivo,it would be nice if they have a filter for what the people looking for in a relationship so i dont have to check every person if theyre looking for longterm or not on their profile,1,94.32
865ef1ac-c5aa-4d24-b660-d41f5ec3a388,"I like that it gives you one ""super match"" each week. it doesn't make up for my poor profile in my area, but it helps",4.0,female,"Melbourne, Australia",2023-05-05,Positivo,i like that it gives you one super match each week it doesnt make up for my poor profile in my area but it helps,1,51.86
1aa35cf0-4bd9-43ca-b939-d281c59d46f4,uptill now good some drawbacks,4.0,male,"Ottawa, Canada",2022-05-18,Positivo,uptill now good some drawbacks,2,85.16
f1172fba-0b28-4490-8354-7457e86f4d26,Good quality profiles with nice pics,4.0,female,"Salvador, Brazil",2022-10-18,Positivo,good quality profiles with nice pics,0,52.82
1543ca8a-ce83-4935-a32b-27c2ab4651a2,it's an alright app,4.0,female,"Seattle, United States",2022-07-28,Positivo,its an alright app,1,66.61
f5e17cbe-58de-4c06-9266-e71d61d65374,it's quite good,4.0,male,"Austin, United States",2021-10-27,Positivo,its quite good,2,76.65
626e4d55-93ab-4a44-b98e-c72b9930472e,it's amazing how much better an experience it is when you can actually interact with people without jumping through hoops,4.0,male,"Phuket, Thailand",2020-06-25,Positivo,its amazing how much better an experience it is when you can actually interact with people without jumping through hoops,0,85.98
339cc402-aaeb-405c-b61c-66429a63e2a5,A dating App that truly caters for all ethnicities. You have access to a lot of features from the start. I wish was their premium price was more competitive and please can you add the option to say whether a person has only one child or children. It makes a big difference.,4.0,female,"Caracas, Venezuela",2022-09-06,Positivo,a dating app that truly caters for all ethnicities you have access to a lot of features from the start i wish was their premium price was more competitive and please can you add the option to say whether a person has only one child or children it makes a big difference,0,81.7
02ca73e4-3334-49a0-a7bd-f639281a0a0e,The free version has limited 'Likes' and other facilities - but free is free!,4.0,male,"Geneva, Switzerland",2019-11-23,Positivo,the free version has limited likes and other facilities but free is free,1,89.96
72a95af1-bf97-49f5-9a8e-e1981ae7747a,"It's becoming increasingly monetized, which is expected, but otherwise pretty solid app",4.0,female,"Wellington, New Zealand",2023-09-17,Positivo,its becoming increasingly monetized which is expected but otherwise pretty solid app,0,88.66
6340459a-896d-4da7-b48c-d45e2f70d6f7,This has worked with my mates hopefully its my time,4.0,male,"Birmingham, United Kingdom",2020-01-19,Positivo,this has worked with my mates hopefully its my time,0,85.6
4c7621e4-12e6-4985-9368-f4535fad993d,"Not bad at all.... Certainly one of the best. I didn't find it very intuitive but once you know, you know",4.0,female,"Perth, Australia",2023-05-17,Positivo,not bad at all certainly one of the best i didnt find it very intuitive but once you know you know,2,93.54
cbae1d8e-0906-434d-9eec-707fbd39f787,"more matches than tinder and bumble, but no bio section",4.0,female,"Santiago, Chile",2022-09-23,Positivo,more matches than tinder and bumble but no bio section,1,89.11
5a470baa-22f5-44bb-ab93-20c848c919c9,it's probably the best free dating app out there. way more classy then plenty of fiah,4.0,female,"Canberra, Australia",2023-07-03,Positivo,its probably the best free dating app out there way more classy then plenty of fiah,1,91.78
3329eca3-8069-4c50-9df4-00399a7983d2,"Why have loads of photo caption options disappeared? Eg ""low key flex"" and ""caption this"", leaving you with a bunch of prompts that make little sense for photos.",4.0,female,"Montreal, Canada",2022-07-09,Positivo,why have loads of photo caption options disappeared eg low key flex and caption this leaving you with a bunch of prompts that make little sense for photos,0,95.06
74b541a9-f977-46b3-969c-9a15d8378944,"Pour l'instant ca reste quali, mais comme l'application à été racheté par le meme groupe que tinder. On verra si ca finira comme tinder qui nourri le fric des puissants. J'adapterai ma note en fonction.",4.0,male,"Tripoli, Libya",2021-05-12,Positivo,pour linstant ca reste quali mais comme lapplication été racheté par le meme groupe que tinder on verra si ca finira comme tinder qui nourri le fric des puissants jadapterai ma note en fonction,1,88.82
7ed5b734-f05e-4740-ac9c-26b0425cff76,"When it works it's a charm. When it doesn't work, idk what happens 🤣",4.0,male,"San Antonio, United States",2022-01-15,Positivo,when it works its a charm when it doesnt work idk what happens,0,88.66
a0ad4b5c-0fbf-45d5-9848-f3997fd94504,They bee's milking me ... I need a dollar,4.0,male,"Seattle, United States",2022-05-31,Positivo,they bees milking me i need a dollar,0,74.71
16d08fc3-233d-4bf7-9bdc-c3bc4452b328,New on here. I've heard good feedback from others.,4.0,male,"Madrid, Spain",2019-12-23,Positivo,new on here ive heard good feedback from others,2,58.12
1e5b7451-16ba-4d4d-a6ee-79173946789b,"Slow to find decent matches, but overall, not bad, as some can be quality matches.",4.0,male,"Singapore, Singapore",2020-08-27,Positivo,slow to find decent matches but overall not bad as some can be quality matches,1,70.67
be2ce6aa-f70e-4795-a0fc-d0709643fa14,Spam and fake profiles.,4.0,female,"Quito, Ecuador",2023-01-21,Positivo,spam and fake profiles,2,77.07
ec3c2dad-e948-45b8-a79e-2641b20722dc,It's a good app but I am yet to make a sincere connection.,4.0,male,"Kathmandu, Nepal",2020-08-23,Positivo,its a good app but i am yet to make a sincere connection,2,72.59
07bb1199-a481-4ada-a2d6-e6905072f442,"I've been on this dating app for at least three years now. Bottom line, I really like it. So many of the apps have a horrendous paywall. This does not. I've paid extra sometimes for super likes, but within a day or so the women in that section usually move to the free like section. It would be nice to see messages read or received. I think hinge has all the necessary functionality to be a great dating app without all the BS. I don't have to pay extra for filters that matter or to use messaging.",4.0,male,"Houston, United States",2021-12-08,Positivo,ive been on this dating app for at least three years now bottom line i really like it so many of the apps have a horrendous paywall this does not ive paid extra sometimes for super likes but within a day or so the women in that section usually move to the free like section it would be nice to see messages read or received i think hinge has all the necessary functionality to be a great dating app without all the bs i dont have to pay extra for filters that matter or to use messaging,1,98.45
2d9b556a-e089-4d33-b844-39877573a0c7,Much better set up than tinder I really like the lay out on hinge. All apps are about the money we all know that it's not good but that's life..a lot of dead profiles on hinge and tinder which is a big thumbs down should get removed but they won't as they still make them MONEY,4.0,female,"Brasília, Brazil",2022-11-19,Positivo,much better set up than tinder i really like the lay out on hinge all apps are about the money we all know that its not good but thats lifea lot of dead profiles on hinge and tinder which is a big thumbs down should get removed but they wont as they still make them money,2,50.05
162e0586-23f9-43ee-aea2-6e2ff0cced53,One of the more reasonable and better dating apps out there.,4.0,male,"Jakarta, Indonesia",2020-07-21,Positivo,one of the more reasonable and better dating apps out there,2,89.9
7f5260ac-dbde-41fb-ac93-16681b35e232,"The general type of people on this app are decent. You'll find the one odd creepy kinds but it's a small cross away from not having to interact with them. Ofcourse, setting your expectations from the app and making it clear to whoever you interact with makes everything easier for everyone. More or less a decent, safe, and generally good experience.",4.0,female,"Canberra, Australia",2023-07-26,Positivo,the general type of people on this app are decent youll find the one odd creepy kinds but its a small cross away from not having to interact with them ofcourse setting your expectations from the app and making it clear to whoever you interact with makes everything easier for everyone more or less a decent safe and generally good experience,0,92.1
48ce9339-ab74-430f-a30f-c94b7ce909e4,Why is the app design white now? I got white letters in front of white background and can't read nothing anymore. Can I change that in the app because I didn't found out how until now.,4.0,male,"Manchester, United Kingdom",2020-04-18,Positivo,why is the app design white now i got white letters in front of white background and cant read nothing anymore can i change that in the app because i didnt found out how until now,0,95.73
8534241e-f74c-4a3c-b738-3cf3110b7b7e,a lit more free than other dating apps. Don't have to pay 50$ to message people who like you so that is an amazing plus,4.0,male,"Abu Dhabi, United Arab Emirates",2020-11-25,Positivo,a lit more free than other dating apps dont have to pay 50 to message people who like you so that is an amazing plus,2,81.64
55dc59aa-4903-4cb8-907e-6bc5c8ec6703,"It was pretty good, ive had some matches not all great try not to be too critical of the app",4.0,female,"Gold Coast, Australia",2023-07-22,Positivo,it was pretty good ive had some matches not all great try not to be too critical of the app,2,53.08
4ec5cd92-95c3-4c09-866e-234a63a96eaa,liking this site very much🙏🏾🥰❤️,4.0,male,"Jacksonville, United States",2021-09-19,Positivo,liking this site very much,0,84.21
2436cca6-5604-4452-8758-f23fcd48e2b3,"It's better than frig'n bumble, tinder, and pof.",4.0,female,"Gold Coast, Australia",2023-06-26,Positivo,its better than frign bumble tinder and pof,1,83.2
14c82408-6dbd-48c0-9bd7-d9b34b41e15d,Love it. Easy to use. We absolutely should be allowed to send and receive photos !,4.0,female,"Guayaquil, Ecuador",2022-08-14,Positivo,love it easy to use we absolutely should be allowed to send and receive photos,0,91.73
96d5c749-19a9-444f-8af8-2b432da04b35,no wife yet,4.0,female,"Suva, Fiji",2023-08-04,Positivo,no wife yet,2,76.92
59d2d310-6e9f-49cd-a5db-81b1bac0ee7e,"The monetisation is a bit aggressive, but the design is pretty good. Having the Instagram embed in profiles is a good move.",4.0,male,"Lisbon, Portugal",2020-05-18,Positivo,the monetisation is a bit aggressive but the design is pretty good having the instagram embed in profiles is a good move,2,92.49
fd23b3b8-da70-40fa-849b-e9a3bbb5c075,Currently needs an update.. the covo tab is stuck refreshing but if I tap randomly on the side a conversation page comes back. Hit the back button again and its the spinning H logo trying to load the page forever.,4.0,male,"Vancouver, Canada",2021-08-11,Positivo,currently needs an update the covo tab is stuck refreshing but if i tap randomly on the side a conversation page comes back hit the back button again and its the spinning h logo trying to load the page forever,1,96.46
7a4ae019-87e6-4eea-8f34-3f2efe48abf8,"Great except for one issue, the natches page never properly loads it shows a loading screen constantly. Although if I click anywhere on the screen it brings up a conversation. So i think the page is loaded but it's still showing the loading screen over it. Any help on fixing this would be appreciated",4.0,female,"Arequipa, Peru",2022-10-08,Positivo,great except for one issue the natches page never properly loads it shows a loading screen constantly although if i click anywhere on the screen it brings up a conversation so i think the page is loaded but its still showing the loading screen over it any help on fixing this would be appreciated,1,51.26
3918c436-3a9d-40b9-ab27-bb99671f8fa5,"Best app for my area so far but with drawbacks. With free version now you can't set a distance filter, I'm getting people from a different country who are an 8hr drive away. Also they basically monetise good looking people and put them behind a pay wall. So If you are an attractive person, know that they are pimping out your profile and making money off you, and you don't get any of it 😄",4.0,male,"Marseille, France",2020-05-03,Positivo,best app for my area so far but with drawbacks with free version now you cant set a distance filter im getting people from a different country who are an 8hr drive away also they basically monetise good looking people and put them behind a pay wall so if you are an attractive person know that they are pimping out your profile and making money off you and you dont get any of it,2,51.14
fe559a84-8d89-44dc-8740-24eef6e62608,"it's ok. I don't think I'll meet anyone here, but it's not so bad for wasting time lol",4.0,female,"Auckland, New Zealand",2023-04-16,Positivo,its ok i dont think ill meet anyone here but its not so bad for wasting time lol,0,48.48
b51092e5-1dfd-44f8-9910-6bbf3766433b,best dating up so far,4.0,male,"Tunis, Tunisia",2021-07-17,Positivo,best dating up so far,2,76.8
a87f4410-6051-475d-83d3-32cce014f96a,Better than other dating apps but I get ghosted a lot,4.0,female,"Perth, Australia",2023-06-29,Positivo,better than other dating apps but i get ghosted a lot,1,65.08
f909808f-f742-458c-90e0-4e7e4c393c5a,A fantastic free to use dating app,4.0,male,"Oslo, Norway",2020-06-02,Positivo,a fantastic free to use dating app,1,84.61
8cc1d526-ac8e-4621-bf33-3e2584324aef,ok but not let you use near by function and you run out of like unless your paying,4.0,female,"Brisbane, Australia",2023-05-12,Positivo,ok but not let you use near by function and you run out of like unless your paying,2,92.4
144fb4e5-c090-4a56-9039-287b8e988a18,great app,4.0,male,"Ottawa, Canada",2021-12-28,Positivo,great app,2,65.54
396b9e36-437e-40bb-9eaa-36421a7c7164,Fun,4.0,male,"Toronto, Canada",2021-08-15,Positivo,fun,2,66.55
e95ad4c3-46b4-4f35-85be-8bb8af46afc1,Algorithm seems friendly and the swipe limit is definitely good for mental health. Still a dating app though so you need to be taking decent photos,4.0,female,"Christchurch, New Zealand",2023-05-25,Positivo,algorithm seems friendly and the swipe limit is definitely good for mental health still a dating app though so you need to be taking decent photos,1,95.4
558c8c59-e79f-4ef7-b535-c77a8984f83f,chicks are hot on it but it's most definitely expensive,4.0,male,"Copenhagen, Denmark",2020-03-29,Positivo,chicks are hot on it but its most definitely expensive,1,68.0
2fa83ae3-9720-4f31-8bc8-41d368f8908e,Really good. Offers a lot of features and easy to use with lovely designs,4.0,female,"Boston, United States",2022-08-10,Positivo,really good offers a lot of features and easy to use with lovely designs,2,89.76
f99653de-2341-4e58-b697-371da329ef73,"it's a great app, but it's kind of expensive. There should be another dating preference based on people's dating intentions. Not everyone is looking for something short-term, long-term, marriage, etc.",4.0,female,"Salvador, Brazil",2022-11-01,Positivo,its a great app but its kind of expensive there should be another dating preference based on peoples dating intentions not everyone is looking for something shortterm longterm marriage etc,1,95.9
dd362afd-d0b8-49f4-b0e5-dbe963ded7e0,"The app has been good so far for me but there's this one thing I'm so pissed at, everytime I put a prompt to my picture is just gets vanished on within a few seconds.",4.0,male,"Milan, Italy",2020-03-18,Positivo,the app has been good so far for me but theres this one thing im so pissed at everytime i put a prompt to my picture is just gets vanished on within a few seconds,2,89.76
79114b92-bd40-4fec-b1c1-f78aa01a8696,No he conocido muchas personas. pero me gusta que la app filtra las personas según tus preferencias. y que solo puedes hablar con el otro cuando hacen Mach. Así que no te escribe gente ramdon como en otras app,4.0,male,"Jacksonville, United States",2022-01-03,Positivo,no he conocido muchas personas pero me gusta que la app filtra las personas según tus preferencias y que solo puedes hablar con el otro cuando hacen mach así que no te escribe gente ramdon como en otras app,1,90.41
e086a94f-5249-4c89-9415-c5e8493b2341,best that I can say is it worked!,4.0,male,"Jakarta, Indonesia",2020-10-16,Positivo,best that i can say is it worked,0,84.82
3c98dbf0-7677-4cd4-ab83-3daf83a34351,get rid of the fakes,4.0,male,"Hanoi, Vietnam",2020-10-30,Positivo,get rid of the fakes,1,82.12
321fce5a-e2bf-40a8-9206-0031f57230e2,"Well laid out profiles. Better scene than tinder. But still, more money=more matches.",4.0,female,"Medellín, Colombia",2022-11-27,Positivo,well laid out profiles better scene than tinder but still more moneymore matches,2,93.24
f6d1d579-13dd-41b1-804c-0ec82ec41c45,"Thinking bout just deleting this app.. Wit my mental health n the state its n since I was like 15.. I'm 33 now. I just scroll thru all these beautiful woman, and no Im not up to par.. because society and social trends and people fearing wat others think of they actually like the guy that's nice.. but has flaws and does get mad sometimes.. cant work a social job due 2 mental health.. Sometimes I blieve my ex was rite.. Im better off alone or whipws from existence, because my weird personality😔",4.0,female,"Cancun, Mexico",2022-06-21,Positivo,thinking bout just deleting this app wit my mental health n the state its n since i was like 15 im 33 now i just scroll thru all these beautiful woman and no im not up to par because society and social trends and people fearing wat others think of they actually like the guy thats nice but has flaws and does get mad sometimes cant work a social job due 2 mental health sometimes i blieve my ex was rite im better off alone or whipws from existence because my weird personality,1,98.38
9d8cc20d-dcb7-4a59-b2cc-82f1db1645a1,"One Of The Best Apps Out There.! Like A lot About It So Far, And It's Very Different. The Only Thing I Don't Like... You Can't Send Out Many Likes, So You're Forced To Pay For The Subscription.",4.0,male,"Jeddah, Saudi Arabia",2020-09-02,Positivo,one of the best apps out there like a lot about it so far and its very different the only thing i dont like you cant send out many likes so youre forced to pay for the subscription,2,95.91
72ff1fdf-049b-4f78-9922-d0dda6601f85,"better than bumble & tinder, less bots. can see your likes & match w them free, but way overpriced subscription and not enough value",4.0,male,"Oslo, Norway",2020-01-27,Positivo,better than bumble tinder less bots can see your likes match w them free but way overpriced subscription and not enough value,1,77.43
7af44051-f4c8-47aa-82fd-eeb0fb12347b,it's ok...selection needs updating,4.0,male,"Delhi, India",2020-10-14,Positivo,its okselection needs updating,1,73.24
000dd3f2-2e2e-4720-b34e-d692607d118f,"Smooth ride, nothing too crazy",4.0,female,"Nadi, Fiji",2023-06-24,Positivo,smooth ride nothing too crazy,0,82.49
1efb8d22-aa03-4631-80ef-6dc8bb5ded53,"so so much better than tinder, but kinda predatory charging 40 dollars a month",4.0,male,"Copenhagen, Denmark",2019-12-09,Positivo,so so much better than tinder but kinda predatory charging 40 dollars a month,1,89.89
152858b8-0726-44d9-baae-f77065bf7352,"cool app, I really like the interface. couple of issues include if you record a voice note, your screen may turn off and the msg is lost which is annoying. Finally, why can't you reply to individual messages? Almost every app with texting function has that now.",4.0,male,"Addis Ababa, Ethiopia",2021-03-03,Positivo,cool app i really like the interface couple of issues include if you record a voice note your screen may turn off and the msg is lost which is annoying finally why cant you reply to individual messages almost every app with texting function has that now,2,70.03
658d254a-1445-45a2-9dca-8c9b6caabab2,"Hinge has practically countered their initiative by using Roses prompts. All the prople who are on ""standouts"" are never there in normal feed. Further, it seems that hinge is using some face recognition tech to put all goodlooking/popular people on standout while rest in feed, so practically forcing you to pay, those people never show in feed. Sad move Hinge. Edit - seems that they improved the algorithm, increased the stars.",4.0,male,"San Antonio, United States",2022-03-10,Positivo,hinge has practically countered their initiative by using roses prompts all the prople who are on standouts are never there in normal feed further it seems that hinge is using some face recognition tech to put all goodlookingpopular people on standout while rest in feed so practically forcing you to pay those people never show in feed sad move hinge edit seems that they improved the algorithm increased the stars,0,97.83
da423527-2831-4301-8039-f48ec71661e6,"Great app, not enough free likes... like come on... I'm not paying to use a dating app..",4.0,male,"Seville, Spain",2020-03-07,Positivo,great app not enough free likes like come on im not paying to use a dating app,1,76.47
db7b74d1-9ae7-47ff-8bf6-fa2bb669fe99,Add filter for searching for people based on whether theyre vaccinated or unvaccinated,4.0,male,"Mombasa, Kenya",2021-07-07,Positivo,add filter for searching for people based on whether theyre vaccinated or unvaccinated,2,69.57
7f514436-eabf-424f-99d8-ae5069a5700e,Edit: As of 2023 Hinge is probably the best out of the main three. Its just unfortunate that we get very few likes per day on the free plan.,4.0,female,"Fortaleza, Brazil",2022-11-16,Positivo,edit as of 2023 hinge is probably the best out of the main three its just unfortunate that we get very few likes per day on the free plan,2,56.57
729fa558-1cfd-48a6-bc39-1539f61d9f6c,Nice app!,4.0,male,"Accra, Ghana",2021-07-17,Positivo,nice app,0,64.94
417d80ea-7551-478b-9592-bfe66518fdca,Got a new phone. Tired to sign in and it keep wanting me to create a new profile. Good app. But this is an issue.,4.0,female,"Buenos Aires, Argentina",2022-10-09,Positivo,got a new phone tired to sign in and it keep wanting me to create a new profile good app but this is an issue,0,93.3
251622a0-c5b0-40b5-b563-e81d74f0fb3f,A bit better than the others,4.0,male,"Athens, Greece",2019-11-22,Positivo,a bit better than the others,1,82.48
7aa2c0fa-4e00-4d87-be16-4a6a3dccf64e,"Great design, decent quality, good pool - Easy and visually pleasing. - More intentional and more informative than Tinder or Bumble. - Despite the pool is similar to above, still a few different people you won't find elsewhere. - Please implement video chat! I've had matches that complained about this :( - Seems much more fair than Tinder or Bumble for people with average looks. You do see normal people here, all kinds with equal probability I feel.",4.0,male,"Cape Town, South Africa",2021-02-04,Positivo,great design decent quality good pool easy and visually pleasing more intentional and more informative than tinder or bumble despite the pool is similar to above still a few different people you wont find elsewhere please implement video chat ive had matches that complained about this seems much more fair than tinder or bumble for people with average looks you do see normal people here all kinds with equal probability i feel,2,56.11
0d732af0-b3fd-45e7-8d33-73516ce182bb,"It's an app that genuinely tries to get you a partner, unlike Tinder for example that just wants you to be pissed off with the free version enought to subscribe to their plans. Notifications suck. On Android I can never get notified when someone texts me, so I have to log onto the app to see. They should really fix that.",4.0,male,"Paris, France",2020-04-28,Positivo,its an app that genuinely tries to get you a partner unlike tinder for example that just wants you to be pissed off with the free version enought to subscribe to their plans notifications suck on android i can never get notified when someone texts me so i have to log onto the app to see they should really fix that,1,85.71
2642b861-e28e-4323-9243-d8af7911b824,"Seems like a good app set up for relationships the girls are easier to talk to, better quality and you get more hits the only problem is is they have a limited inventory because they're not very big yet. But when you first go on you're going to do very well. You can leave free messages seems at least they're giving you a Fighting Chance left bumble was way too expensive",4.0,male,"Kumasi, Ghana",2021-01-19,Positivo,seems like a good app set up for relationships the girls are easier to talk to better quality and you get more hits the only problem is is they have a limited inventory because theyre not very big yet but when you first go on youre going to do very well you can leave free messages seems at least theyre giving you a fighting chance left bumble was way too expensive,2,90.57
72f74ba9-9160-4609-b674-37490bf076b4,"Not bad, although the greed is annoying",4.0,female,"Suva, Fiji",2023-09-19,Positivo,not bad although the greed is annoying,2,50.13
84b93477-9540-4913-8ba6-ac7d25252067,pretty decent dating app,4.0,female,"Sydney, Australia",2023-05-02,Positivo,pretty decent dating app,1,51.66
4c682ebc-6b53-46b9-a1f7-ce5cd22bb406,You put out a lot of money on ads for the app in sweden but didnt spend any to add some localization. Pretty good otherwise.,4.0,male,"Alexandria, Egypt",2021-03-24,Positivo,you put out a lot of money on ads for the app in sweden but didnt spend any to add some localization pretty good otherwise,2,94.01
19f60d3b-1477-4de8-b88f-0d96700aa58b,still working on you know....getting it but over all I like the app,4.0,male,"Karachi, Pakistan",2020-10-17,Positivo,still working on you knowgetting it but over all i like the app,1,85.38
47033115-7bff-4b49-91dd-0df2b4dc5e75,It's a really good app especially for those who are serious about relationship,4.0,male,"Marseille, France",2020-05-28,Positivo,its a really good app especially for those who are serious about relationship,1,87.15
ed05884f-f606-420a-be6c-76154def1b0f,Facing prb if someone likes me it doesn't show's me but it's there that someone has like me but can't match with it,4.0,female,"Jacksonville, United States",2022-07-04,Positivo,facing prb if someone likes me it doesnt shows me but its there that someone has like me but cant match with it,1,92.51
877fce1c-4788-4ee7-8110-6c5d48556565,Not much exposure in Australia. More for Europe,4.0,male,"Oslo, Norway",2019-12-11,Positivo,not much exposure in australia more for europe,2,81.79
650713e9-1431-474d-8533-d47a535abad8,"welp, it seems to actually have some real people aboard( which is more than one can say for most).",4.0,male,"Brussels, Belgium",2020-04-25,Positivo,welp it seems to actually have some real people aboard which is more than one can say for most,2,86.15
e8b0be95-5240-41dc-a1d6-d80817cb7522,Very happy with the layout and how you interact with potential matches(being able to like pics and comments etc)... I also like that it has voicenote and vid calling options. Only thing I'm dissatisfied with is not being able to see distance between myself and potential matches. It's possible I just haven't seen how to do it yet. But it would be nice if that was just a default feature in that case.,4.0,male,"Cancun, Mexico",2021-09-23,Positivo,very happy with the layout and how you interact with potential matchesbeing able to like pics and comments etc i also like that it has voicenote and vid calling options only thing im dissatisfied with is not being able to see distance between myself and potential matches its possible i just havent seen how to do it yet but it would be nice if that was just a default feature in that case,1,56.66
c86ee8d0-9cbd-4a22-adfe-3d3221ec9838,remove paywall to use app,4.0,male,"Hanoi, Vietnam",2020-07-29,Positivo,remove paywall to use app,1,75.79
e3e7f9e0-05fe-423d-80f5-1a596c670fac,hinge is abit better than some of the other sites the only downside is the free version though you do get matches like some it's once in a blue moon from a guy's perspective it might be difficult with girls with all the simps,4.0,male,"Cancun, Mexico",2021-12-09,Positivo,hinge is abit better than some of the other sites the only downside is the free version though you do get matches like some its once in a blue moon from a guys perspective it might be difficult with girls with all the simps,1,60.75
11ad96bb-b1b7-461f-b2c3-8fe94f5d925a,It's a good place to meet new people but y'all should offer a free trial for hinge x,4.0,male,"Lisbon, Portugal",2020-02-25,Positivo,its a good place to meet new people but yall should offer a free trial for hinge x,2,92.01
92c33a11-24d5-4115-8419-734964ed2581,"The best of a bad lot. I've tried Hinge, bumble and tinder. Whilst hinge has a lot more people that I find very unattractive compared to tinder and bumble. BUT the people that you meet that are fairly fit and attractive seem to be more interested in actuality meeting. Tinder is advertisment for Instagram/validation and not for meeting a partner as far as I can tell. Since having the apps I have been on 3 dates. All were from hinge and my mate is marrying a gal he met on hinge.",4.0,male,"Kampala, Uganda",2021-03-20,Positivo,the best of a bad lot ive tried hinge bumble and tinder whilst hinge has a lot more people that i find very unattractive compared to tinder and bumble but the people that you meet that are fairly fit and attractive seem to be more interested in actuality meeting tinder is advertisment for instagramvalidation and not for meeting a partner as far as i can tell since having the apps i have been on 3 dates all were from hinge and my mate is marrying a gal he met on hinge,2,57.72
5cca3417-f2bd-4d03-9059-4e90fbe1412e,"Its quite good, and the ability to send a message before hand is a game changer. The only thing I dont like its that you cannot send pictures or videos in the chat (at least the android version).",4.0,male,"Tel Aviv, Israel",2020-09-24,Positivo,its quite good and the ability to send a message before hand is a game changer the only thing i dont like its that you cannot send pictures or videos in the chat at least the android version,1,61.13
ff073800-2346-42e8-b242-1f4e5f523222,"I actually recommend this app over every single other dating app ive tried besides maybe boo, my only problem is you have a higher chance to get shown to people if you pay for it. Ive been on the app for a few months and havent gotten any likes from anyone, and the likes i send are never shown to them because im not on hinge+. Other than that, as far as i know, its free",4.0,male,"Doha, Qatar",2020-10-09,Positivo,i actually recommend this app over every single other dating app ive tried besides maybe boo my only problem is you have a higher chance to get shown to people if you pay for it ive been on the app for a few months and havent gotten any likes from anyone and the likes i send are never shown to them because im not on hinge other than that as far as i know its free,1,97.98
6c80532f-d0fe-4bc1-bdca-dab56f188f19,Good app. The priority likes are worth the expense. Please create a different category for trans women. I'm only interested in viewing natural born women.,4.0,male,"Tunis, Tunisia",2021-02-14,Positivo,good app the priority likes are worth the expense please create a different category for trans women im only interested in viewing natural born women,0,70.1
75d5459b-bc15-4d0d-9dfc-e72df9e63cb2,"A fantastic variation on the standard dating app that encourages more thoughtful, contextual connections by requiring users to like specific aspects of someone's profile. 4 stars only because the monetization is very much in your face and limiting.",4.0,female,"Los Angeles, United States",2022-06-15,Positivo,a fantastic variation on the standard dating app that encourages more thoughtful contextual connections by requiring users to like specific aspects of someones profile 4 stars only because the monetization is very much in your face and limiting,0,96.19
76b45058-47d5-41a6-8c11-c66c3cef1b0c,I originally gave this app a bad review but It has slowly become the best one in my opinion. The ability to send a chat right away gives you the ability to actually connect instead of just swiping on pictures. Plus the fact that they give you a rose or Superbike once a week is a cool feature I wish was known more apps. Have to knock a star down because the chatting can feel like it doesn't work sometimes and it once unmatched me with someone I didn't want to be unmatched with but no big deal,4.0,male,"Monterrey, Mexico",2021-08-11,Positivo,i originally gave this app a bad review but it has slowly become the best one in my opinion the ability to send a chat right away gives you the ability to actually connect instead of just swiping on pictures plus the fact that they give you a rose or superbike once a week is a cool feature i wish was known more apps have to knock a star down because the chatting can feel like it doesnt work sometimes and it once unmatched me with someone i didnt want to be unmatched with but no big deal,2,56.12
b31ad713-9bc9-4e99-8ace-a68b783bd252,the free version will match you with people who don't match your preferences. I assume this is too force you to pay-to-play.,4.0,male,"Stockholm, Sweden",2020-02-26,Positivo,the free version will match you with people who dont match your preferences i assume this is too force you to paytoplay,0,48.59
59c5e69b-e70e-4c2a-80e2-0965a70c025d,I like it overall. But there are some TalkBack and VoiceOver accessibility issues which hold it back for me.,4.0,male,"Jeddah, Saudi Arabia",2020-11-22,Positivo,i like it overall but there are some talkback and voiceover accessibility issues which hold it back for me,1,91.52
f5501362-f0ef-4adf-9553-8383c05706f3,"best Dating platform, but please give us up to 25 likes a day other Great apps like baddoo gives 50",4.0,female,"Hobart, Australia",2023-03-30,Positivo,best dating platform but please give us up to 25 likes a day other great apps like baddoo gives 50,1,79.91
5c0745f6-eaf2-4c52-9f5d-5ccb39231202,this site is better than the rest.,4.0,male,"Lyon, France",2020-03-24,Positivo,this site is better than the rest,1,82.88
e8c386e1-8408-43ee-8b02-7adc1af1f4b1,"I don't really have any complaints about the app. I think it's a good premise and a good execution. My only real problem is that you have to pay for the best services; still worth it if you have the money, though.",4.0,male,"Delhi, India",2020-10-01,Positivo,i dont really have any complaints about the app i think its a good premise and a good execution my only real problem is that you have to pay for the best services still worth it if you have the money though,1,95.9
b9193790-a4be-4201-a422-ca94d122a348,"Great app, nice features. Not as many spammers as Tinder. Way too many paid features, and they are crazy expensive.",4.0,male,"Casablanca, Morocco",2021-02-22,Positivo,great app nice features not as many spammers as tinder way too many paid features and they are crazy expensive,2,87.31
a905dddd-349f-4356-90c2-06543e55220a,lovely so far,4.0,male,"Dublin, Ireland",2020-01-26,Positivo,lovely so far,2,77.29
c827ae33-196f-469a-aebf-5b05615f245d,"Hmmm at first I was put off by the lack of any matches or likes and an insanely pricey subscription even compared to tinder (60 euro),but now about a week has passed and I actually began to get good matches. So I actually think this is much better than tinder. Still has issues but yeah, worth the try",4.0,male,"Tunis, Tunisia",2021-06-20,Positivo,hmmm at first i was put off by the lack of any matches or likes and an insanely pricey subscription even compared to tinder 60 eurobut now about a week has passed and i actually began to get good matches so i actually think this is much better than tinder still has issues but yeah worth the try,1,84.43
200a7d13-ddff-41c9-a6c8-23ad47b01da7,"one of the better dating apps, being easy to navigate with more relevant dating options",4.0,male,"Amsterdam, Netherlands",2020-04-27,Positivo,one of the better dating apps being easy to navigate with more relevant dating options,2,41.88
1154c6c9-0ac7-407d-9e7c-8d2095022ebb,Expensive,4.0,male,"Calgary, Canada",2022-02-08,Positivo,expensive,2,63.24
660b0131-b717-47cc-af25-72219dc3c3ac,The app's pretty good except for some glitches on Pixel 6. It'd also be great to be able to filter by languages spoken.,4.0,female,"Gold Coast, Australia",2023-03-11,Positivo,the apps pretty good except for some glitches on pixel 6 itd also be great to be able to filter by languages spoken,1,93.81
3315d9a5-7bf3-4270-9c1f-b54d6e1649e2,Just TOO EXPENSIVE for Indian users!,4.0,male,"Oslo, Norway",2019-12-19,Positivo,just too expensive for indian users,2,79.77
1e90b5fb-ece3-41a7-ba29-3f4b47b9ae4a,Not a bad app. The free features allows me to match with others and message my matches.,4.0,female,"Melbourne, Australia",2023-07-26,Positivo,not a bad app the free features allows me to match with others and message my matches,1,90.12
561667e4-56c0-4ff9-9b71-21861e69ca92,It's a cool platform if you're looking for new friends and it has a lot to offer even for people who use it for free,4.0,female,"Montreal, Canada",2022-06-23,Positivo,its a cool platform if youre looking for new friends and it has a lot to offer even for people who use it for free,0,39.46
0fdf3ed7-0462-4d1a-b7fb-471455d522c6,I find that this app more than any other so far is trying at least to make you find someone to eventually delete this app. Which it does say it does which is nice. :),4.0,female,"Rio de Janeiro, Brazil",2022-08-30,Positivo,i find that this app more than any other so far is trying at least to make you find someone to eventually delete this app which it does say it does which is nice,1,95.14
956a947f-02ae-4f7c-9d06-25882d62ef78,Great,4.0,female,"Sydney, Australia",2023-08-07,Positivo,great,2,65.53
9b133a54-5647-498b-9d17-1005218af496,"It's great for starting conversations, but it's still based on looks in the end.",4.0,female,"Canberra, Australia",2023-08-02,Positivo,its great for starting conversations but its still based on looks in the end,2,55.55
d2956df6-823f-4a00-9129-244e669a778a,it works for now...,4.0,male,"Phuket, Thailand",2020-10-28,Positivo,it works for now,2,75.48
d4a348ba-4336-4afe-bf8a-c51366219a23,"App generally works well. I had a boost that I paid for that didn't appear and after a few messages from support they just refunded me, so hope they fix the bug there. I like the voice notes feature but after a few messages of a few min, the whole app slows down and crashes for both people in a convo, when scrolling through voice notes.",4.0,female,"Hobart, Australia",2023-06-26,Positivo,app generally works well i had a boost that i paid for that didnt appear and after a few messages from support they just refunded me so hope they fix the bug there i like the voice notes feature but after a few messages of a few min the whole app slows down and crashes for both people in a convo when scrolling through voice notes,2,97.57
aa3955e4-f9ad-4f80-8061-402c644c44c1,can the app please get a dark mode?,4.0,male,"Abu Dhabi, United Arab Emirates",2020-11-08,Positivo,can the app please get a dark mode,1,85.81
d59f7112-7a2c-4ac4-bb69-e396eee3382c,"Great app so far, however my Instagram feed won't merge, that is a bit annoying",4.0,male,"Lagos, Nigeria",2021-05-24,Positivo,great app so far however my instagram feed wont merge that is a bit annoying,2,90.01
f6cbc9f9-725a-4747-913e-e2410c84e55e,I enjoy using this app,4.0,male,"Singapore, Singapore",2020-06-14,Positivo,i enjoy using this app,1,74.84
80dd3b03-6c31-4df1-81d7-e1ff24868d1c,An honest review: I have used Hinge for three months and i was subscribed to both premium options. I only paid as it gave me to filter out more personal choices...So definitely you have to pay money if you want to find someone who is compatible with your preferences! I have found my current girlfriend from Hinge and i would definitely recommend Hinge to anyone to find some genuine people but only problem is Hinge premium offers are a bit expensive! But it is much better dating app than others!,4.0,male,"Frankfurt, Germany",2020-02-11,Positivo,an honest review i have used hinge for three months and i was subscribed to both premium options i only paid as it gave me to filter out more personal choicesso definitely you have to pay money if you want to find someone who is compatible with your preferences i have found my current girlfriend from hinge and i would definitely recommend hinge to anyone to find some genuine people but only problem is hinge premium offers are a bit expensive but it is much better dating app than others,1,98.38
6d014950-5982-4c06-9de7-7e88c535d7a5,"well my 1st date was handsome, but wasn't quite ready for dating or corresponding. But it's a good App so far.",4.0,female,"Valparaíso, Chile",2023-02-04,Positivo,well my 1st date was handsome but wasnt quite ready for dating or corresponding but its a good app so far,2,92.84
e9c57919-c807-4f41-8806-477177360804,I love how you can like and comment on profile pictures as well as other pictures and they have great conversation starters the whole functionality of the app is just better,4.0,female,"Fortaleza, Brazil",2023-01-24,Positivo,i love how you can like and comment on profile pictures as well as other pictures and they have great conversation starters the whole functionality of the app is just better,1,94.69
122cebbb-09f1-48d0-a225-65ec2ed03d5e,"Hinge is my favorite dating app, I really like how it works. I gave it 4 stars only because the app can be a tad buggy. Closing out the app and opening again fixes the issue. You have to pay to tailor potential matches with a subscription, but I consider this fair. Overall, I recommend it to others.",4.0,male,"Frankfurt, Germany",2020-02-15,Positivo,hinge is my favorite dating app i really like how it works i gave it 4 stars only because the app can be a tad buggy closing out the app and opening again fixes the issue you have to pay to tailor potential matches with a subscription but i consider this fair overall i recommend it to others,1,66.96
84654594-c6e4-4b22-b6a4-1c28d236a3a0,There is no option to report profiles for abusing the platform to advertise their Instagram profile. More and more this (solely digitally advertising their Instagram profile) is becoming a plague on all dating apps.,4.0,female,"Suva, Fiji",2023-06-20,Positivo,there is no option to report profiles for abusing the platform to advertise their instagram profile more and more this solely digitally advertising their instagram profile is becoming a plague on all dating apps,0,95.0
524c48c5-a511-4620-bced-16919b5025cd,Great dating app. Ook in België.,4.0,male,"Johannesburg, South Africa",2021-05-12,Positivo,great dating app ook in belgi,1,50.89
acde991a-a7e5-4d45-b9b5-32dc43772048,good one,4.0,male,"Singapore, Singapore",2020-07-19,Positivo,good one,2,75.96
844e123c-fa5f-449b-b602-b0ae12e8730f,"It works well and has a simple design, it would be nicer if you could send pictures in chat.",4.0,female,"Arequipa, Peru",2022-11-18,Positivo,it works well and has a simple design it would be nicer if you could send pictures in chat,0,52.92
6663f6b9-941e-49ba-80da-2015674cf9d2,Love it,4.0,female,"Adelaide, Australia",2023-06-30,Positivo,love it,0,66.01
fbb6b369-f245-4909-98ed-3989a58b2b18,has led to more dates than the other 4 dating apps I use,4.0,female,"Brisbane, Australia",2023-07-23,Positivo,has led to more dates than the other 4 dating apps i use,2,89.45
86677a6f-6dcb-4a21-877d-8d39367be2b2,"Great App, definitely designed around actual dating, and Quality connections. have made great friends so far, looking forward to deleting it 🥰",4.0,male,"Kumasi, Ghana",2021-02-11,Positivo,great app definitely designed around actual dating and quality connections have made great friends so far looking forward to deleting it,1,57.52
d9966e41-d478-4a06-8a9a-5776e0b9cfe1,I've found that this app does better than other apps at actually allowing a person's personality onto their profile and makes people slow down to look at other profile instead of rapid swiping. It's drawback is of course its expensive pay to enjoy system but that's expected from a dating app.,4.0,male,"Alexandria, Egypt",2021-04-04,Positivo,ive found that this app does better than other apps at actually allowing a persons personality onto their profile and makes people slow down to look at other profile instead of rapid swiping its drawback is of course its expensive pay to enjoy system but thats expected from a dating app,1,97.34
4e7a2780-01f0-41bd-a132-8b60030e38d0,limited free likes...too limited,4.0,male,"Ottawa, Canada",2022-04-30,Positivo,limited free likestoo limited,1,82.83
3525e75a-a256-4a97-ae09-f0a2de7076e2,"the best dating app because you can comment on specific prompts or photos, not just a generic ""like"", and it immediately notifies you if someone swiped you, doesn't hold their profile behind a paywall",4.0,female,"San Diego, United States",2022-07-09,Positivo,the best dating app because you can comment on specific prompts or photos not just a generic like and it immediately notifies you if someone swiped you doesnt hold their profile behind a paywall,1,95.22
7c0890b0-e4c1-420e-9505-089051bf1a3d,"They keep fixing issues, so upgrading this review again to reflect the changes. Them understanding your type is purely based on physical attributes because there isn't nearly enough information in people's profiles to discern otherwise",4.0,female,"Wellington, New Zealand",2023-03-27,Positivo,they keep fixing issues so upgrading this review again to reflect the changes them understanding your type is purely based on physical attributes because there isnt nearly enough information in peoples profiles to discern otherwise,2,96.58
6d546c7b-0aaa-4bb9-9356-2697f28796f8,Bought 3 roses. Didn't get any... Still waiting for a fix.,4.0,male,"Ottawa, Canada",2022-04-26,Positivo,bought 3 roses didnt get any still waiting for a fix,1,91.37
714c0092-c76c-4edd-a5d7-5b687a3c4a59,"Great app if you are straight, would recommend over everything else, but bumble is pretty good too. Not a great experience if you are non-binary sadly.",4.0,female,"Brasília, Brazil",2022-09-03,Positivo,great app if you are straight would recommend over everything else but bumble is pretty good too not a great experience if you are nonbinary sadly,2,52.53
f883871d-2a10-4f78-a670-799359d0040d,Better than tinder and bumble,4.0,female,"Canberra, Australia",2023-06-21,Positivo,better than tinder and bumble,1,76.22
7e3ae5ba-a572-43ad-ad6a-89af41649357,My convos are being deleted,4.0,male,"Mexico City, Mexico",2022-02-27,Positivo,my convos are being deleted,1,81.61
06bba586-cfd3-43b3-8c06-bda953f1e43f,"It's just fine to me I love the app but all of a sudden it's bugging out and it won't let me send messages to my other matches. It just says sorry, we are having trouble on our end, please try again soon I would like to have it fixed asap",4.0,female,"Guadalajara, Mexico",2022-06-09,Positivo,its just fine to me i love the app but all of a sudden its bugging out and it wont let me send messages to my other matches it just says sorry we are having trouble on our end please try again soon i would like to have it fixed asap,1,59.4
c4317f4d-9425-4765-a492-07a951210fed,"Good community, app has issues",4.0,male,"Quebec City, Canada",2022-01-04,Positivo,good community app has issues,2,46.41
a07d2850-e531-4527-83bf-a03fcf4eeecd,"Not perfect, but for what it's worth the only dating app that doesn't seem like a total scam. Being able to send messages with every like and add some basic filters, as well as getting one ""premium"" like every week, puts this far, far ahead of any other popular dating app rn in terms of accessibility and features that aren't locked behind a huge paywall. Most of the issues that occur with these apps (almost no matches) are bc humans are picky and often very bad at that. Decent effort here. 4/5",4.0,male,"Tunis, Tunisia",2021-06-23,Positivo,not perfect but for what its worth the only dating app that doesnt seem like a total scam being able to send messages with every like and add some basic filters as well as getting one premium like every week puts this far far ahead of any other popular dating app rn in terms of accessibility and features that arent locked behind a huge paywall most of the issues that occur with these apps almost no matches are bc humans are picky and often very bad at that decent effort here 45,2,98.38
33858c36-e5fa-4b13-9906-4d3840b3b031,It's easy to use,4.0,female,"Austin, United States",2022-06-13,Positivo,its easy to use,0,60.88
2c52843f-2db6-46da-ae72-ffbbc98ef921,"so far so good. The app is pretty easy to use, but why am I getting matches from LA and Texas etc? I set a 50 mile radius...hmm",4.0,male,"Marseille, France",2020-04-14,Positivo,so far so good the app is pretty easy to use but why am i getting matches from la and texas etc i set a 50 mile radiushmm,2,93.54
96714842-0c0e-4f65-8dc4-6ec49babefe7,"This is a good app, but messages keep disappearing. I'm still matched with people and can chat, but their old messages disappear",4.0,male,"Cape Town, South Africa",2021-02-23,Positivo,this is a good app but messages keep disappearing im still matched with people and can chat but their old messages disappear,2,93.45
20212942-17b5-489e-af8e-16dab552a267,The best of a bad bunch I guess. Biggest issue right now is when I've ran out of likes of the day. It's unclear if the message before has been sent or not. It's the message I sent before is still there with a new person,4.0,female,"Queenstown, New Zealand",2023-03-07,Positivo,the best of a bad bunch i guess biggest issue right now is when ive ran out of likes of the day its unclear if the message before has been sent or not its the message i sent before is still there with a new person,2,96.69
967bbf14-0cba-4d91-ba7e-9de8095f23b6,"The app seems fine so far but, guys, writing three words in your profile or messages is not very engaging, don't complain about a lack of interaction if this is what you do",4.0,male,"Mumbai, India",2020-10-05,Positivo,the app seems fine so far but guys writing three words in your profile or messages is not very engaging dont complain about a lack of interaction if this is what you do,1,57.6
a55bd243-d47f-4449-aa87-faf7b95f1455,"I guess having a pay wall to access basic features does weed out casuals or people not serious about dating...? Not perfect, definitely not intuitive. Could be effective. - <72h",4.0,male,"Montreal, Canada",2022-04-13,Positivo,i guess having a pay wall to access basic features does weed out casuals or people not serious about dating not perfect definitely not intuitive could be effective 72h,2,55.82
c29b5545-4f9c-4f65-bd27-4e1d495ef6a8,"Good concept & big potential to be better than the others. *Good*: You can prompt every picture and also directly comment every picture of your matches. That breaks the ice right from the start of the conversation. Voice message idea in Bio. Better change: Forcing to 6 pictures is pretty a lot. Setting this to 2-3 pictures should be a good compromise. Neutral: I could set filters as I wish; Likes get pretty fast matched if I like them, too; 500 Letters for caption is a good standard",4.0,male,"Marseille, France",2020-05-03,Positivo,good concept big potential to be better than the others good you can prompt every picture and also directly comment every picture of your matches that breaks the ice right from the start of the conversation voice message idea in bio better change forcing to 6 pictures is pretty a lot setting this to 23 pictures should be a good compromise neutral i could set filters as i wish likes get pretty fast matched if i like them too 500 letters for caption is a good standard,0,65.69
74277f3b-8552-44c6-bce7-7c23ba268be2,Great dating app. very easy to use.,4.0,male,"Osaka, Japan",2020-08-05,Positivo,great dating app very easy to use,1,37.87
b9f91973-9edc-4604-8bde-40bf5d28dd0c,"Definitely the best of the top dating apps. Still, it has some of the problems that all dating apps have, such as a randomly slowed algorithm sometimes, but they have great profile prompts and creative options like video and voice prompts. I've also gotten more matches on Hinge than any other dating app I've used, and none of them were bots either. Good job hinge.",4.0,female,"Boston, United States",2022-06-16,Positivo,definitely the best of the top dating apps still it has some of the problems that all dating apps have such as a randomly slowed algorithm sometimes but they have great profile prompts and creative options like video and voice prompts ive also gotten more matches on hinge than any other dating app ive used and none of them were bots either good job hinge,0,48.14
31a363e8-81c6-456b-8b83-1ecbc28136d4,impressive 😍. Got a match after sometime,4.0,male,"Phuket, Thailand",2020-06-14,Positivo,impressive got a match after sometime,1,79.97
5612fe88-10f4-4c86-8cc9-4a000f9ae167,Nice app,4.0,male,"Cancun, Mexico",2021-08-01,Positivo,nice app,0,64.93
575231da-8928-41b8-9be1-b836f2ca69bd,Not really my type on the free part. Of the app. But there are gems to be found,4.0,male,"Windhoek, Namibia",2021-03-03,Positivo,not really my type on the free part of the app but there are gems to be found,1,89.34
05e0adc2-47f8-499d-ae24-45afff3f925a,"nice app, really focused on getting to know the persons, I just found the profile presentation a little bit confusing",4.0,male,"Prague, Czech Republic",2020-05-19,Positivo,nice app really focused on getting to know the persons i just found the profile presentation a little bit confusing,1,61.28
74418b2e-6522-4f6c-83af-68641172aaac,eh it kinda works i guess? kinda p2w,4.0,female,"Bogotá, Colombia",2022-12-16,Positivo,eh it kinda works i guess kinda p2w,2,86.03
46a803fb-b021-4c44-b2d5-ed5aa006d949,"App is ok overall, but even as a paid subscriber you can't filter relationship type (monogamy, ENM, etc...)",4.0,male,"Monterrey, Mexico",2021-11-11,Positivo,app is ok overall but even as a paid subscriber you cant filter relationship type monogamy enm etc,1,93.6
0ad835fe-8c31-481f-b718-d6a3bdb0c6d8,Some genuine ladies,4.0,male,"Seoul, South Korea",2020-11-01,Positivo,some genuine ladies,1,81.12
34d46db9-d196-4851-af72-68f76dde93f0,"Honestly, almost the perfect dating app available. Only problem, which is a big problem if your over 30 is allowing people to select ""prefer not to say"" for having children! That's a paid filter also so why is that even an option? Even worse that you can't select it as an option on paid subscription. Needs to be either removed or added to the filter since that's the only reason why I pay for a subscription service.",4.0,male,"Cancun, Mexico",2022-04-27,Positivo,honestly almost the perfect dating app available only problem which is a big problem if your over 30 is allowing people to select prefer not to say for having children thats a paid filter also so why is that even an option even worse that you cant select it as an option on paid subscription needs to be either removed or added to the filter since thats the only reason why i pay for a subscription service,1,98.36
7477feca-1215-4412-87de-24b250af5557,Even though I didn't get Any match from app but the app is good,4.0,female,"Córdoba, Argentina",2023-01-26,Positivo,even though i didnt get any match from app but the app is good,1,86.89
91e92054-abe4-4056-81b4-937d8b84b39c,better than most dating apps,4.0,female,"Santa Cruz, Bolivia",2022-11-21,Positivo,better than most dating apps,1,46.39
de67cd75-2cbb-414b-b128-79f00750cebd,"So far this is the best dating app with great features, easy to use, understand and people here are also polite. But in chat they need to improve and add gif and adding pictures, verification should be mandatory, add more word limit in reply section And other than that please change the standout section to old where we can see all standout profiles together, it's mlre convenient that way.",4.0,male,"Denver, United States",2022-03-08,Positivo,so far this is the best dating app with great features easy to use understand and people here are also polite but in chat they need to improve and add gif and adding pictures verification should be mandatory add more word limit in reply section and other than that please change the standout section to old where we can see all standout profiles together its mlre convenient that way,1,97.99
82a1c3ce-4f0d-4236-8fff-4deb05e78182,the system for likes and matches is really nice for getting a conversation started. However the pay to win aspect for getting more likes and stuff can be a bit annoying at times,4.0,male,"Phuket, Thailand",2020-09-30,Positivo,the system for likes and matches is really nice for getting a conversation started however the pay to win aspect for getting more likes and stuff can be a bit annoying at times,2,96.34
0d4a6059-7206-48ca-9ddc-2e757d61f696,"I like how you can tailor your search preferences, but I don't like how much they charge for profile upgrades",4.0,male,"Mombasa, Kenya",2021-05-16,Positivo,i like how you can tailor your search preferences but i dont like how much they charge for profile upgrades,0,92.33
bef5481c-cfae-483a-b1a4-2efda4b52ac2,"I feel like ""Looking For"" and ""Monogamy"" should be mandatory and filterable disclosures.",4.0,male,"Windhoek, Namibia",2021-07-11,Positivo,i feel like looking for and monogamy should be mandatory and filterable disclosures,1,88.11
ea4a1dee-c9ff-43fd-ba14-9432eae3fa23,so far It seems to be a decent app.,4.0,female,"Quebec City, Canada",2022-06-29,Positivo,so far it seems to be a decent app,0,70.31
7b46bcd1-7661-4ee4-84c9-0111da427079,A web version is the one thing it needs to have.,4.0,male,"Nairobi, Kenya",2021-02-08,Positivo,a web version is the one thing it needs to have,0,75.9
a9d3d055-8b7c-48dd-bac7-e4e14e71bc9c,"100% real profiles, no fakes like you see on many other sites",4.0,male,"Kampala, Uganda",2021-05-18,Positivo,100 real profiles no fakes like you see on many other sites,1,90.5
8998f14a-bbd5-41ec-ae87-3ff81701f66f,realible and looks promising,4.0,female,"Hobart, Australia",2023-04-03,Positivo,realible and looks promising,0,72.15
64c335ed-8175-480f-baed-26c0d9638a3b,Good app.,4.0,male,"Guadalajara, Mexico",2021-12-18,Positivo,good app,2,64.21
fe32a3f9-2f11-4422-b7ed-7321488eedba,"I like using hinge, but one thing I never gave much thought to before has recently rubbed me the wrong way. Under the preferences of children it doesn't have an option for ""can't have"" and I can't be the only one on the app thats unable to have children. It would be nice to be able to list that since it's vastly different than not wanting them.",4.0,male,"Manchester, United Kingdom",2019-12-02,Positivo,i like using hinge but one thing i never gave much thought to before has recently rubbed me the wrong way under the preferences of children it doesnt have an option for cant have and i cant be the only one on the app thats unable to have children it would be nice to be able to list that since its vastly different than not wanting them,1,56.45
2178d75c-2149-49c8-9910-fe5e1f5304e3,"It's hard to match with people without paying for upgraded accounts. 😕 Otherwise, it's a great app.",4.0,male,"Marrakesh, Morocco",2021-05-13,Positivo,its hard to match with people without paying for upgraded accounts otherwise its a great app,2,60.6
e53ed58f-97ac-4601-b00a-0dc4dcf019b7,"Great app but you should please add an icon that at least shows if the person you're chatting with is online, lots of time I get lost because I don't know if they are offline or online and not replying, so please add (online or online 5 minutes ago) Thank you",4.0,male,"Montreal, Canada",2021-12-11,Positivo,great app but you should please add an icon that at least shows if the person youre chatting with is online lots of time i get lost because i dont know if they are offline or online and not replying so please add online or online 5 minutes ago thank you,2,96.2
e4b506c3-a212-4479-aaa5-699251c0eeac,Found my perfect match the same day I downloaded the app. We've been together for a year now and he is the center of my world. I'm knocking off one star as he mumbles sometimes but he makes up for it in cooking and foot rubs,4.0,male,"Cancun, Mexico",2022-02-10,Positivo,found my perfect match the same day i downloaded the app weve been together for a year now and he is the center of my world im knocking off one star as he mumbles sometimes but he makes up for it in cooking and foot rubs,2,95.17
df82038a-218f-4a07-9f7e-5cfb30ce146b,"it's not the best but it is better then the rest, call Mr cheap but I don't like paying for dating apps and this is the closest I can find. at least if the other person messages you back, ots open doors at that point.",4.0,male,"Washington DC, United States",2021-11-20,Positivo,its not the best but it is better then the rest call mr cheap but i dont like paying for dating apps and this is the closest i can find at least if the other person messages you back ots open doors at that point,2,72.71
aaa3aa71-9567-4cd2-90da-8990371cd4a8,"Overall, it's pretty functional. The only issue for me is that I can't filter out people with pets. I have pretty severe allergies, but all the people they suggest would make a ""good match"" have dogs and cats.",4.0,male,"Hanoi, Vietnam",2020-06-28,Positivo,overall its pretty functional the only issue for me is that i cant filter out people with pets i have pretty severe allergies but all the people they suggest would make a good match have dogs and cats,0,53.37
0418a3fd-1a60-45df-8707-1733d9562de7,Please add the option of reply and send images Sincerely,4.0,male,"Tripoli, Libya",2021-02-05,Positivo,please add the option of reply and send images sincerely,1,53.18
b84a06ee-0ff1-4d7e-beb7-f5341a9928fa,"Like it so far, way better than Tinder. nice to know that when you like a pic or comment that the person sees it even if they haven't already matched with you",4.0,male,"Vienna, Austria",2019-12-02,Positivo,like it so far way better than tinder nice to know that when you like a pic or comment that the person sees it even if they havent already matched with you,1,55.92
00e96d83-8c5f-4104-8ad2-b6be3fa4a3dd,"The only functional dating app from the perspective of an average looking male. The messaging can be buggy and take a while to load after getting a notification, but that's a small price to pay for actually getting matches to message in the first place.",4.0,male,"Durban, South Africa",2021-06-22,Positivo,the only functional dating app from the perspective of an average looking male the messaging can be buggy and take a while to load after getting a notification but thats a small price to pay for actually getting matches to message in the first place,2,97.13
fbd13b98-9eeb-417f-b607-edc0738d9dfc,"Hinge is definitely better than tinder and leagues better than bumble but it's still a dating app so it's never going to be as favorable as meeting someone naturally. Still, if you feel like dating apps are the way to go, Hinge is the best of them.",4.0,female,"Montevideo, Uruguay",2022-12-27,Positivo,hinge is definitely better than tinder and leagues better than bumble but its still a dating app so its never going to be as favorable as meeting someone naturally still if you feel like dating apps are the way to go hinge is the best of them,1,95.66
51740767-7b2c-4db7-b8af-57555b8fd7da,"took time to figure out some functions, but the free version gives enough to make the app useful.",4.0,male,"Bangalore, India",2020-12-01,Positivo,took time to figure out some functions but the free version gives enough to make the app useful,1,93.11
b5f61355-105d-433f-8dbb-1d246fabdb8c,seems better tha most dating apps. you cannot fault dating apps for low matching rates. I think hinge has a mature and sensible interface,4.0,male,"Manila, Philippines",2020-12-09,Positivo,seems better tha most dating apps you cannot fault dating apps for low matching rates i think hinge has a mature and sensible interface,2,95.52
5ac6d32e-b66e-4915-b568-d3550fc1bd22,"Ok so the problem is this app is lacking some filters. I'm ace and I only want to meet other asexuals, but there's no filter for sexuality. Same thing with mono/poly",4.0,male,"Tripoli, Libya",2021-05-11,Positivo,ok so the problem is this app is lacking some filters im ace and i only want to meet other asexuals but theres no filter for sexuality same thing with monopoly,1,94.21
32fee98c-2811-4b2c-8a19-891743627c07,"Not a bad app, good premise, not a massive amount of spam yet, you can make contact pretty easily without massive costs, you can pay for advantages that are worth it, hopefully they don't get greedy",4.0,male,"Montreal, Canada",2021-12-14,Positivo,not a bad app good premise not a massive amount of spam yet you can make contact pretty easily without massive costs you can pay for advantages that are worth it hopefully they dont get greedy,2,52.92
2a9fbcc0-568b-46bb-81ef-77b5419f7285,Needs more free likes tinder has like 100 hinge you get what 20 or less,4.0,male,"Guadalajara, Mexico",2022-04-13,Positivo,needs more free likes tinder has like 100 hinge you get what 20 or less,1,93.93
3ae63c72-362c-47f6-909a-8e8fcf417c96,"Redownloaded after along time, and the app barely works? Alot of the functions just boot me to a ""Whoops, try again."" Error page. And the customer support is pretty useless (assuming they even respond). Edit: Account was banned, but after appealing, it was reinstated. Bumping review back up",4.0,male,"Vienna, Austria",2020-06-05,Positivo,redownloaded after along time and the app barely works alot of the functions just boot me to a whoops try again error page and the customer support is pretty useless assuming they even respond edit account was banned but after appealing it was reinstated bumping review back up,2,55.32
176c289b-434e-42ee-ab6a-9451a9478569,"Please introduce the ""reply to"" option in chats so that we can reply to individual messages! It could save lives :D",4.0,male,"Boston, United States",2021-09-21,Positivo,please introduce the reply to option in chats so that we can reply to individual messages it could save lives d,1,93.4
357a8e4c-beb9-4d8b-92e6-3cddc2417153,"Only one flaw which I found on chat interface is that you can't reply to certain messages. Please do add that, It makes it much more convenient for the user to maintain the flow of conversation.",4.0,female,"Montreal, Canada",2022-07-07,Positivo,only one flaw which i found on chat interface is that you cant reply to certain messages please do add that it makes it much more convenient for the user to maintain the flow of conversation,2,95.88
e422d9f4-67d3-4b3d-b42c-6ab7f6cda6a8,it's good for dating,4.0,female,"São Paulo, Brazil",2022-09-13,Positivo,its good for dating,2,45.93
3d42f1a4-b385-4a89-bea7-6f0b0fe3c614,"Pretty solid app, have met the most amount of dates on here. Users tend to be a bit more genuine and it's not just a hookup app, unlike Tinder",4.0,male,"Berlin, Germany",2020-03-08,Positivo,pretty solid app have met the most amount of dates on here users tend to be a bit more genuine and its not just a hookup app unlike tinder,2,94.73
f0c07588-9e1a-46d9-9585-3aecdc038252,The voice memo feature acts a little buggy but overall good app. Like the additional safety features in the messaging and auto detection of inappropriate content.,4.0,female,"Guayaquil, Ecuador",2022-09-18,Positivo,the voice memo feature acts a little buggy but overall good app like the additional safety features in the messaging and auto detection of inappropriate content,2,94.67
7a51b88f-9026-4341-b873-d5398cbc6c4c,good take on a dating app with voice recordings and videos features that break away from the normal 2D pictures,4.0,male,"Berlin, Germany",2020-04-20,Positivo,good take on a dating app with voice recordings and videos features that break away from the normal 2d pictures,0,93.54
8efc1545-ce96-4409-ab89-5abfe1b4a6e0,"it's fine. It seems to weed out some of the scammers better, but they do still occasionally get through but are easy to spot.",4.0,female,"Cali, Colombia",2022-09-14,Positivo,its fine it seems to weed out some of the scammers better but they do still occasionally get through but are easy to spot,2,48.93
e406d117-5b64-422c-80f1-7300d234c2ff,Works just fine in the free option.,4.0,male,"Jacksonville, United States",2022-05-18,Positivo,works just fine in the free option,1,84.32
36f65a0f-ab83-4a85-943b-904ba1251a3e,one of the best app for dating,4.0,male,"Tunis, Tunisia",2021-03-02,Positivo,one of the best app for dating,2,76.23
1507fa42-c16f-4e81-9749-8effb77f145f,looking out for the best so far,4.0,male,"Guadalajara, Mexico",2021-11-03,Positivo,looking out for the best so far,0,84.05
fee9f23b-3f28-43b7-8ef1-341b6a40f0a7,better than most. it's not just swipe for whether or not you think someone is hot.,4.0,female,"Fortaleza, Brazil",2022-10-21,Positivo,better than most its not just swipe for whether or not you think someone is hot,1,90.9
f5b08d65-4bd8-47c6-a096-6b92e2613fda,I had to chop up my messages because it'd self delete if it was too long. a little frustrating when I had to type it all out twice and then realize that,4.0,female,"Port Moresby, Papua New Guinea",2023-09-26,Positivo,i had to chop up my messages because itd self delete if it was too long a little frustrating when i had to type it all out twice and then realize that,2,95.54
23d63ea6-9ba1-4f1c-8786-6b8589345d08,"Wondering why when I get a like/rose, it flashes for a second (I haven't clicked the person's profile or the X) and then goes back to as if there was nothing. Happens again when I restart my app, and has multiple times just today.",4.0,male,"New York, United States",2022-01-15,Positivo,wondering why when i get a likerose it flashes for a second i havent clicked the persons profile or the x and then goes back to as if there was nothing happens again when i restart my app and has multiple times just today,0,55.73
86a3a25c-ec60-4772-83a7-40b86c12e1be,slower than tinder but offers soooo much more for the initial small talk stage. the prompts and profile design are very helpful for expressing yourself,4.0,male,"Jacksonville, United States",2022-04-17,Positivo,slower than tinder but offers soooo much more for the initial small talk stage the prompts and profile design are very helpful for expressing yourself,2,94.52
5370ea26-9b6f-4237-9e10-18ce2bc7b2af,"Edit: Changing from 1 to 4 stars bc since leaving this review, I have been verified. It's a miracle. Original: I took the selfie verification video 5 times, and it kept saying it was too blurry. My phones not old, and I followed their instructions, but I'm still not verified.",4.0,male,"Busan, South Korea",2020-06-14,Positivo,edit changing from 1 to 4 stars bc since leaving this review i have been verified its a miracle original i took the selfie verification video 5 times and it kept saying it was too blurry my phones not old and i followed their instructions but im still not verified,0,60.83
26881245-476c-4202-9c25-880c7f42a729,The notifications have stopped working for some reason even tho I have them turned on.,4.0,male,"Stockholm, Sweden",2020-04-10,Positivo,the notifications have stopped working for some reason even tho i have them turned on,1,93.13
e5a89a57-0688-4c74-af00-e30ab6f27b01,"Exactly what you'd expect! The one missing star is purely because their chat doesn't allow em dashes, which is a punctuation I use super often over text. Hinge changes the — to - which isn't what I'm looking for. Super OCD complaint, but it does bother me lol.",4.0,female,"Auckland, New Zealand",2023-07-13,Positivo,exactly what youd expect the one missing star is purely because their chat doesnt allow em dashes which is a punctuation i use super often over text hinge changes the to which isnt what im looking for super ocd complaint but it does bother me lol,2,97.3
608e6d1a-76e6-47a0-a348-d813cc97f012,I think the last update borked login/verification.,4.0,male,"Los Angeles, United States",2022-01-13,Positivo,i think the last update borked loginverification,2,81.31
65949f15-b87f-43ee-a269-81d3f41d109b,it's aight,4.0,female,"Montevideo, Uruguay",2022-09-07,Positivo,its aight,0,66.55
fab1f58a-f161-450c-96ac-0b02ce6a2804,"This app looks generally quite above average, I'm surprised, considering that the average is s***.",4.0,female,"Medellín, Colombia",2022-12-08,Positivo,this app looks generally quite above average im surprised considering that the average is s,2,91.03
08398c4a-e256-4cb4-a74d-bd96db3244fe,"it's a dating app. some things are free. some things cost money. sometimes you get likes and matches and sometimes you don't. it's to be expected. if you have the ability, just be patient.",4.0,male,"Krakow, Poland",2020-02-29,Positivo,its a dating app some things are free some things cost money sometimes you get likes and matches and sometimes you dont its to be expected if you have the ability just be patient,1,95.7
c7446a42-60f8-4e38-ba10-9053a8a93e53,LOL the roses are a nice grift. Kudos.,4.0,female,"Rio de Janeiro, Brazil",2022-10-04,Positivo,lol the roses are a nice grift kudos,0,63.67
25111913-4bdc-4168-b173-b02464db63a1,instantly a better experience than Hinder or Thumble. Time to open a few doors..,4.0,female,"Sydney, Australia",2023-05-02,Positivo,instantly a better experience than hinder or thumble time to open a few doors,2,91.47
0288a96a-eeb0-436b-8ec7-3ce4e2043bb5,"I like how the matching system works, that you match by picking something in the user's bio/promts and attaching a message, I don't like that they can be left blank though because it feels like you get solicited into writing a first message by half the matches, who do in fact leave it blank. The app has been very buggy in the past, but it's a bit better now.",4.0,male,"Accra, Ghana",2021-06-11,Positivo,i like how the matching system works that you match by picking something in the users biopromts and attaching a message i dont like that they can be left blank though because it feels like you get solicited into writing a first message by half the matches who do in fact leave it blank the app has been very buggy in the past but its a bit better now,2,81.14
efca62a7-2f4a-4afe-8d77-f892d374e6b1,wish you could see who you've liked,4.0,male,"Phoenix, United States",2021-10-15,Positivo,wish you could see who youve liked,1,82.91
f6c9795a-2479-4413-a053-377ab04a1adb,Learns your type accurately which makes finding matches more fun. When writing long messages in the chat the text gets overlayed on top of the previous lines in the editor after about five lines of text.,4.0,female,"Buenos Aires, Argentina",2022-09-11,Positivo,learns your type accurately which makes finding matches more fun when writing long messages in the chat the text gets overlayed on top of the previous lines in the editor after about five lines of text,2,96.46
933b17a2-eb30-4003-a685-2482e311b2c0,best app for dating,4.0,male,"Lahore, Pakistan",2020-06-22,Positivo,best app for dating,2,64.81
9cecc233-549f-4a89-8d3e-276f4e900cf8,I like the idea of of free conversation pre date and the ui is excellent.,4.0,male,"Cairo, Egypt",2021-03-24,Positivo,i like the idea of of free conversation pre date and the ui is excellent,1,88.1
95f378fe-8667-4726-b00c-d53b1191ad4d,too early to give the review. recently joined and still figuring out,4.0,male,"Kuala Lumpur, Malaysia",2020-07-11,Positivo,too early to give the review recently joined and still figuring out,2,92.53
31cca031-31ce-45ac-a1ae-e9c0be1642e3,"Not bad, some bugs at times but probably the best user experience of all the apps. Standouts is kinda suck though.",4.0,female,"Quito, Ecuador",2022-09-02,Positivo,not bad some bugs at times but probably the best user experience of all the apps standouts is kinda suck though,1,93.99
cbdbd6be-7d87-4e7d-9d1c-560c77a98dea,"It took a couple months & several dates irl to find a keeper, but it worked for me. There were issues with messaging but that was the only bug I experienced. The voice feature is nice, make sure to use it.",4.0,female,"Santa Cruz, Bolivia",2022-11-05,Positivo,it took a couple months several dates irl to find a keeper but it worked for me there were issues with messaging but that was the only bug i experienced the voice feature is nice make sure to use it,2,96.28
89b8724b-dc9f-4525-9f72-77968af933d3,needs to be 100% free,4.0,male,"Dallas, United States",2022-05-15,Positivo,needs to be 100 free,1,83.01
ae9d2578-2634-4559-9448-bd0a15550831,I like the way the app is set up but 90% guys suck.,4.0,male,"Bali, Indonesia",2020-06-27,Positivo,i like the way the app is set up but 90 guys suck,1,51.04
76f107a4-1a71-45c0-9ae4-87e9644dace2,four ⭐ for limited daily likes but Well organized app and super easy to use with little or no fake profiles.,4.0,male,"Mexico City, Mexico",2021-11-10,Positivo,four for limited daily likes but well organized app and super easy to use with little or no fake profiles,1,49.14
9b99be13-3e5b-4636-87c4-9413b5b841a0,"Not sure how many of the profiles are actual ppl, but for the main part the app had been reliable",4.0,male,"Philadelphia, United States",2021-12-31,Positivo,not sure how many of the profiles are actual ppl but for the main part the app had been reliable,2,93.23
2f30782a-ce19-4c13-8bfd-d122a748c709,Good for meeting real people,4.0,female,"Lima, Peru",2023-02-03,Positivo,good for meeting real people,2,82.89
189e654f-1dc7-488b-8903-7e36ccd2142f,Nice app,4.0,male,"Phuket, Thailand",2020-08-31,Positivo,nice app,0,64.93
3c471762-4be6-4e81-94ab-bd4a5e82a2f3,"Honestly it's not that bad of an app compared to others, but it is tricky like all other apps.",4.0,female,"Santiago, Chile",2022-09-06,Positivo,honestly its not that bad of an app compared to others but it is tricky like all other apps,1,88.57
aec900f8-15c7-434b-acc6-181ee8ba1ef2,"the amount that you can do is limited without paying. I like the app and will pay, but you guys should look at bumbles business model in regards to how many likes and perks you get prior to upgrading",4.0,male,"San Jose, United States",2022-01-19,Positivo,the amount that you can do is limited without paying i like the app and will pay but you guys should look at bumbles business model in regards to how many likes and perks you get prior to upgrading,2,96.02
d596bb84-855c-4166-b79f-32a57cdee261,the best date app,4.0,male,"Addis Ababa, Ethiopia",2021-02-23,Positivo,the best date app,2,68.85
cb1c915a-7c50-4c87-8761-71741c526771,needs more likes,4.0,male,"Cancun, Mexico",2021-12-25,Positivo,needs more likes,1,81.8
862178fa-16cb-4a0e-8443-c3c114667405,I love the quality of the people on Hinge. Everyone looks interesting and appealing. I just wish there were MORE people on it.,4.0,female,"Christchurch, New Zealand",2023-07-07,Positivo,i love the quality of the people on hinge everyone looks interesting and appealing i just wish there were more people on it,2,78.75
3b4c7349-92de-44ee-a683-389b607bbc0a,good app. Quality people..mostly. Don't expect a miracle.,4.0,male,"Tripoli, Libya",2021-02-15,Positivo,good app quality peoplemostly dont expect a miracle,2,85.15
13c945dc-83cf-4ce1-851a-5298e9194a92,"Tbh, in the past I was able to meet with people and recieve notifications when they either message me or like me. However now I don't recieve anything and it's been like months since I ever heard from anyone in this app and never recieve any likes. In general, dating apps r like that and there is always fake, scams, catfish and others. So as usual we must be careful.",4.0,female,"Nadi, Fiji",2023-03-09,Positivo,tbh in the past i was able to meet with people and recieve notifications when they either message me or like me however now i dont recieve anything and its been like months since i ever heard from anyone in this app and never recieve any likes in general dating apps r like that and there is always fake scams catfish and others so as usual we must be careful,1,97.6
c6017d48-ce84-4879-8e09-c29758d0886b,"A little buggy when sending a message... Type your message, go to the home screen without sending, return to hinge. The bottom 2/5ths of the app is obscured. Also when authoring a longer prompt the text field doesn't scroll down with the entry of additional text. 🤷",4.0,male,"Phuket, Thailand",2020-11-20,Positivo,a little buggy when sending a message type your message go to the home screen without sending return to hinge the bottom 25ths of the app is obscured also when authoring a longer prompt the text field doesnt scroll down with the entry of additional text,0,97.03
64adccd7-1ea5-4d47-8abf-04811d5861a1,Dating intentions free text entry disappeared...?,4.0,female,"Guayaquil, Ecuador",2022-09-27,Positivo,dating intentions free text entry disappeared,1,89.29
9a6f2005-d294-465a-95f9-e66cd2add8ba,Better than Tinder. This is like comparing the color of different disposable vapes at a smoke shop. If I see the Tinder app it's like I'm buying the flaming hot pink neon colored vape. Maybe I don't want to try and hide my phone when I'm in public because it's called Tinder and not Cringe. Hinge is so simple you may not even notice the app on your phone. Tinder is amazingly the only App that has any sort of chance to match people based on Music preferences. Music Dating Site Needed.,4.0,female,"Auckland, New Zealand",2023-03-31,Positivo,better than tinder this is like comparing the color of different disposable vapes at a smoke shop if i see the tinder app its like im buying the flaming hot pink neon colored vape maybe i dont want to try and hide my phone when im in public because its called tinder and not cringe hinge is so simple you may not even notice the app on your phone tinder is amazingly the only app that has any sort of chance to match people based on music preferences music dating site needed,1,98.3
79d49262-9bea-45ef-9a37-096bdd2274dc,Please make a dark mode,4.0,male,"Milan, Italy",2019-12-19,Positivo,please make a dark mode,1,81.74
de891d82-238a-4a43-b319-95f1de778e20,"This app is, what I saw, one of the few dating apps that might actually work and help to find the worthwhile person. Only thing are the glitches! For example, I really liked someone's profile. As I was about to type the comment, the text blinker vanished, and whatever I was writing it was showing a white empty text box. When I exited the app and launched again, that profile went away. These things are really frustrating when they happen. Please look into it.",4.0,male,"Glasgow, United Kingdom",2020-02-14,Positivo,this app is what i saw one of the few dating apps that might actually work and help to find the worthwhile person only thing are the glitches for example i really liked someones profile as i was about to type the comment the text blinker vanished and whatever i was writing it was showing a white empty text box when i exited the app and launched again that profile went away these things are really frustrating when they happen please look into it,0,57.3
62f41f3f-f311-48cc-a96c-d430c77dba0b,"one of the better sites out there, premium is incredibly expensive and not worth £40+ per (singluar) month",4.0,male,"Cancun, Mexico",2022-02-27,Positivo,one of the better sites out there premium is incredibly expensive and not worth 40 per singluar month,1,93.12
2d8cbb39-c725-4fab-9aa6-baf940beeae7,Needs a way to lookup people in my inbox,4.0,male,"Austin, United States",2021-08-17,Positivo,needs a way to lookup people in my inbox,2,56.18
d9d1eee6-b933-4d8e-b3a7-ccb4fd3a1090,"Decent app. Mostly nice features, though the inability to tell if a profile has been inactive for 3 days or 3 years is annoying.",4.0,female,"Córdoba, Argentina",2022-11-18,Positivo,decent app mostly nice features though the inability to tell if a profile has been inactive for 3 days or 3 years is annoying,0,86.69
1c753265-0aa0-4d37-8134-c11a43726e37,pay to play,4.0,male,"San Antonio, United States",2022-05-24,Positivo,pay to play,2,75.67
99e0f864-4e6a-49a8-8352-5c52fd2e9a0e,It's a very good app and it's different than other apps so that is why I really like it,4.0,male,"Tunis, Tunisia",2021-04-11,Positivo,its a very good app and its different than other apps so that is why i really like it,2,89.41
cd36832f-8ace-47a2-bc5c-436728266ec9,my favorite app dont have to spend found one nice guy who really likes me i have been hurt meeting men on this app but i would rate one more star if they increase more likes for me,4.0,female,"Nadi, Fiji",2023-07-30,Positivo,my favorite app dont have to spend found one nice guy who really likes me i have been hurt meeting men on this app but i would rate one more star if they increase more likes for me,2,71.81
5a3c4ac2-b437-4719-b03b-f9160cd5fd79,"It's better than Tinder, Bumble, and Badoo. Fake users on google play are trying to degrade this high quality app. I hope there will be justification. It's supposed to be 4.4=>",4.0,female,"La Paz, Bolivia",2022-09-12,Positivo,its better than tinder bumble and badoo fake users on google play are trying to degrade this high quality app i hope there will be justification its supposed to be 44,2,85.51
06441e80-bdde-411f-8ec0-60f21eec09f5,little confusing to use but definitely thoroughly allows daters to get more insight into people's profiles,4.0,male,"Johannesburg, South Africa",2021-05-14,Positivo,little confusing to use but definitely thoroughly allows daters to get more insight into peoples profiles,2,68.25
95690978-9e54-478d-85cb-1a3110387626,I wish it had search functionality,4.0,female,"San Antonio, United States",2022-07-23,Positivo,i wish it had search functionality,0,46.86
aa5e5c09-8c50-498a-9899-fdc921a03253,good,4.0,male,"Kathmandu, Nepal",2020-06-24,Positivo,good,2,64.2
3530f268-fa13-4ecb-a9b2-0bd61b2393e4,"I've met some people from this app - casual stuff, serious stuff, and one has some long term potential. In saying that, it's a ""grind"" because you have to be active constantly to try and get exposed to the right people. Even with Hinge+, which has unlimited likes, it's still rather tough to meet anyone with potential. Do yourself a favour and try to expose yourself to other people in real life interactions in conjunction with the use of this app. Overall, it's a decent app.",4.0,male,"Durban, South Africa",2021-02-12,Positivo,ive met some people from this app casual stuff serious stuff and one has some long term potential in saying that its a grind because you have to be active constantly to try and get exposed to the right people even with hinge which has unlimited likes its still rather tough to meet anyone with potential do yourself a favour and try to expose yourself to other people in real life interactions in conjunction with the use of this app overall its a decent app,1,97.6
e03f6de5-9210-4c84-8710-2cf42088973a,"Would prefer to see education, children info and height without scrolling so much.",4.0,male,"San Antonio, United States",2021-08-19,Positivo,would prefer to see education children info and height without scrolling so much,0,92.67
d914a0d8-775d-4abf-b54c-9a3bee7e16bb,"good, but I don't like the fact they limit likes.",4.0,male,"Seattle, United States",2021-09-14,Positivo,good but i dont like the fact they limit likes,2,67.65
d23d57ac-1be4-4520-8850-6158098638f3,Better than most dating apps simply because it doesn't require you to pay money to see the people who liked you.,4.0,male,"Mexico City, Mexico",2022-03-18,Positivo,better than most dating apps simply because it doesnt require you to pay money to see the people who liked you,2,58.64
a8ea7293-34bf-4266-903a-cb17afe53492,Great App,4.0,male,"Copenhagen, Denmark",2020-01-20,Positivo,great app,2,65.53
ab9645bf-443a-4b28-a467-a82dd31990d6,Goid,4.0,male,"Johannesburg, South Africa",2021-07-19,Positivo,goid,0,33.33
d4f0884c-f23b-48ca-ab08-d1ec98bdc6d2,fine hai.,4.0,male,"Paris, France",2020-06-11,Positivo,fine hai,0,75.01
279f4e39-e28f-409e-8eb4-4ddb8dff16fe,"Just like most dating apps, it'll take a while before your profile get attention, just be patient",4.0,male,"Marseille, France",2020-01-17,Positivo,just like most dating apps itll take a while before your profile get attention just be patient,2,91.59
9cb32c85-4d4c-4d4d-bb93-839847294772,The better of the Free ones imo.,4.0,female,"Hobart, Australia",2023-07-09,Positivo,the better of the free ones imo,2,67.09
5aa99302-2da6-477f-98bf-92e9d9b6be3b,good,4.0,male,"Phoenix, United States",2022-04-24,Positivo,good,2,64.19
a0738ef1-9325-44d9-98ac-cbc2b63173a1,you should definitely give much more likes and more roses lol! but hey it's not so bad though and at least there's legit people on here as far as I know 🤔,4.0,male,"Abuja, Nigeria",2021-03-29,Positivo,you should definitely give much more likes and more roses lol but hey its not so bad though and at least theres legit people on here as far as i know,2,95.77
f7ea30b9-c194-4138-ad25-1a7e6311ac19,slightly classier version of tinder,4.0,male,"Hamburg, Germany",2020-04-09,Positivo,slightly classier version of tinder,1,44.19
c39dfcc5-fa86-43f8-8244-dc4c1db36345,Unmatching doesn't work and keeps the profile under the hidden chats.,4.0,female,"Queenstown, New Zealand",2023-09-12,Positivo,unmatching doesnt work and keeps the profile under the hidden chats,0,90.08
17c49633-61a4-4f2a-aa98-5a3eca1db1e7,Cozy app that works decently well with a bit of daily effort.,4.0,female,"Guayaquil, Ecuador",2022-12-25,Positivo,cozy app that works decently well with a bit of daily effort,2,87.95
d269e6cb-1d62-47f5-9065-e228e42d6e7c,a little unclear how to use at first and not fair mot being able to see likes without paying! 🤣 but otherwise great!.. so far 😅,4.0,male,"Tripoli, Libya",2021-06-23,Positivo,a little unclear how to use at first and not fair mot being able to see likes without paying but otherwise great so far,2,94.59
c7493daa-0283-4bd4-8e00-bcf28ae641d0,good,4.0,female,"Tijuana, Mexico",2022-08-11,Positivo,good,2,64.21
1e8a9864-93b1-46fd-b954-7474e19cde7c,"almost impossible to know who's active or not, unless it shows recently logged in. other than that, solid app.",4.0,female,"Quebec City, Canada",2022-07-07,Positivo,almost impossible to know whos active or not unless it shows recently logged in other than that solid app,1,92.98
c8e10730-b8e6-487a-8da6-cf945c58907d,"i wish it had like a speed dating thing like bumble, it be too good if it did",4.0,female,"Sydney, Australia",2023-09-02,Positivo,i wish it had like a speed dating thing like bumble it be too good if it did,1,90.06
b44747d6-94f8-4ce7-8a8c-d8a8feeddedd,"Pretty straight forward, don't have to pay to use, and have been on the hottest hot streak of my life with Hinge",4.0,female,"Nadi, Fiji",2023-07-14,Positivo,pretty straight forward dont have to pay to use and have been on the hottest hot streak of my life with hinge,0,54.15
1733b091-6dfb-4429-a93b-ad91d7cac382,"Great app. Nice to use. Can't log back in. I provide ph number, no code arrives. I've made numerous attempts over a number of weeks. 😑",4.0,female,"Adelaide, Australia",2023-06-30,Positivo,great app nice to use cant log back in i provide ph number no code arrives ive made numerous attempts over a number of weeks,1,95.01
dd2c0d34-aec3-48fb-9aa4-0b8272444579,"some good, some bad. I can't blame an app for the way people act. I think Hinge is helpful, I've never had an issue with the app.",4.0,female,"Medellín, Colombia",2022-09-07,Positivo,some good some bad i cant blame an app for the way people act i think hinge is helpful ive never had an issue with the app,2,89.69
46acced6-2a45-4b29-b0c4-0861dcab68dd,Hinge is a very good dating app. I do recommend others try.,4.0,male,"Glasgow, United Kingdom",2020-05-21,Positivo,hinge is a very good dating app i do recommend others try,1,67.89
d8e0b948-e3ce-4174-a9f2-331410ba8bbe,This is the sh** I've been getting one match every other day and went on 7 dates in the last 2 weeks. Keep up. Took away one star because of bugs in messaging feature.,4.0,male,"Lyon, France",2020-06-06,Positivo,this is the sh ive been getting one match every other day and went on 7 dates in the last 2 weeks keep up took away one star because of bugs in messaging feature,2,96.35
10d49055-126a-485c-a56d-98d515b50043,"fair, no one local pops up in the free part, but if you're looking for a pin pal somewhere randomly in Texas, Louisiana or Arkansas it's great. im in south east Texas",4.0,female,"Adelaide, Australia",2023-08-29,Positivo,fair no one local pops up in the free part but if youre looking for a pin pal somewhere randomly in texas louisiana or arkansas its great im in south east texas,2,93.15
89ef74bd-f593-4c19-aaa1-c4a188583471,"I like how specific you can get with the type of people you're interested in, and how it shows people who live nearby instead of hundreds of miles away, but not crazy about having to pay to get unlimited likes.",4.0,male,"Phuket, Thailand",2020-07-31,Positivo,i like how specific you can get with the type of people youre interested in and how it shows people who live nearby instead of hundreds of miles away but not crazy about having to pay to get unlimited likes,0,70.61
ef31839f-f73c-41db-ab4b-7022be49958b,"Honestly the best dating app I've tried, really feels like a genuine attempt to connect people rather than just to extort money out of you. That being said I do think more people would be happy to pay for the premium options on these apps if they were just priced more reasonably. However as of yet I haven't felt the need to upgrade, unlike with tinder, bumble etc.",4.0,male,"Houston, United States",2021-08-04,Positivo,honestly the best dating app ive tried really feels like a genuine attempt to connect people rather than just to extort money out of you that being said i do think more people would be happy to pay for the premium options on these apps if they were just priced more reasonably however as of yet i havent felt the need to upgrade unlike with tinder bumble etc,2,76.15
c2428605-b7a5-42a0-aa7a-569e888ff423,I like the amount of preference setting it lets you do on the app. Very useful for getting good matches,4.0,male,"Dar es Salaam, Tanzania",2021-02-20,Positivo,i like the amount of preference setting it lets you do on the app very useful for getting good matches,0,49.0
a87bf842-21dd-4728-9ed5-2521464e340e,"The number of new message notifications is wrong. It indicates there are more than there actually are. Also, I get a notification that someone liked my profile, but it takes hours before I see it in the likes tab in the app.",4.0,female,"Calgary, Canada",2022-07-30,Positivo,the number of new message notifications is wrong it indicates there are more than there actually are also i get a notification that someone liked my profile but it takes hours before i see it in the likes tab in the app,1,79.46
e92b1b1f-e596-4a2c-a652-54ff53465fd1,"Unlike bumble where u have to pay just to see who likes you this let's you see who likes you for free. The down side is the spotlight section, they basically make you pay for it since they give you ppl your most likely to be attracted to, while in the normal search are ppl your most likely not attracted to. This makes u almost HAVE to pay since your giving a rose (basically liking someone's picture but paying 4 dollars to do so each time) for a chance they will respond to you.",4.0,female,"Wellington, New Zealand",2023-03-23,Positivo,unlike bumble where u have to pay just to see who likes you this lets you see who likes you for free the down side is the spotlight section they basically make you pay for it since they give you ppl your most likely to be attracted to while in the normal search are ppl your most likely not attracted to this makes u almost have to pay since your giving a rose basically liking someones picture but paying 4 dollars to do so each time for a chance they will respond to you,1,78.89
94825b19-1340-4bf0-8ba2-29f7e2533c10,Simple get more for less,4.0,male,"Montreal, Canada",2022-01-09,Positivo,simple get more for less,1,66.05
36aa9e2e-d818-431a-a340-261aad8b553d,"Much better implementation than tinder, the prompt system gives conversation starters without asking you every detail of your life like ok Cupid, but very limited number of daily likes without paying",4.0,male,"Abuja, Nigeria",2021-07-01,Positivo,much better implementation than tinder the prompt system gives conversation starters without asking you every detail of your life like ok cupid but very limited number of daily likes without paying,1,96.08
a83f98f5-d9e9-437c-a7bb-58beb803d0a5,real people,4.0,male,"Washington DC, United States",2022-01-12,Positivo,real people,2,66.62
325725ef-0ade-4442-8447-e2732a2cd7ed,Hey IT I have a bug on my end saying that I have a message but I open the inbox it's empty.,4.0,male,"Kathmandu, Nepal",2020-09-26,Positivo,hey it i have a bug on my end saying that i have a message but i open the inbox its empty,2,55.24
0bfb83f1-1b2e-450a-862f-9b592f767eb4,the best site I have seen so far.,4.0,male,"Austin, United States",2021-12-22,Positivo,the best site i have seen so far,0,84.58
87fc9fcf-39a1-4e8a-8d98-7e44fcce0055,Safe 9/10 Thats the best datin app on playstore,4.0,male,"Cancun, Mexico",2021-09-30,Positivo,safe 910 thats the best datin app on playstore,0,83.8
682a573c-0aa8-4fb5-8290-93577669c9ed,good app,4.0,male,"Vienna, Austria",2019-12-03,Positivo,good app,2,64.2
cabccbc4-f5b8-4b51-951d-5461c6e86076,Best app for BBW,4.0,male,"Pretoria, South Africa",2021-05-30,Positivo,best app for bbw,0,64.31
3d339ec1-1be0-4fa9-ae45-d6ae1f4872da,To my believe this is the best of dating sites,4.0,male,"Quebec City, Canada",2021-12-05,Positivo,to my believe this is the best of dating sites,2,77.05
f7c16105-b15d-472f-8437-227dad0f768e,Took like 80 mfs before I found my girlfriend but aye she kinda fye so good looks hinge,4.0,male,"Frankfurt, Germany",2020-05-15,Positivo,took like 80 mfs before i found my girlfriend but aye she kinda fye so good looks hinge,2,72.12
c233604a-e5c1-4b04-81cd-16864a587f6d,Better than Tinder and bumble,4.0,male,"Athens, Greece",2020-01-28,Positivo,better than tinder and bumble,1,76.22
9adf2f50-dc91-4ddf-929b-820fd8e20b1f,Have only recently joined Hinge was bored + getting nowhere with the other dating sites. Seems pretty good so far + different people popping that haven't seen on the other dating apps.,4.0,male,"Rabat, Morocco",2021-04-04,Positivo,have only recently joined hinge was bored getting nowhere with the other dating sites seems pretty good so far different people popping that havent seen on the other dating apps,2,96.06
ca049c82-5686-41e9-a03d-d78fd419fe8e,"I think it's a great app but the only thing is that you're not allowed to see your matches unless you subscribe, what I do believe is that a person should be allowed to unsubscribe if the no longer want to be on the app.",4.0,male,"Lahore, Pakistan",2020-10-27,Positivo,i think its a great app but the only thing is that youre not allowed to see your matches unless you subscribe what i do believe is that a person should be allowed to unsubscribe if the no longer want to be on the app,2,75.18
7f743bb5-5eb1-4803-85a5-7f84c17bf02d,"not bad,real matches",4.0,male,"Kampala, Uganda",2021-03-12,Positivo,not badreal matches,2,65.37
d09d7dc2-4f6c-49f1-a893-77be8dfd815d,I love the fact that height is stated 😁 as I'm obsessed about height,4.0,male,"New York, United States",2021-08-01,Positivo,i love the fact that height is stated as im obsessed about height,0,87.19
13785ad6-1316-4a5f-b6a7-ddfa0c66a1f4,still trying to understand and navigate,4.0,male,"San Diego, United States",2022-05-18,Positivo,still trying to understand and navigate,1,85.83
390318e8-50f3-415b-8d2f-96915eddb5a9,Could use more profile features. No bio options which is really strange. I dont feel like the questions are enough to take interest in people. Otherwise it seems like a good app and has a large userbase in my area.,4.0,male,"Jakarta, Indonesia",2020-11-16,Positivo,could use more profile features no bio options which is really strange i dont feel like the questions are enough to take interest in people otherwise it seems like a good app and has a large userbase in my area,0,49.07
33dd01b0-f84c-48c6-ab1b-842ac5c1b621,not bad,4.0,male,"Bangalore, India",2020-11-11,Positivo,not bad,2,65.75
7ec99bf9-145e-4377-ad43-fdd220791f71,"Hinge sends of notification of ""someone they'd think I like"" which is fine but when I open the app it shows the person from the notification after first loading someone else. It then loads the person from the notification a few seconds later. If I ""X"" the person from the notification they stay and it actually looks like it is x-ing the person beneath them that I saw when the app first loaded. Please fix this.",4.0,male,"Washington DC, United States",2021-10-08,Positivo,hinge sends of notification of someone theyd think i like which is fine but when i open the app it shows the person from the notification after first loading someone else it then loads the person from the notification a few seconds later if i x the person from the notification they stay and it actually looks like it is xing the person beneath them that i saw when the app first loaded please fix this,0,97.92
248b6040-50e6-4bc8-9e28-e9edbb5fac96,"I got likes in the first hour and that was it. I never got to match with them. If I can't match with my likes, how are the girls I like going to March with me? After that 1h i didn't get any more likes, for days. Either there are no users on this app and all are fake, or this algorithm is focused on allowing only premium to match with premium. So then that means that a girl I like also has to pay premium, otherwise she'd never see me.",4.0,female,"Caracas, Venezuela",2022-09-29,Positivo,i got likes in the first hour and that was it i never got to match with them if i cant match with my likes how are the girls i like going to march with me after that 1h i didnt get any more likes for days either there are no users on this app and all are fake or this algorithm is focused on allowing only premium to match with premium so then that means that a girl i like also has to pay premium otherwise shed never see me,1,82.76
94b004b2-923d-468c-b21a-9a7cd1e8e950,One of the better apps on here,4.0,female,"Gold Coast, Australia",2023-06-24,Positivo,one of the better apps on here,2,84.85
82943486-2bfe-40a5-bd20-10b3efae9956,"have member preferences open to all users. get rid of the side to side scrolling on the about me section. chats default to the top instead of the most recent mesage. drafts getting lost switching apps, search in glitchy, i change age range and the current person i had i my search disappears - even though they were within the search parameters. in fact the search says there's no one left. search only updates if age is changed. standouts don't refresh.",4.0,female,"San Diego, United States",2022-07-06,Positivo,have member preferences open to all users get rid of the side to side scrolling on the about me section chats default to the top instead of the most recent mesage drafts getting lost switching apps search in glitchy i change age range and the current person i had i my search disappears even though they were within the search parameters in fact the search says theres no one left search only updates if age is changed standouts dont refresh,0,98.25
4e1b8c59-83a0-4ed2-8b96-1f6c54beb234,subscription is very much costly,4.0,female,"Hobart, Australia",2023-08-22,Positivo,subscription is very much costly,0,84.69
72e65ad6-5437-4a8b-9474-3fbfcc71c1ee,"Updated from 3 to 4 since they now show you when you run out of likes, but they should grey out hearts so you know you can't send more hearts ir something like that. Only other complaint is no option for ""left"" political option. Also some of the prompts kinda suck when compared to bumble, especially given that you can't have a bio on hinge. If they fix these issues I will be willing to give a 5 star.",4.0,male,"Barcelona, Spain",2020-02-19,Positivo,updated from 3 to 4 since they now show you when you run out of likes but they should grey out hearts so you know you cant send more hearts ir something like that only other complaint is no option for left political option also some of the prompts kinda suck when compared to bumble especially given that you cant have a bio on hinge if they fix these issues i will be willing to give a 5 star,1,74.8
5ea3cbb3-21d4-49b6-a037-1cbc4f9270f4,"I was on Hinge like a couple weeks, paid for premium cuz I decided screw it, I'm lonely might as well. Matches got more personalized to people with shared interests, and even more niche hobbies down the line. I ended up meeting my current boyfriend. As far as the app goes, it's alright. But they do use a decent algorithm for decent matches so can't really complain.",4.0,male,"Jacksonville, United States",2021-11-24,Positivo,i was on hinge like a couple weeks paid for premium cuz i decided screw it im lonely might as well matches got more personalized to people with shared interests and even more niche hobbies down the line i ended up meeting my current boyfriend as far as the app goes its alright but they do use a decent algorithm for decent matches so cant really complain,2,49.59
ef5a2099-128d-432c-9f73-66f1e5e3d6a2,"Very good at making quality matches. Requires patience and consistency, but has worked very well for me in the past! Also, cast a wide net you'll be pleasantly surprised with the people you'll meet.",4.0,male,"Monterrey, Mexico",2021-08-16,Positivo,very good at making quality matches requires patience and consistency but has worked very well for me in the past also cast a wide net youll be pleasantly surprised with the people youll meet,0,94.61
56484726-fafb-4b1c-81eb-c7af2c740e16,good app. I'm just ugly AF so difficult for me to find matches,4.0,male,"Rabat, Morocco",2021-02-17,Positivo,good app im just ugly af so difficult for me to find matches,2,88.29
af51ec6a-685a-4c5f-a24e-f61952ab2972,"Its the best dating app, but the app is buggy and freezes when opening it",4.0,female,"Sydney, Australia",2023-05-21,Positivo,its the best dating app but the app is buggy and freezes when opening it,1,84.25
f177bde8-7400-4a6e-a55f-4b50f000508f,"Easy to learn, & the users are more polite than in other popular dating apps",4.0,male,"Jacksonville, United States",2022-05-13,Positivo,easy to learn the users are more polite than in other popular dating apps,2,92.12
26a0d4d8-2ce8-4edd-accd-d3ce0ac9031c,not to bad,4.0,male,"Riyadh, Saudi Arabia",2020-08-03,Positivo,not to bad,2,65.76
5b6189c7-e52d-4e30-a7e2-9c8035573133,"Excellent overall. Allows for customization while still helping you to create the most attractive profile. Easy profile set-up with a variety of prompts. Fluid filter options make it easy to screen profiles & match with what you want. This is great for those who know what they want or like to change it up. Also, it is affordable for the quality of matches. App improvement opportunity: matches are based on your location and limited to a radius of a few hundred miles only (-⭐️).*paid membership*",4.0,male,"San Antonio, United States",2022-05-22,Positivo,excellent overall allows for customization while still helping you to create the most attractive profile easy profile setup with a variety of prompts fluid filter options make it easy to screen profiles match with what you want this is great for those who know what they want or like to change it up also it is affordable for the quality of matches app improvement opportunity matches are based on your location and limited to a radius of a few hundred miles only paid membership,1,87.24
de8b8864-b786-48ae-9948-ff97a412d3af,a bit expensive to sub,4.0,male,"Guangzhou, China",2020-08-02,Positivo,a bit expensive to sub,2,81.73
74142583-fa6d-4b85-9c8c-a36899720d7b,it seems like it works,4.0,male,"Guadalajara, Mexico",2022-05-07,Positivo,it seems like it works,2,76.53
58ac767a-eb82-4668-8a2b-3d0c95780e6c,"There are some accounts that are dead that haven't been fished out of the tank, but I like the whole aspect of being able to send messages with the likes and show off a little look into my personality.",4.0,male,"Rabat, Morocco",2021-05-06,Positivo,there are some accounts that are dead that havent been fished out of the tank but i like the whole aspect of being able to send messages with the likes and show off a little look into my personality,2,96.07
e3e8049d-891e-4867-b57b-d860e2230932,"Met the best boy, we are now pros at geo cashing after finding our first together ❤️ Definitely the best dating app to try",4.0,male,"Chicago, United States",2022-05-02,Positivo,met the best boy we are now pros at geo cashing after finding our first together definitely the best dating app to try,2,83.05
c08dfc8a-33d9-4492-888f-d3b8ce1a772d,Yrr pese bohot lere ho free m kuch toh do,4.0,female,"Christchurch, New Zealand",2023-04-05,Positivo,yrr pese bohot lere ho free m kuch toh do,1,77.53
01f5c17e-0f51-4b48-905a-772155e3d66a,"The app was able to read the verification code it sent me via SMS, even 
though that is not one of the listed permissions, and I was never asked to 
allow or deny any such permission.",4.0,male,"San Diego, United States",2022-04-26,Positivo,the app was able to read the verification code it sent me via sms even though that is not one of the listed permissions and i was never asked to allow or deny any such permission,1,95.04
5dd5e7f0-ec72-4aad-bdbe-b8948624802a,"Good app better than many else, sad for the pay wall",4.0,female,"Christchurch, New Zealand",2023-07-13,Positivo,good app better than many else sad for the pay wall,2,86.58
2d68f742-db59-4df8-8c09-e89155e57363,Wowie wow work nice! Great success!,5.0,male,"Seattle, United States",2024-04-10,Positivo,wowie wow work nice great success,2,84.06
5852af06-815c-4a9c-8803-45b6b2523011,easy to navigate,5.0,female,"Port Moresby, Papua New Guinea",2025-10-01,Positivo,easy to navigate,2,66.59
b04279f6-764a-4c64-b645-3aec8f0c7a69,Best Dating app right now ❤️,5.0,male,"Marrakesh, Morocco",2023-06-14,Positivo,best dating app right now,2,77.1
a94f20bb-a256-4e99-bad4-0289bdc06e5e,App simps. Literally simps. Blocking access due to its insecure nature. Cannot even get past the email verification 😂🤣🤨 . It's the app that wants to be predeleted . 5 out of 5 stars for the brattiest app ever that just got predumped and reghosted,5.0,female,"Nadi, Fiji",2025-10-25,Positivo,app simps literally simps blocking access due to its insecure nature cannot even get past the email verification its the app that wants to be predeleted 5 out of 5 stars for the brattiest app ever that just got predumped and reghosted,1,87.41
60db7a3e-f6f3-4b23-b6b1-b0f786860e02,"An app that works, with real people who want to go on a date. (Yes, that's enough to get 5 stars because Tinder sets a very low bar.)",5.0,male,"Barcelona, Spain",2022-04-28,Positivo,an app that works with real people who want to go on a date yes thats enough to get 5 stars because tinder sets a very low bar,2,53.59
bbdb0e5a-d5f8-4f20-bc8d-5acac605a0c6,"Meiner Meinung nach der beste Ansatz für eine Dating App - man findet nicht nur gut oder schlecht, sondern kann direkt kommentieren, welcher Aspekt eines Profils einen anspricht - das gibt einen Gesprächseinstieg und rückt den oberflächlichen Aspekt ein Stück in den Hintergrund",5.0,male,"Dallas, United States",2023-11-28,Positivo,meiner meinung nach der beste ansatz für eine dating app man findet nicht nur gut oder schlecht sondern kann direkt kommentieren welcher aspekt eines profils einen anspricht das gibt einen gesprchseinstieg und rückt den oberflchlichen aspekt ein stück in den hintergrund,1,81.05
a6aff267-1351-4bcd-be6d-d27fed892bc8,"Really great app, would be better if they can add icon for people who are actually okay with transgender woman.",5.0,male,"Lyon, France",2022-08-07,Positivo,really great app would be better if they can add icon for people who are actually okay with transgender woman,2,61.35
4d19b2d0-116c-49f5-8fbb-25fbc7b45142,"Although I'm a free member, and can't see who likes me, and I can't message them, I'm actually able to have a conversation with those who do contact me, whether I've made first contact or they have.",5.0,female,"Los Angeles, United States",2024-10-01,Positivo,although im a free member and cant see who likes me and i cant message them im actually able to have a conversation with those who do contact me whether ive made first contact or they have,1,96.38
ed70278b-096b-4740-8d9f-b4d4bbe1f6f3,Good easy app,5.0,female,"Brisbane, Australia",2025-09-12,Positivo,good easy app,2,75.0
92609442-0222-4539-afc3-a25dc4f93b49,In my opinion the best dating website out there!,5.0,male,"Accra, Ghana",2023-06-17,Positivo,in my opinion the best dating website out there,2,85.45
08d1a38e-361c-44bb-bb1c-19478c2291d5,The algorithm did its thing,5.0,female,"Quito, Ecuador",2025-05-20,Positivo,the algorithm did its thing,1,81.23
5a4641ce-cee3-4f86-9c76-e889bed350f9,"Nice women on this app,finally a date site worth paying for 👌",5.0,male,"Ho Chi Minh City, Vietnam",2023-01-28,Positivo,nice women on this appfinally a date site worth paying for,1,89.34
87931285-4d9e-4a3f-80bc-7692e7ec4d9c,"very impressed, just what i was looking for!",5.0,male,"Busan, South Korea",2022-09-26,Positivo,very impressed just what i was looking for,0,84.28
25539f2b-36ca-49ae-ae12-72c537b606ef,Very good app :),5.0,male,"Singapore, Singapore",2023-02-20,Positivo,very good app,0,72.19
e81ada07-a0bd-40b9-b337-ca6880edd289,awesome app never had any issues,5.0,male,"Cancun, Mexico",2024-08-21,Positivo,awesome app never had any issues,1,56.55
0f10696c-bc5b-4c7e-b35d-28c073915821,"You know I'm reading all these negative reviews, and I'm sure they're very valid. However, my experience with this app was life changing. I'm currently moving in the love of my life. I met a year ago today on hinge. Or planning on settling down together and eventually getting married when we feel like it's right. So yes, this is a real success story I'm writing on here. The only reason why I remembered even writing this review is because I left it on my phone and meant to delete it.",5.0,male,"Algiers, Algeria",2023-04-21,Positivo,you know im reading all these negative reviews and im sure theyre very valid however my experience with this app was life changing im currently moving in the love of my life i met a year ago today on hinge or planning on settling down together and eventually getting married when we feel like its right so yes this is a real success story im writing on here the only reason why i remembered even writing this review is because i left it on my phone and meant to delete it,2,78.9
1f360f31-acfe-4301-9008-2f65b5c516a1,May have bug in the code. All of my dates show up 10 minutes late,5.0,male,"Washington DC, United States",2024-08-26,Positivo,may have bug in the code all of my dates show up 10 minutes late,1,64.0
1c5cce77-2eea-4ef1-87d2-64ed92316a55,The best dating app out there,5.0,female,"Buenos Aires, Argentina",2024-12-11,Positivo,the best dating app out there,2,76.68
7f8cfc40-85aa-4022-b12c-0a746f159e4f,lovit,5.0,female,"Perth, Australia",2025-07-02,Positivo,lovit,0,33.33
b0a1088a-10c6-4529-a381-dd282c928918,find other gang stalked,5.0,female,"Caracas, Venezuela",2025-03-07,Positivo,find other gang stalked,1,75.37
44414ace-1128-4df3-89be-07f39ceffc16,it's better than all the rest especially POF with all them damn fake profiles,5.0,female,"Rosario, Argentina",2025-04-10,Positivo,its better than all the rest especially pof with all them damn fake profiles,1,92.14
f0099ee1-48f0-485f-8ede-419d881aee9a,"honestly it isn't bad. I wish that when ur looking for matches it would only show u to people who like men, cause I keep getting matches with people who aren't interested in men, and it makes it awkward",5.0,male,"Guangzhou, China",2023-03-14,Positivo,honestly it isnt bad i wish that when ur looking for matches it would only show u to people who like men cause i keep getting matches with people who arent interested in men and it makes it awkward,2,78.21
15d93be0-02f6-47d1-a0d3-b2b5493a992f,seems legit after only a few days. couple matches and I like being able to start conversations right away,5.0,male,"Singapore, Singapore",2022-11-27,Positivo,seems legit after only a few days couple matches and i like being able to start conversations right away,2,85.33
2f1e86c3-ec91-4c97-942b-a7e6b19235ac,I like it,5.0,female,"Montevideo, Uruguay",2025-06-06,Positivo,i like it,0,33.33
8cdb73c6-6b2e-4246-8256-fa9c15798b06,full of great personality,5.0,female,"Fortaleza, Brazil",2024-12-03,Positivo,full of great personality,2,81.26
8182f2cb-13bd-4fee-8256-3aab854d9ecd,need some more around 40/50,5.0,male,"Algiers, Algeria",2023-08-20,Positivo,need some more around 4050,1,85.26
0812e332-a477-4225-8282-34bbe04e372f,I love the feature that you can add a comment with your like.,5.0,male,"Mombasa, Kenya",2023-10-16,Positivo,i love the feature that you can add a comment with your like,0,87.16
aa121e4d-7a0a-4ef9-a517-86cb846911c5,"Met a match, and it's going very well (if you know, what I mean 😏). Thanks Hinge!",5.0,male,"Osaka, Japan",2023-01-05,Positivo,met a match and its going very well if you know what i mean thanks hinge,2,92.43
cb4463ad-7b6c-43bd-9be0-10ef5708f82e,Hygucvuguyc y ttttmtt z ya I'm driving out the week for uRuucto y fun to watch y fun yx,5.0,female,"Los Angeles, United States",2024-09-23,Positivo,hygucvuguyc y ttttmtt z ya im driving out the week for uruucto y fun to watch y fun yx,2,86.1
2e79407b-8718-41f8-bd0a-2ea05c6396eb,Definitely 100x better than tinder,5.0,male,"Doha, Qatar",2023-01-20,Positivo,definitely 100x better than tinder,1,82.69
845ffd29-0097-44a7-87ea-02e0b6704244,So far I like this format better than the others!,5.0,male,"Karachi, Pakistan",2023-03-07,Positivo,so far i like this format better than the others,1,69.0
0b623600-ff9c-41fb-af7a-d1f6466cb4a3,am really enjoying it 😃,5.0,female,"Quito, Ecuador",2025-02-15,Positivo,am really enjoying it,2,75.97
cf8a360b-92ba-482d-8d33-f8a596dbc510,perfect,5.0,female,"Hobart, Australia",2025-08-14,Positivo,perfect,2,62.86
692cdc0f-f00a-4ce7-abad-d4574ef43639,Better than tinder and bumble for sure,5.0,female,"Canberra, Australia",2025-10-03,Positivo,better than tinder and bumble for sure,2,48.52
2950043d-d950-448e-9f07-39dc5f336c46,"Well... This is the new craigslist. Your matches no matter how low you set the bar are always bots or ""Hookers"" trying to get you to add their snapchat. Was looking for something different and not this bs.",5.0,female,"Gold Coast, Australia",2025-10-31,Positivo,well this is the new craigslist your matches no matter how low you set the bar are always bots or hookers trying to get you to add their snapchat was looking for something different and not this bs,2,96.04
aea75356-4ffb-497b-b276-ceea0170f8c0,"In comparison to other dating apps, Hinge makes it easy to comment on profiles and therefore easier ro make connections. I was able to get conversations started which led to actual dates and opportunities for potential relationships. The lack of easy DMs in the form of comments in other apps made it impossible for me to even get that far with them. I can't recommend this app enough. I'm currently in a great relationship and have deleted the app just as advertised.",5.0,male,"Nairobi, Kenya",2023-10-26,Positivo,in comparison to other dating apps hinge makes it easy to comment on profiles and therefore easier ro make connections i was able to get conversations started which led to actual dates and opportunities for potential relationships the lack of easy dms in the form of comments in other apps made it impossible for me to even get that far with them i cant recommend this app enough im currently in a great relationship and have deleted the app just as advertised,1,59.88
37bf27da-e5b1-4211-9270-43be31f7531a,"As far as the interface of the app and the options and inclusivity go, it's the best one I've tried so far. And people, you can't control whether or not people like you. YOU build your profile. Judge the app and the tools they give you. And the tools Hinge give you are great if you use them well.",5.0,male,"Karachi, Pakistan",2023-04-08,Positivo,as far as the interface of the app and the options and inclusivity go its the best one ive tried so far and people you cant control whether or not people like you you build your profile judge the app and the tools they give you and the tools hinge give you are great if you use them well,2,81.16
3d82c566-02c5-4fc4-a4dd-6ed040b647db,This app is the one!!! I haven't gotten the subscription yet but so far it's popping 💯🔥,5.0,female,"Canberra, Australia",2025-08-20,Positivo,this app is the one i havent gotten the subscription yet but so far its popping,2,90.54
67f0162e-0aea-419c-98c7-18268d2191c8,This is the first and only dating app I've ever used where it actually felt like they wanted you to succeed in finding a partner instead of just stringing you along forever to squeeze as much money out of you as humanly possible.,5.0,female,"Buenos Aires, Argentina",2025-02-21,Positivo,this is the first and only dating app ive ever used where it actually felt like they wanted you to succeed in finding a partner instead of just stringing you along forever to squeeze as much money out of you as humanly possible,2,91.04
9746bfb3-da87-45c7-98fd-59bde3daab33,"Lately, the only way for me to meet beautiful singles. Hinge really improved its matching algorithm in the past few months too. Can't say thank you enough.",5.0,female,"Bogotá, Colombia",2025-02-16,Positivo,lately the only way for me to meet beautiful singles hinge really improved its matching algorithm in the past few months too cant say thank you enough,1,95.59
8b22f066-2243-4d3a-a28e-f523f2e61ee4,What are the best standing apps out there,5.0,male,"Washington DC, United States",2023-12-18,Positivo,what are the best standing apps out there,2,83.14
65a747a3-0940-4488-af06-4c96b482d609,fun.,5.0,male,"San Francisco, United States",2024-05-02,Positivo,fun,2,66.55
c8fe97a6-359c-4b80-bf0a-f26a9c9b240a,"It's very well rounded. I never have issues with finding matches, not a lot spam, and overall, it is very 1 on 1.",5.0,male,"Beijing, China",2022-10-14,Positivo,its very well rounded i never have issues with finding matches not a lot spam and overall it is very 1 on 1,2,93.53
1fdd7bea-60db-4c6a-892e-56ea6718ba72,"well, best free dating app I guess... got a ton of matches, decent people! interesting people so a win!",5.0,female,"Asunción, Paraguay",2025-03-12,Positivo,well best free dating app i guess got a ton of matches decent people interesting people so a win,2,77.37
8c77dc26-8a98-4b04-8168-3f2529b87bd0,Good,5.0,male,"Seville, Spain",2022-06-19,Positivo,good,2,64.2
f031e994-6d16-4726-a84a-12708bcb8db9,cringe but a great time killer,5.0,female,"Cancun, Mexico",2024-09-23,Positivo,cringe but a great time killer,0,62.53
d67d9bc7-1ca1-4e13-85a2-7779b97c81da,"I wasn't very impressed but then met amazing woman through it who is prepared to put up with my antics, 5 stars for the algorithm.",5.0,female,"Asunción, Paraguay",2025-05-21,Positivo,i wasnt very impressed but then met amazing woman through it who is prepared to put up with my antics 5 stars for the algorithm,0,94.2
d4758171-6a00-4a5b-8a27-0199f8c1bb2c,I like the personalized touch that you can put on profiles,5.0,male,"San Diego, United States",2024-01-22,Positivo,i like the personalized touch that you can put on profiles,2,85.2
7a35a28f-25da-4fd2-bd03-4b83f7f95130,Best dating app in 2023 by far!,5.0,female,"Salvador, Brazil",2025-01-05,Positivo,best dating app in 2023 by far,2,82.64
5ed404c9-a675-4de4-a53e-27efdbbd1ffa,great,5.0,male,"Quebec City, Canada",2024-04-15,Positivo,great,2,65.53
5c51ac57-0e01-4a8b-ad36-bf513b129ecd,"""It's the app meant to be deleted."" Unfortunately, I had no luck even getting a date, despite the app recommendations.",5.0,male,"Guangzhou, China",2022-09-15,Positivo,its the app meant to be deleted unfortunately i had no luck even getting a date despite the app recommendations,2,90.15
ee0f6133-209d-4c8e-be54-acc1727e2fc9,i love this app its good,5.0,male,"Kampala, Uganda",2023-08-10,Positivo,i love this app its good,0,74.22
4f5c4859-e282-436c-97ff-59af7b6a834d,lol lovely app,5.0,female,"Montreal, Canada",2024-09-28,Positivo,lol lovely app,2,77.54
1635a070-9a03-412d-a2a3-a9864f545c6b,not sure yet but I do think this dating website is good so far,5.0,female,"Rosario, Argentina",2024-11-25,Positivo,not sure yet but i do think this dating website is good so far,2,90.54
56373810-a3fd-460b-867b-2e9688bd9c18,besser als der Rest,5.0,female,"Wellington, New Zealand",2025-09-11,Positivo,besser als der rest,1,77.53
dc84d87f-2499-4a11-b99c-331ad1f5006c,"I met my fiance on hinge. It's better than bumble, tinder, upward, and a couple apps I've tried. I think there are more people looking for long term relationships on it. I definitely recommend it",5.0,female,"Adelaide, Australia",2025-12-09,Positivo,i met my fiance on hinge its better than bumble tinder upward and a couple apps ive tried i think there are more people looking for long term relationships on it i definitely recommend it,1,95.52
54c01d38-ca6a-42a9-9685-e0a79dac3bc0,Great dating app if you are sick of matching with people you're not attracted to. Most of the people complaining about this app are giving low stars because this dating app lets you get what you want so undesirables don't get the time of day,5.0,male,"San Jose, United States",2024-08-28,Positivo,great dating app if you are sick of matching with people youre not attracted to most of the people complaining about this app are giving low stars because this dating app lets you get what you want so undesirables dont get the time of day,1,69.28
5e325b49-b950-4249-8e45-4e95af53e45b,"I normally don't leave reviews especially for these kinds of apps as I've always been skeptical about them, but i just had to leave one for this. I downloaded this about 15 months ago & while it's had its ups and downs with experiences, i'm happy to say that I've finally met the woman of my dreams! Someone that literally checks every one of the boxes! I've never met anyone like her & I'm still surprised i did via an app.. We are a perfect match & i can't get enough of her. So THANK YOU Hinge!!",5.0,male,"Munich, Germany",2022-06-09,Positivo,i normally dont leave reviews especially for these kinds of apps as ive always been skeptical about them but i just had to leave one for this i downloaded this about 15 months ago while its had its ups and downs with experiences im happy to say that ive finally met the woman of my dreams someone that literally checks every one of the boxes ive never met anyone like her im still surprised i did via an app we are a perfect match i cant get enough of her so thank you hinge,2,50.5
c87b514c-5453-42d8-9d66-d26ec0fa03fe,K hai ji,5.0,male,"Mombasa, Kenya",2023-06-03,Positivo,k hai ji,0,66.61
8e080c54-f79c-4ce7-919a-b75befa7c84f,"This app is amazing. So many solid matches, which have resulted in dates or friendships or more.",5.0,female,"San Antonio, United States",2024-11-12,Positivo,this app is amazing so many solid matches which have resulted in dates or friendships or more,2,91.85
20b353e1-4bef-4ad5-b7a1-55b75e009f1b,Love is the air,5.0,male,"Algiers, Algeria",2023-07-16,Positivo,love is the air,0,66.01
b0241b64-4268-4ea5-9614-4c06b3701add,good,5.0,female,"Port Moresby, Papua New Guinea",2025-07-28,Positivo,good,2,64.2
75990b3d-899a-4bbb-86c1-fae57cb31103,"Too soon, But I'd still like to think that I may just have matched with the love of my life. Thankyou.",5.0,male,"Rabat, Morocco",2023-10-20,Positivo,too soon but id still like to think that i may just have matched with the love of my life thankyou,1,92.19
3fa65875-8ce5-407d-b8cb-9abe53a0af24,Best app,5.0,male,"Manchester, United Kingdom",2022-03-15,Positivo,best app,0,64.31
dfdc0f64-fab9-4446-9cea-8a2498e1f3d4,"Generally, better quality people than on other apps. The app also gives the option of getting to know someone through a video or voice message before matching. Which is very nice.",5.0,male,"Dubai, United Arab Emirates",2023-01-09,Positivo,generally better quality people than on other apps the app also gives the option of getting to know someone through a video or voice message before matching which is very nice,2,66.24
d1620836-5ea5-4ef6-99bb-53413b48ea23,By far the best dating app there is. Thank you for helping me find my partner.,5.0,female,"Perth, Australia",2025-08-06,Positivo,by far the best dating app there is thank you for helping me find my partner,2,89.66
bb51ed87-2909-4f18-96a1-b14e518fb645,"If you could just add a ""unmatch now and try in a month option"", that would be great"". Otherwise, App is really good. I really think it works well, you can be very specific with who you want to see ""aka"", your type. Would fully recommend.",5.0,female,"Melbourne, Australia",2025-11-23,Positivo,if you could just add a unmatch now and try in a month option that would be great otherwise app is really good i really think it works well you can be very specific with who you want to see aka your type would fully recommend,1,83.35
cd51ee7b-c632-422b-890f-c2f5d4d89669,Nice classy matches available,5.0,male,"Vancouver, Canada",2023-11-02,Positivo,nice classy matches available,1,82.98
ef7b18a7-122a-49c3-ab06-da72e7a6afa0,"Best free dating app on the market, makes setting up a profile easy and leads to better conversations",5.0,male,"Houston, United States",2023-11-11,Positivo,best free dating app on the market makes setting up a profile easy and leads to better conversations,1,92.31
724619c8-2d95-4c09-bb81-ac826fc3d803,"Bruh, some of yall str8 busted!!!!! Aside from that 5/5⭐️⭐️⭐️⭐️⭐️",5.0,male,"Vancouver, Canada",2024-02-23,Positivo,bruh some of yall str8 busted aside from that 55,0,87.54
d53c6b90-7b40-49ce-bb7d-db03f064eb0a,So far just as advertised. I'll see if if actually translates to in-person meetings or not,5.0,male,"Tel Aviv, Israel",2022-12-21,Positivo,so far just as advertised ill see if if actually translates to inperson meetings or not,2,87.78
e3db9340-643b-4c3d-a5a2-9e209c3af075,better than tinder. more personal feel,5.0,female,"Auckland, New Zealand",2025-12-01,Positivo,better than tinder more personal feel,1,88.04
188587d5-cbe7-4230-889e-9c1517394f80,"A while ago I reached out to customer support to include Sikhism as a religious group as many of us born in the west have anglicized first names. They responded, told me what action they would take, and actually made the change! Superb App and development team!",5.0,female,"Córdoba, Argentina",2025-01-09,Positivo,a while ago i reached out to customer support to include sikhism as a religious group as many of us born in the west have anglicized first names they responded told me what action they would take and actually made the change superb app and development team,0,96.23
44379b1c-30ae-4439-9852-262a8ca0b782,Their prices of a few dollars is the reason this application is successful. The other popular apps are decades behind. Not to mention the layout is pretty!,5.0,male,"Calgary, Canada",2024-05-25,Positivo,their prices of a few dollars is the reason this application is successful the other popular apps are decades behind not to mention the layout is pretty,1,93.24
c0f37619-a693-4090-bffa-d435e05b8ef1,nice dating app trustworthy app,5.0,male,"Zurich, Switzerland",2022-04-07,Positivo,nice dating app trustworthy app,1,80.12
118c657a-6f4a-4f54-b63f-5b3d1d095796,"The profile format is fairly limiting compared to a more standard bio format, but requiring you to shake up your profile compared to other apps is a pretty good. The algorithm is fantastic, pretty much everyone is an interesting person. Even with a reduced like count per day, I found I got a fairly comparable number of matches compared to other apps. Also having the first interaction being a message is great, it allows you to put in effort early and show your interest.",5.0,male,"Boston, United States",2024-06-08,Positivo,the profile format is fairly limiting compared to a more standard bio format but requiring you to shake up your profile compared to other apps is a pretty good the algorithm is fantastic pretty much everyone is an interesting person even with a reduced like count per day i found i got a fairly comparable number of matches compared to other apps also having the first interaction being a message is great it allows you to put in effort early and show your interest,1,98.07
cd2b1597-1df5-4877-bf16-36cb9c670520,Enjoying the app,5.0,female,"Hobart, Australia",2025-12-26,Positivo,enjoying the app,2,66.56
2f457070-1a72-458b-b432-f31374ca0460,Best dating app i have used. Easy to use and worth it.,5.0,male,"Tokyo, Japan",2022-11-30,Positivo,best dating app i have used easy to use and worth it,1,84.81
1b4e3419-650b-4f0b-8dc2-fd1ffa270ef1,"I have just downloaded the app the but so far I'm very pleased! I love the prompts function, especially the video prompts and the voice prompts! I also really love that you can voice message your matches which truly makes chatting much more simple in a busy lifestyle (as well as much more personal)! I don't mind the limited amount of likes on a free account, since this makes it more likely that a like one gets actually means something.",5.0,female,"La Paz, Bolivia",2025-04-20,Positivo,i have just downloaded the app the but so far im very pleased i love the prompts function especially the video prompts and the voice prompts i also really love that you can voice message your matches which truly makes chatting much more simple in a busy lifestyle as well as much more personal i dont mind the limited amount of likes on a free account since this makes it more likely that a like one gets actually means something,2,57.27
55ccdc19-36fa-47c3-8fb6-275b265cf80b,Really easy to start funny organic conversation,5.0,female,"New York, United States",2024-10-18,Positivo,really easy to start funny organic conversation,1,87.35
168194dd-b767-464b-81de-6769cc374237,I have to admit I've only downloaded the app twice over many years - but it absolutely nails it when it comes to suggesting people. The few dates I have been on from Hinge have been with people I could really relate to.,5.0,male,"Bangkok, Thailand",2022-11-12,Positivo,i have to admit ive only downloaded the app twice over many years but it absolutely nails it when it comes to suggesting people the few dates i have been on from hinge have been with people i could really relate to,2,88.25
8785988f-4092-43b0-ac89-da9c5c9e14a0,Very user friendly.,5.0,male,"Vienna, Austria",2022-07-06,Positivo,very user friendly,1,48.13
ab60ada7-e78d-412a-8637-fcf3c995901b,It's a good app but I would rather die than pay for premium,5.0,male,"Hanoi, Vietnam",2023-03-05,Positivo,its a good app but i would rather die than pay for premium,0,87.84
6b3a238e-1ae5-4b85-a74f-3dad6921d815,got a like and started text almost right away 😉,5.0,male,"San Francisco, United States",2024-03-12,Positivo,got a like and started text almost right away,2,86.98
b06d11af-b4d6-4993-b91e-9c553151d984,hi mom,5.0,male,"Nairobi, Kenya",2023-10-24,Positivo,hi mom,0,33.33
07437282-2368-4569-b141-e8c14b94ae02,I've found the one from here.,5.0,male,"Birmingham, United Kingdom",2022-08-21,Positivo,ive found the one from here,2,87.15
800be27b-c076-4a3c-953b-66c54a981c58,"a bit better than other dating apps, it's a bit more detailed and ""formal""",5.0,female,"Rosario, Argentina",2025-01-26,Positivo,a bit better than other dating apps its a bit more detailed and formal,1,90.29
64d1cb24-8739-4cdb-bc7e-bd159212a31b,"It worked. I found matches with people who were looking for actual relationships, and i met someone amazing who i would never have met otherwise.",5.0,male,"Philadelphia, United States",2024-04-23,Positivo,it worked i found matches with people who were looking for actual relationships and i met someone amazing who i would never have met otherwise,0,64.73
6bf51cf9-c42c-4df0-86bf-cc2fae3373a3,This app is simply outstanding. I'm definitely going to buy even the paid services. Hinge truly deserves it. 🙌♥️,5.0,female,"Medellín, Colombia",2025-04-06,Positivo,this app is simply outstanding im definitely going to buy even the paid services hinge truly deserves it,1,54.14
ed72ec19-6103-4a14-a274-aed57b6b8078,As someone with different preferences than what is normally offered with apps like tinder it's great that I can be more specific,5.0,male,"Cairo, Egypt",2023-07-02,Positivo,as someone with different preferences than what is normally offered with apps like tinder its great that i can be more specific,1,94.63
5b7be8f3-b576-4957-ac60-fe026db9c5e7,so far so good. 10X better than tinders first impression,5.0,male,"Karachi, Pakistan",2022-11-09,Positivo,so far so good 10x better than tinders first impression,2,62.79
d90dd315-4def-40f6-b2c8-2e57abd87286,I'm liking the format so far. While others just seem to take Tinder's format this one is a bit more unique,5.0,female,"Port Moresby, Papua New Guinea",2025-12-23,Positivo,im liking the format so far while others just seem to take tinders format this one is a bit more unique,2,93.66
6c38b4cc-3414-4247-b98f-0e68d00e3632,Met the girl of my dreams... Nothing more to be said,5.0,male,"Houston, United States",2024-01-01,Positivo,met the girl of my dreams nothing more to be said,2,73.17
88ec311d-3d9b-4e52-a23c-c31ee245f24f,"Met my current partner on here. He was my 3rd match on Hinge. We've been together a year an a half now, it's possibly the healthiest relationship either of us have ever had. Thank you. 💙",5.0,male,"Alexandria, Egypt",2023-07-21,Positivo,met my current partner on here he was my 3rd match on hinge weve been together a year an a half now its possibly the healthiest relationship either of us have ever had thank you,0,77.39
a31de21c-9ca4-4bb9-b52d-3768b1c9fc0e,"I was using other datings apps and started to get skeptical. My doctor actually suggested Hinge, and I met the love of my life!",5.0,female,"San Francisco, United States",2024-09-06,Positivo,i was using other datings apps and started to get skeptical my doctor actually suggested hinge and i met the love of my life,1,93.9
1493a54a-97f4-49ac-9065-f2a7e7dfb103,Way better than other dating apps,5.0,male,"Cairo, Egypt",2023-10-12,Positivo,way better than other dating apps,1,82.62
ec33be3b-80f0-4fd8-83b4-7494d87587ba,Awesome platform,5.0,female,"Washington DC, United States",2024-10-12,Positivo,awesome platform,0,45.5
b5661311-95ba-47f4-ae23-b2b51f62eaeb,it worked,5.0,female,"Caracas, Venezuela",2025-03-20,Positivo,it worked,0,63.47
da1aa6a5-da2a-4c5a-a871-1078606282f6,I got a girl to talk to me,5.0,male,"Boston, United States",2024-08-27,Positivo,i got a girl to talk to me,2,79.54
8dffc05a-7375-4cb3-81c2-79fdff0dc86d,Great app. I like this app alot. Idk why people don't like it. Got alot of matches and I did really find my person here and I'm really happy for that.,5.0,female,"Rosario, Argentina",2025-05-04,Positivo,great app i like this app alot idk why people dont like it got alot of matches and i did really find my person here and im really happy for that,2,95.1
fde8ed3b-f5db-490f-bbd2-3d5a0fbfb4a7,10/10 would recommend 👌🏻 Cuddling my bf rn so yeah,5.0,male,"Busan, South Korea",2023-04-07,Positivo,1010 would recommend cuddling my bf rn so yeah,1,85.6
fc8408c6-dffb-423f-b83e-a6d8a3940814,much better than pof!,5.0,female,"Buenos Aires, Argentina",2024-12-14,Positivo,much better than pof,1,82.63
f7c44e44-2ddb-4d62-9ee2-1d99d9b2e16b,Best dating app out there to date. IMO.,5.0,female,"Melbourne, Australia",2025-11-29,Positivo,best dating app out there to date imo,2,85.98
805a6eec-2336-450c-9530-b55136740fdd,"Really liked this app, tried others but like how this tries to start a conversation, prompts to populate a meaningful profile. Have met a fantastic lady as a result, and didn't pay for upgrades, had to give 5 stars!!",5.0,male,"Singapore, Singapore",2023-01-19,Positivo,really liked this app tried others but like how this tries to start a conversation prompts to populate a meaningful profile have met a fantastic lady as a result and didnt pay for upgrades had to give 5 stars,2,65.93
91d5c5b7-7c9e-4261-91ee-8005faee54c4,"A year later and I haven't looked back. I met my boyfriend on here exactly this day a year ago... ""I now understand the phrase ""I love you more and more everyday."" I came for the reputation of finding long-lasting relationships and was not disappointed. Just like everything else in life, this app is what you make it. Thank you for helping me meet my love!",5.0,female,"Tijuana, Mexico",2024-11-06,Positivo,a year later and i havent looked back i met my boyfriend on here exactly this day a year ago i now understand the phrase i love you more and more everyday i came for the reputation of finding longlasting relationships and was not disappointed just like everything else in life this app is what you make it thank you for helping me meet my love,0,58.36
113cff0e-146f-4e59-812d-8d1a5072b5df,Hinge is how I met my person.,5.0,male,"Calgary, Canada",2023-11-20,Positivo,hinge is how i met my person,2,82.05
164b4af3-f038-4c2e-90e3-a7d9ac02460d,light,5.0,male,"San Antonio, United States",2024-06-13,Positivo,light,0,66.44
d0573894-9271-4f80-bbd8-b8f03de89496,"Okay so I know the ads for hinge are all ""designed to be deleted"" and that is CORRECT. I went on like 2 hinge dates and they were both very pleasant and respectful, and one of them is now my boyfriend of a few months. We are so compatible, we get along so well, we talk in a healthy, normal way, and he is amazing. Hinge wasn't creepy, and no one on hinge was creepy. And they have so many different starters, it feels like you get to know people well, and it did get deleted. UPDATE: we're engaged",5.0,male,"Delhi, India",2022-10-16,Positivo,okay so i know the ads for hinge are all designed to be deleted and that is correct i went on like 2 hinge dates and they were both very pleasant and respectful and one of them is now my boyfriend of a few months we are so compatible we get along so well we talk in a healthy normal way and he is amazing hinge wasnt creepy and no one on hinge was creepy and they have so many different starters it feels like you get to know people well and it did get deleted update were engaged,2,98.5
92c8829f-1ffa-4a47-b034-c2fe676ea537,It makes me sad...... 10 out of 10,5.0,male,"Boston, United States",2023-11-27,Positivo,it makes me sad 10 out of 10,0,81.31
061dd85c-2ebc-4c00-a9f1-700093721c9f,Even 43 a drink and,5.0,female,"Guayaquil, Ecuador",2025-02-06,Positivo,even 43 a drink and,1,77.57
e372ab9e-0330-43af-9c9f-44bf24e0bb01,Excellent.,5.0,female,"Guayaquil, Ecuador",2025-02-16,Positivo,excellent,1,66.55
f0923777-7c5e-44a7-8b8e-bc17f0fa32c4,So far so good,5.0,male,"Hanoi, Vietnam",2022-09-26,Positivo,so far so good,2,76.52
5f1878b7-23cc-468d-baeb-db6e57e41f76,"I have made countless attempts at finding good guys on hinge and each time i did write a review here, they started getting toxic and problematic lol! Hopefully this is the last time I'm updating a review again. I found my person on hinge in 2022 and it's almost been a year! It's been great ❤️ Finally after countless failed relationships ( who i also found on this app) I've finally found a rare gem of a man lol. It is difficult out there, so hang on till you find your perfect partner.",5.0,male,"Phoenix, United States",2024-08-06,Positivo,i have made countless attempts at finding good guys on hinge and each time i did write a review here they started getting toxic and problematic lol hopefully this is the last time im updating a review again i found my person on hinge in 2022 and its almost been a year its been great finally after countless failed relationships who i also found on this app ive finally found a rare gem of a man lol it is difficult out there so hang on till you find your perfect partner,2,98.42
066aa7d0-51cc-4bc2-8609-82f21686bcad,Met my girlfriend of 2.5 years on this app,5.0,female,"Queenstown, New Zealand",2025-11-03,Positivo,met my girlfriend of 25 years on this app,0,81.79
a22b87fa-915f-4969-b39c-297005316d38,This app helped me find my long term partner. Really like the way profiles are presented and key information is shown. The way the app tells you that someone likes you instead of waiting for you both to like each other to be able to match is the best thing about the app. Super nice feature which was the only reason I met my partner. A huge thank you!,5.0,male,"Houston, United States",2023-11-23,Positivo,this app helped me find my long term partner really like the way profiles are presented and key information is shown the way the app tells you that someone likes you instead of waiting for you both to like each other to be able to match is the best thing about the app super nice feature which was the only reason i met my partner a huge thank you,2,54.15
d7e2b6ce-fe25-4bce-8c3a-731401551297,it works great I like it,5.0,male,"Tokyo, Japan",2023-04-07,Positivo,it works great i like it,2,76.85
e54c8653-8792-418e-be2d-f12e8ec5a077,best,5.0,male,"Warsaw, Poland",2022-04-24,Positivo,best,0,64.3
78c649e4-e80f-446d-93c3-cc9e070ec1bb,this girl I went school with like 30 years ago I matched with on hinge is a good app,5.0,male,"Osaka, Japan",2022-12-09,Positivo,this girl i went school with like 30 years ago i matched with on hinge is a good app,2,89.13
adb264c3-cf75-4120-9d48-df53e0502d7c,"Best app I've ever deleted! I knew the moment she walked in that it was all over. I'm convinced the other apps don't actually want you to meet anyone. Hinge delivered, and I'm happier than I ever thought possible. Don't even bother with any other app, you'll just be wasting your time, and prolonging the path to finding someone who makes you completely fulfilled and happy.",5.0,male,"Paris, France",2022-05-27,Positivo,best app ive ever deleted i knew the moment she walked in that it was all over im convinced the other apps dont actually want you to meet anyone hinge delivered and im happier than i ever thought possible dont even bother with any other app youll just be wasting your time and prolonging the path to finding someone who makes you completely fulfilled and happy,0,97.55
829eba98-cbb9-46bd-9f31-1d9e377f1fca,simply amazing,5.0,female,"Perth, Australia",2025-12-12,Positivo,simply amazing,1,62.4
4334c74c-ecdf-4e37-80ed-172cd1a54d1f,The app works very well and lots of people use it,5.0,male,"Guadalajara, Mexico",2024-03-15,Positivo,the app works very well and lots of people use it,2,89.42
a6995c72-d4ef-4bf1-88c4-84c4de7588d3,I got a very sexy and caring girlfriend from hinge. Bhagwan kare har ache ladke ko ek achi ladki mile,5.0,female,"Salvador, Brazil",2025-01-10,Positivo,i got a very sexy and caring girlfriend from hinge bhagwan kare har ache ladke ko ek achi ladki mile,0,92.8
6ff42f52-d6bd-4688-ba2a-58a79046fc6e,"I have faith I'll me my bestie, soulmate, partner",5.0,male,"Tel Aviv, Israel",2022-10-16,Positivo,i have faith ill me my bestie soulmate partner,2,82.68
ae8fc37d-f9dd-4fb6-b3da-05825d6c4c5b,"Badhiya app h banda mil gya or kya hi chahiye moreover people are genuine here, really liked it",5.0,male,"Cape Town, South Africa",2023-06-02,Positivo,badhiya app h banda mil gya or kya hi chahiye moreover people are genuine here really liked it,2,87.85
7a9ed595-9f7b-4eb5-aebe-7352bc411ed0,pretty neat.,5.0,male,"Denver, United States",2024-02-26,Positivo,pretty neat,0,63.46
4cfeeed1-fda3-458b-a6b3-fc95768672f6,it's better than tinder what else needs saying,5.0,male,"Lusaka, Zambia",2023-06-24,Positivo,its better than tinder what else needs saying,1,89.92
a19db22b-1b53-4aeb-8ddb-e2f42fa00425,the best,5.0,female,"Arequipa, Peru",2025-06-01,Positivo,the best,0,64.29
68d7a405-bbea-4b1f-ae63-5c076243b337,Great app,5.0,female,"Lima, Peru",2025-02-27,Positivo,great app,2,65.54
c7298897-68d5-44f4-9717-db9d09d5bfb5,Hinge is now the best dating app around. Nothing comes close.,5.0,male,"Durban, South Africa",2023-09-12,Positivo,hinge is now the best dating app around nothing comes close,1,63.45
e650489f-a381-45d3-9b46-eefe950268bc,Found someone I like. Hopefully won't be back! 😅,5.0,female,"Adelaide, Australia",2025-12-24,Positivo,found someone i like hopefully wont be back,0,54.08
c29d8f55-7cdb-4c7b-8a36-0e3180a49735,"I met the one I will marry through this app, and we've been together for almost two years now. Hinge was so much better than the other apps, and the key feature of sending a message in response to a prompt on someone's profile made it so much easier to have good conversations with people. Whenever a friend tells me they are re-entering the dating scene, I always suggest Hinge.",5.0,female,"Montreal, Canada",2024-08-29,Positivo,i met the one i will marry through this app and weve been together for almost two years now hinge was so much better than the other apps and the key feature of sending a message in response to a prompt on someones profile made it so much easier to have good conversations with people whenever a friend tells me they are reentering the dating scene i always suggest hinge,0,63.55
18bbcdf4-7347-4e3c-9ed8-2f8ce9065277,Great experience so far. the idea of living a comment on a profile makes it unique,5.0,male,"Chicago, United States",2024-06-21,Positivo,great experience so far the idea of living a comment on a profile makes it unique,0,64.96
109d5217-6c24-4586-9dec-5e73c266668d,Its free for the most part!,5.0,male,"Tel Aviv, Israel",2022-11-19,Positivo,its free for the most part,1,81.65
38f7954e-81a1-42cf-a20c-9b29527600d0,loving it so far 😊,5.0,male,"Krakow, Poland",2022-06-16,Positivo,loving it so far,1,48.0
32bc658e-a1be-4e53-a856-764bac1f0432,"Like the slogan says, its made to be deleted.",5.0,male,"Dublin, Ireland",2022-08-01,Positivo,like the slogan says its made to be deleted,1,85.36
9eca6e2d-67ba-44e3-b69d-0fe872d04ad5,The best dating app I've used I've paid other apps for premium and still didn't get any matches this is really a awesome app but the amount for premium subscription is too high !!,5.0,female,"Wellington, New Zealand",2025-08-27,Positivo,the best dating app ive used ive paid other apps for premium and still didnt get any matches this is really a awesome app but the amount for premium subscription is too high,1,95.96
fb75f6e5-dfd8-4248-b724-04cfe3d71dcf,Best app to catch predators 💯,5.0,female,"Medellín, Colombia",2024-11-25,Positivo,best app to catch predators,0,64.3
077f55f5-3534-43c0-8c4e-9d027757ef1e,One thing I like is that i like that profiles actually show personality. It makes things feel more natural.,5.0,female,"Perth, Australia",2025-08-30,Positivo,one thing i like is that i like that profiles actually show personality it makes things feel more natural,0,51.02
c1b6b5a4-e0ac-4c62-b4c5-afd15a157610,"So far, it’s much easier to start conversations here. That’s something I appreciate.",5.0,male,"Dubai, United Arab Emirates",2023-02-11,Positivo,so far its much easier to start conversations here thats something i appreciate,0,87.69
56f98789-0a11-4ad4-a5c0-5e4745df3499,"Honestly, people seem more serious about dating. It definitely stands out.",5.0,male,"Edinburgh, United Kingdom",2022-03-11,Positivo,honestly people seem more serious about dating it definitely stands out,0,90.27
8ab2d0c3-2351-4655-844e-c07d092a2313,What stands out is that matches feel more relevant compared to other apps.,5.0,female,"Rosario, Argentina",2025-05-29,Positivo,what stands out is that matches feel more relevant compared to other apps,0,90.1
9acbf1f0-8794-4a67-aba8-81c0c193639a,I’d say it doesn’t feel like endless swiping. That’s something I appreciate.,5.0,male,"Montreal, Canada",2024-07-04,Positivo,id say it doesnt feel like endless swiping thats something i appreciate,0,88.71
abd648d5-8160-44d0-b28d-d17654b76817,What stands out is that the app has a clean and modern design. That’s something I appreciate.,5.0,male,"Berlin, Germany",2022-03-15,Positivo,what stands out is that the app has a clean and modern design thats something i appreciate,0,90.28
3601e2c3-41b7-4f9e-9a54-bbbc56f3812e,I’d say i can filter matches based on what matters to me. It makes things feel more natural.,5.0,female,"Suva, Fiji",2025-10-26,Positivo,id say i can filter matches based on what matters to me it makes things feel more natural,0,91.44
a3d1a58f-a2a7-49d1-88d4-c841ec1b17f5,One thing I like is that it strikes a good balance between casual and serious. It makes things feel more natural.,5.0,male,"Abuja, Nigeria",2023-09-08,Positivo,one thing i like is that it strikes a good balance between casual and serious it makes things feel more natural,0,91.47
90e2b088-1aa7-4f89-8194-ace938960fcf,The best part is that profiles feel more engaging than on other apps. That’s something I appreciate.,5.0,male,"Rome, Italy",2022-07-30,Positivo,the best part is that profiles feel more engaging than on other apps thats something i appreciate,2,62.58
0eda04a0-2ea6-421f-a993-ad977b01e0cc,What stands out is that i like that conversations start from something specific. It makes things feel more natural.,5.0,male,"San Francisco, United States",2024-06-19,Positivo,what stands out is that i like that conversations start from something specific it makes things feel more natural,0,91.57
74d1b218-4523-45fb-8636-c2a5ada92e3e,"Personally, i like that profiles actually show personality.",5.0,male,"Chicago, United States",2023-11-06,Positivo,personally i like that profiles actually show personality,2,62.7
3271eab8-2f6a-46c2-b483-232600028ee7,"Personally, people seem more serious about dating.",5.0,male,"Cairo, Egypt",2023-05-14,Positivo,personally people seem more serious about dating,0,86.62
493ae506-5b84-4eac-9a0f-4150b30ee905,"So far, matches feel more relevant compared to other apps. That’s something I appreciate.",5.0,male,"Johannesburg, South Africa",2023-06-15,Positivo,so far matches feel more relevant compared to other apps thats something i appreciate,0,91.1
19081d95-b032-4490-83e9-1ac93e448c24,I’d say it doesn’t feel like endless swiping. It really improves interactions.,5.0,male,"Guadalajara, Mexico",2024-05-02,Positivo,id say it doesnt feel like endless swiping it really improves interactions,0,88.8
6d26cc7f-c338-499e-bc88-2bc61b1bbcd4,"So far, the app has a clean and modern design. It definitely stands out.",5.0,male,"Lahore, Pakistan",2023-01-10,Positivo,so far the app has a clean and modern design it definitely stands out,0,88.14
1a842e97-46d5-4183-91b7-1753b71fb692,"Personally, i can filter matches based on what matters to me. It adds a lot of value.",5.0,male,"Doha, Qatar",2022-11-30,Positivo,personally i can filter matches based on what matters to me it adds a lot of value,0,90.46
bf204e01-df7c-45cf-a417-34937227b0e4,"Personally, it strikes a good balance between casual and serious. It makes the app more enjoyable.",5.0,male,"Dubai, United Arab Emirates",2023-02-23,Positivo,personally it strikes a good balance between casual and serious it makes the app more enjoyable,0,90.45
b36541a2-138d-4928-ad30-e3f0964b48b1,What stands out is that profiles feel more engaging than on other apps. That’s something I appreciate.,5.0,male,"Jerusalem, Israel",2023-03-22,Positivo,what stands out is that profiles feel more engaging than on other apps thats something i appreciate,2,58.29
ee11de22-a3a4-4502-866b-41c0afcd5b80,"Honestly, i like that conversations start from something specific. That’s something I appreciate.",5.0,female,"Córdoba, Argentina",2025-03-22,Positivo,honestly i like that conversations start from something specific thats something i appreciate,0,90.22
de3b46bf-fabc-4492-bd08-ce5341dc29da,One thing I like is that i like that profiles actually show personality. It adds a lot of value.,5.0,female,"Perth, Australia",2025-08-05,Positivo,one thing i like is that i like that profiles actually show personality it adds a lot of value,0,67.43
998ec3c8-7cf6-407d-8c9e-06565cdde403,One thing I like is that it’s much easier to start conversations here. It really improves interactions.,5.0,female,"Lima, Peru",2025-04-14,Positivo,one thing i like is that its much easier to start conversations here it really improves interactions,0,90.31
dc2cd9f9-a073-45bb-9a25-11881510a03a,The best part is that people seem more serious about dating. It adds a lot of value.,5.0,male,"Nairobi, Kenya",2023-06-19,Positivo,the best part is that people seem more serious about dating it adds a lot of value,0,90.44
40280dd1-8083-42ac-af26-b7075b2a1b7f,"For me, matches feel more relevant compared to other apps. That’s something I appreciate.",5.0,male,"Hanoi, Vietnam",2023-01-26,Positivo,for me matches feel more relevant compared to other apps thats something i appreciate,0,90.14
009ed94a-3fb3-46d4-bdb2-eb4032bfd92e,I’d say it doesn’t feel like endless swiping.,5.0,female,"Auckland, New Zealand",2025-08-31,Positivo,id say it doesnt feel like endless swiping,0,83.13
9762529b-ec35-4ca1-a90c-cf1bf56dd39d,The best part is that the app has a clean and modern design. It definitely stands out.,5.0,male,"Brussels, Belgium",2022-03-24,Positivo,the best part is that the app has a clean and modern design it definitely stands out,0,88.71
f5f058da-925b-4cba-b704-ac29e0edeed5,I’d say i can filter matches based on what matters to me. It makes the experience better overall.,5.0,female,"La Paz, Bolivia",2024-11-20,Positivo,id say i can filter matches based on what matters to me it makes the experience better overall,0,90.42
bb4a0446-5365-4b6f-b8a1-1f0edc960a6e,"In my experience, it strikes a good balance between casual and serious. It makes the app more enjoyable.",5.0,female,"Asunción, Paraguay",2024-11-16,Positivo,in my experience it strikes a good balance between casual and serious it makes the app more enjoyable,0,90.4
94862353-0a35-4518-8999-f530ed5f23c1,What stands out is that profiles feel more engaging than on other apps. It makes the app more enjoyable.,5.0,male,"Manchester, United Kingdom",2022-08-22,Positivo,what stands out is that profiles feel more engaging than on other apps it makes the app more enjoyable,2,87.82
e36e3f99-4a81-4b9a-be1f-431b983a424e,The best part is that i like that conversations start from something specific. It really improves interactions.,5.0,male,"Phoenix, United States",2024-05-21,Positivo,the best part is that i like that conversations start from something specific it really improves interactions,0,90.37
fcf3a53d-c895-49c2-9d91-7f5859f88048,What stands out is that i like that profiles actually show personality. It really improves interactions.,5.0,female,"San Jose, United States",2024-09-21,Positivo,what stands out is that i like that profiles actually show personality it really improves interactions,0,70.18
904eef5a-de09-4379-959c-179fa9ec826a,"Honestly, it’s much easier to start conversations here.",5.0,male,"Washington DC, United States",2024-03-01,Positivo,honestly its much easier to start conversations here,0,86.09
e9196304-71a6-4620-a685-6ca561c27445,I’d say people seem more serious about dating. It makes things feel more natural.,5.0,female,"Lima, Peru",2025-01-14,Positivo,id say people seem more serious about dating it makes things feel more natural,0,91.43
3beace17-c9e5-4cb1-886e-d61ea4853bac,I’ve noticed that matches feel more relevant compared to other apps. It really improves interactions.,5.0,male,"Tijuana, Mexico",2024-06-26,Positivo,ive noticed that matches feel more relevant compared to other apps it really improves interactions,0,91.47
b5eebf4d-f86a-40a8-9d22-47e10affe42f,What stands out is that it doesn’t feel like endless swiping. It makes the experience better overall.,5.0,male,"Doha, Qatar",2022-12-22,Positivo,what stands out is that it doesnt feel like endless swiping it makes the experience better overall,0,90.37
f182fd4e-3c09-4eb1-9cac-34f553d4ac3d,I’ve noticed that the app has a clean and modern design. It really improves interactions.,5.0,male,"Lagos, Nigeria",2023-06-10,Positivo,ive noticed that the app has a clean and modern design it really improves interactions,0,88.86
984c12b7-ad5f-4b3a-adff-7b63147c966e,"Honestly, i can filter matches based on what matters to me. It makes the experience better overall.",5.0,female,"Nadi, Fiji",2025-10-17,Positivo,honestly i can filter matches based on what matters to me it makes the experience better overall,0,90.37
e463ba1b-9595-4991-a58e-d2ece9606c02,One thing I like is that it strikes a good balance between casual and serious.,5.0,male,"Birmingham, United Kingdom",2022-05-16,Positivo,one thing i like is that it strikes a good balance between casual and serious,0,86.63
31d31297-55df-420d-86f3-43b36daa4aed,"So far, profiles feel more engaging than on other apps. It makes the experience better overall.",5.0,male,"Edinburgh, United Kingdom",2022-09-11,Positivo,so far profiles feel more engaging than on other apps it makes the experience better overall,2,91.43
3753c4fc-bc05-4987-a3d2-93b2d2bc8107,One thing I like is that i like that conversations start from something specific. It makes things feel more natural.,5.0,male,"Kampala, Uganda",2023-07-17,Positivo,one thing i like is that i like that conversations start from something specific it makes things feel more natural,0,90.44
2bb787d6-920c-4fbf-a711-ba751a91e0a9,The best part is that i like that profiles actually show personality. It makes the app more enjoyable.,5.0,female,"La Paz, Bolivia",2025-02-14,Positivo,the best part is that i like that profiles actually show personality it makes the app more enjoyable,0,65.34
50e72c40-0e06-4f5a-acaa-eac3dfdc6284,What stands out is that it’s much easier to start conversations here. That’s something I appreciate.,5.0,male,"Vancouver, Canada",2024-08-04,Positivo,what stands out is that its much easier to start conversations here thats something i appreciate,0,90.09
e1a69f4b-9d61-4348-90a4-76fc31e9c5fa,What stands out is that people seem more serious about dating. It really improves interactions.,5.0,male,"Seoul, South Korea",2022-10-15,Positivo,what stands out is that people seem more serious about dating it really improves interactions,0,91.58
3eaea635-dc85-4eb2-83cb-c1f0fb9c27fa,"So far, matches feel more relevant compared to other apps. It makes things feel more natural.",5.0,female,"Quito, Ecuador",2025-03-26,Positivo,so far matches feel more relevant compared to other apps it makes things feel more natural,0,91.18
243695c4-3d6d-4681-8314-f32b09088cb6,I’ve noticed that it doesn’t feel like endless swiping. That’s something I appreciate.,5.0,male,"Budapest, Hungary",2022-04-16,Positivo,ive noticed that it doesnt feel like endless swiping thats something i appreciate,0,88.79
d67783b2-7e8e-4a2b-8155-406fe2a9cf5d,The best part is that the app has a clean and modern design. That’s something I appreciate.,5.0,female,"Queenstown, New Zealand",2025-10-18,Positivo,the best part is that the app has a clean and modern design thats something i appreciate,0,88.74
74fc572a-be36-48ca-8772-a9f39fd07b49,"Honestly, i can filter matches based on what matters to me. It definitely stands out.",5.0,male,"Cairo, Egypt",2023-05-04,Positivo,honestly i can filter matches based on what matters to me it definitely stands out,0,90.28
c0d62db4-1a35-4551-8f9e-7bd8ebce77da,I’d say it strikes a good balance between casual and serious. It definitely stands out.,5.0,female,"Wellington, New Zealand",2025-11-05,Positivo,id say it strikes a good balance between casual and serious it definitely stands out,0,90.33
0f7bbff4-196d-4d2a-a589-8bd0c5c4eb6e,I’ve noticed that profiles feel more engaging than on other apps. It makes things feel more natural.,5.0,female,"Brisbane, Australia",2025-11-23,Positivo,ive noticed that profiles feel more engaging than on other apps it makes things feel more natural,2,49.68
6209d2c8-2317-4ff4-97ff-18f05fe7d19d,"Personally, i like that conversations start from something specific. It really improves interactions.",5.0,male,"Athens, Greece",2022-06-29,Positivo,personally i like that conversations start from something specific it really improves interactions,2,52.16
b1bbad04-9b69-4b3c-a071-6d75192aa7a0,"So far, i like that profiles actually show personality. It makes the experience better overall.",5.0,male,"Lagos, Nigeria",2023-10-06,Positivo,so far i like that profiles actually show personality it makes the experience better overall,0,50.44
1df85d8b-52b8-440a-93ee-9286e5759889,The best part is that it’s much easier to start conversations here. It makes things feel more natural.,5.0,male,"Bangalore, India",2023-03-30,Positivo,the best part is that its much easier to start conversations here it makes things feel more natural,0,91.31
e0da757e-040f-459c-8efe-de36b8bceba1,One thing I like is that people seem more serious about dating. It makes the experience better overall.,5.0,male,"Hong Kong, China",2022-11-29,Positivo,one thing i like is that people seem more serious about dating it makes the experience better overall,0,90.46
cf76a94d-aa12-4a76-83ca-96862cc0bbc4,"So far, matches feel more relevant compared to other apps. It makes the app more enjoyable.",5.0,male,"Calgary, Canada",2024-08-17,Positivo,so far matches feel more relevant compared to other apps it makes the app more enjoyable,0,89.39
8f69838d-712f-4c9f-aef5-760bc8e1c81f,The best part is that it doesn’t feel like endless swiping. It makes the experience better overall.,5.0,male,"Dakar, Senegal",2023-09-25,Positivo,the best part is that it doesnt feel like endless swiping it makes the experience better overall,0,88.85
58342c39-948b-4eae-beb6-ff5be0ff3b0c,"Personally, the app has a clean and modern design. That’s something I appreciate.",5.0,male,"Karachi, Pakistan",2022-09-17,Positivo,personally the app has a clean and modern design thats something i appreciate,0,88.75
58581471-1893-45d3-8b8d-be78a822016b,I’ve noticed that i can filter matches based on what matters to me. It definitely stands out.,5.0,female,"Cali, Colombia",2025-05-29,Positivo,ive noticed that i can filter matches based on what matters to me it definitely stands out,0,90.38
7b684922-037d-4300-b107-54baf35a29a6,What stands out is that it strikes a good balance between casual and serious. It really improves interactions.,5.0,female,"Suva, Fiji",2025-09-19,Positivo,what stands out is that it strikes a good balance between casual and serious it really improves interactions,0,91.58
0ac1d9c8-81a5-4de6-9f67-ec6b89827a1a,I’ve noticed that profiles feel more engaging than on other apps. That’s something I appreciate.,5.0,female,"Wellington, New Zealand",2025-09-29,Positivo,ive noticed that profiles feel more engaging than on other apps thats something i appreciate,2,55.82
94fcc40f-908a-4819-8e2f-ed971fe570db,I’d say i like that conversations start from something specific. It adds a lot of value.,5.0,male,"Jakarta, Indonesia",2022-12-05,Positivo,id say i like that conversations start from something specific it adds a lot of value,0,90.34
9db4d21d-b67d-43a1-8ad8-d20bfd17b381,I’ve noticed that i like that profiles actually show personality. That’s something I appreciate.,5.0,male,"Seoul, South Korea",2023-03-29,Positivo,ive noticed that i like that profiles actually show personality thats something i appreciate,0,60.6
9187bdcf-9004-4709-9ef6-8154c443eb08,"For me, it’s much easier to start conversations here. It adds a lot of value.",5.0,male,"Nairobi, Kenya",2023-06-03,Positivo,for me its much easier to start conversations here it adds a lot of value,0,88.68
5c4df6b7-5e6b-4e2a-a1a9-bb13f966b70a,"So far, people seem more serious about dating. That’s something I appreciate.",5.0,female,"Washington DC, United States",2024-10-12,Positivo,so far people seem more serious about dating thats something i appreciate,0,90.02
588ae5b2-e486-4223-9ea8-20a2570b529f,"So far, matches feel more relevant compared to other apps. It really improves interactions.",5.0,female,"Auckland, New Zealand",2025-10-04,Positivo,so far matches feel more relevant compared to other apps it really improves interactions,0,91.18
d1fee578-a61e-40ae-ac7a-050961a87523,"Honestly, it doesn’t feel like endless swiping.",5.0,female,"Fortaleza, Brazil",2025-01-07,Positivo,honestly it doesnt feel like endless swiping,0,82.97
88176e7a-5901-4e4b-b767-4adf35473935,"Personally, the app has a clean and modern design. It adds a lot of value.",5.0,male,"Shenzhen, China",2022-10-16,Positivo,personally the app has a clean and modern design it adds a lot of value,0,88.85
4c3aacf4-1a8c-4d41-9bff-2c42e001c0e5,"In my experience, i can filter matches based on what matters to me. It really improves interactions.",5.0,male,"Budapest, Hungary",2022-07-06,Positivo,in my experience i can filter matches based on what matters to me it really improves interactions,0,90.4
69b2f315-bde0-4fae-bb57-b0c1dd9cace0,"Honestly, it strikes a good balance between casual and serious.",5.0,male,"Ho Chi Minh City, Vietnam",2023-01-12,Positivo,honestly it strikes a good balance between casual and serious,0,86.45
3411bf20-211f-415f-8b13-824a525b0ca0,"Personally, profiles feel more engaging than on other apps. It definitely stands out.",5.0,male,"Cairo, Egypt",2023-04-15,Positivo,personally profiles feel more engaging than on other apps it definitely stands out,2,58.53
7072a4f1-bc2b-4fff-af4b-c838508c2b45,"In my experience, i like that conversations start from something specific. It makes the experience better overall.",5.0,male,"Abuja, Nigeria",2023-06-06,Positivo,in my experience i like that conversations start from something specific it makes the experience better overall,0,60.61
0cbd183b-77ad-463e-8bb3-048e8c8d2496,"Honestly, i like that profiles actually show personality. It makes things feel more natural.",5.0,male,"Montreal, Canada",2023-12-09,Positivo,honestly i like that profiles actually show personality it makes things feel more natural,2,68.49
b57e9037-2f81-4259-a79a-3da23e8246f2,"In my experience, it’s much easier to start conversations here. It makes the app more enjoyable.",5.0,female,"Brisbane, Australia",2025-10-31,Positivo,in my experience its much easier to start conversations here it makes the app more enjoyable,0,90.25
2e06ce0d-fb39-4b8d-be87-73f5d2333acc,The best part is that people seem more serious about dating. It definitely stands out.,5.0,male,"Hong Kong, China",2022-11-13,Positivo,the best part is that people seem more serious about dating it definitely stands out,0,90.35
60f8897b-2568-4463-9430-8c71462bb7b0,"In my experience, matches feel more relevant compared to other apps. That’s something I appreciate.",5.0,female,"Brasília, Brazil",2024-12-24,Positivo,in my experience matches feel more relevant compared to other apps thats something i appreciate,0,91.36
c0565042-4ad0-459a-aeae-4ca677acf7b6,"So far, it doesn’t feel like endless swiping. It definitely stands out.",5.0,female,"Melbourne, Australia",2025-07-04,Positivo,so far it doesnt feel like endless swiping it definitely stands out,0,88.17
3acf5d50-61bb-4d74-8295-f4130639ed62,What stands out is that the app has a clean and modern design. That’s something I appreciate.,5.0,male,"Toronto, Canada",2023-12-09,Positivo,what stands out is that the app has a clean and modern design thats something i appreciate,0,90.28
f0be7356-52d9-461c-95b5-a5e795150ad4,"So far, i can filter matches based on what matters to me.",5.0,female,"Christchurch, New Zealand",2025-11-25,Positivo,so far i can filter matches based on what matters to me,0,85.85
95ac29ef-f3f4-4418-8608-b92618864e18,What stands out is that it strikes a good balance between casual and serious. That’s something I appreciate.,5.0,male,"Beijing, China",2022-09-21,Positivo,what stands out is that it strikes a good balance between casual and serious thats something i appreciate,0,91.53
5a139f4a-0d1a-4eb0-b6b5-e5d09bd15643,The best part is that profiles feel more engaging than on other apps.,5.0,male,"Phoenix, United States",2024-04-14,Positivo,the best part is that profiles feel more engaging than on other apps,2,86.38
aaff710c-26ee-4f41-a766-2c4f28e5065f,I’d say i like that conversations start from something specific. That’s something I appreciate.,5.0,male,"Doha, Qatar",2022-11-24,Positivo,id say i like that conversations start from something specific thats something i appreciate,0,90.27
8ec9dc43-425b-4a0d-affd-4be795ac563e,The best part is that i like that profiles actually show personality. That’s something I appreciate.,5.0,male,"Jacksonville, United States",2024-04-14,Positivo,the best part is that i like that profiles actually show personality thats something i appreciate,0,56.21
ead2def6-03a6-4ee1-9f4d-ced46a199d73,"Personally, it’s much easier to start conversations here. That’s something I appreciate.",5.0,male,"San Antonio, United States",2024-05-06,Positivo,personally its much easier to start conversations here thats something i appreciate,0,88.5
88621f2d-9c49-42e5-829b-273af9bc920a,I’ve noticed that people seem more serious about dating. It makes the app more enjoyable.,5.0,female,"Guadalajara, Mexico",2024-09-01,Positivo,ive noticed that people seem more serious about dating it makes the app more enjoyable,0,90.46
d0bf4143-22ec-4a07-b513-607af70b5d9a,What stands out is that matches feel more relevant compared to other apps. It definitely stands out.,5.0,female,"Rosario, Argentina",2025-01-08,Positivo,what stands out is that matches feel more relevant compared to other apps it definitely stands out,0,92.32
03682d5c-763d-4a4f-8dc7-55592f1cad49,One thing I like is that it doesn’t feel like endless swiping. It definitely stands out.,5.0,male,"Boston, United States",2023-12-13,Positivo,one thing i like is that it doesnt feel like endless swiping it definitely stands out,0,88.74
84507b34-1cd1-4133-a2a0-e061e1381fd9,"Personally, the app has a clean and modern design. That’s something I appreciate.",5.0,male,"Jacksonville, United States",2024-06-03,Positivo,personally the app has a clean and modern design thats something i appreciate,0,88.75
b44a616f-cbe0-4149-ae82-4d6ed54c101c,"For me, i can filter matches based on what matters to me. It adds a lot of value.",5.0,male,"Athens, Greece",2022-06-22,Positivo,for me i can filter matches based on what matters to me it adds a lot of value,0,88.88
77759e0e-6261-4802-961c-7587d76f5a87,"So far, it strikes a good balance between casual and serious. It really improves interactions.",5.0,male,"Pretoria, South Africa",2023-06-26,Positivo,so far it strikes a good balance between casual and serious it really improves interactions,0,90.13
53b9bb4c-4528-4d5d-93f0-8f04ce44e3a7,"So far, profiles feel more engaging than on other apps. It definitely stands out.",5.0,female,"Wellington, New Zealand",2025-08-04,Positivo,so far profiles feel more engaging than on other apps it definitely stands out,2,73.08
e3e19a5f-afac-40f8-b92a-98e86b0031a1,"Personally, i like that conversations start from something specific. It makes things feel more natural.",5.0,male,"Riyadh, Saudi Arabia",2022-09-29,Positivo,personally i like that conversations start from something specific it makes things feel more natural,2,89.46
f1c09133-4a18-4052-8deb-62f62273bba0,"Honestly, i like that profiles actually show personality. It makes the experience better overall.",5.0,male,"Algiers, Algeria",2023-10-25,Positivo,honestly i like that profiles actually show personality it makes the experience better overall,0,62.81
963c976f-0306-454a-8290-2f45a7532aef,What stands out is that it’s much easier to start conversations here. It makes the experience better overall.,5.0,female,"Buenos Aires, Argentina",2025-04-26,Positivo,what stands out is that its much easier to start conversations here it makes the experience better overall,0,91.47
0efbb266-5f23-4921-aeed-60fe52bf4d4d,I’d say people seem more serious about dating. It definitely stands out.,5.0,male,"Mexico City, Mexico",2024-05-03,Positivo,id say people seem more serious about dating it definitely stands out,0,90.32
149d3cb8-bdf2-4f29-9cba-0eb2bf0d34d7,The best part is that matches feel more relevant compared to other apps. It makes the app more enjoyable.,5.0,male,"San Francisco, United States",2024-07-20,Positivo,the best part is that matches feel more relevant compared to other apps it makes the app more enjoyable,0,89.99
ddb9cf7f-2595-48c8-bc69-5608f8ee1f63,"Personally, it doesn’t feel like endless swiping.",5.0,male,"Jakarta, Indonesia",2023-01-16,Positivo,personally it doesnt feel like endless swiping,0,83.27
f5e070d2-c274-4863-b0e1-7a7f7a269dfe,"So far, the app has a clean and modern design.",5.0,male,"Abuja, Nigeria",2023-09-03,Positivo,so far the app has a clean and modern design,0,81.63
f4201bf9-f982-47b9-b37b-a5ca9b57af66,I’d say i can filter matches based on what matters to me. It definitely stands out.,5.0,male,"Ho Chi Minh City, Vietnam",2022-09-24,Positivo,id say i can filter matches based on what matters to me it definitely stands out,0,90.33
45a9406a-ba2d-4905-8a69-cd941e8042ed,"So far, it strikes a good balance between casual and serious. It adds a lot of value.",5.0,female,"San Antonio, United States",2024-11-02,Positivo,so far it strikes a good balance between casual and serious it adds a lot of value,0,90.13
5c456307-fa50-4c51-ac3c-d80a144022ea,"So far, profiles feel more engaging than on other apps. It adds a lot of value.",5.0,male,"Mombasa, Kenya",2023-05-10,Positivo,so far profiles feel more engaging than on other apps it adds a lot of value,2,58.92
d40ab16f-9208-41c4-8193-2d17a8c2b583,"Honestly, i like that conversations start from something specific. It really improves interactions.",5.0,male,"Chicago, United States",2024-04-30,Positivo,honestly i like that conversations start from something specific it really improves interactions,0,90.29
e691c6f8-3a3e-4ccc-a49d-b9ee356666c0,"For me, i like that profiles actually show personality. It really improves interactions.",5.0,male,"Montreal, Canada",2024-04-21,Positivo,for me i like that profiles actually show personality it really improves interactions,0,55.94
9e317a34-66b1-46b9-950c-d1d74935a4c8,"So far, it’s much easier to start conversations here. It definitely stands out.",5.0,female,"Medellín, Colombia",2025-04-14,Positivo,so far its much easier to start conversations here it definitely stands out,0,89.74
a61ae9c4-c95d-4cd3-8bb8-b31d3f925a92,The best part is that people seem more serious about dating. It makes the app more enjoyable.,5.0,male,"Accra, Ghana",2023-04-17,Positivo,the best part is that people seem more serious about dating it makes the app more enjoyable,0,90.44
8302827b-a77c-48ce-88c6-20c5ef526a04,"Personally, matches feel more relevant compared to other apps. It makes things feel more natural.",5.0,female,"Guayaquil, Ecuador",2025-04-15,Positivo,personally matches feel more relevant compared to other apps it makes things feel more natural,0,91.48
c8163e1f-ec23-4231-b7b5-bd777eb9c22f,"In my experience, it doesn’t feel like endless swiping.",5.0,male,"Dar es Salaam, Tanzania",2023-08-09,Positivo,in my experience it doesnt feel like endless swiping,0,83.09
cb90da2f-ee06-41dc-aed9-563b897be348,I’d say the app has a clean and modern design. That’s something I appreciate.,5.0,female,"Seattle, United States",2024-09-28,Positivo,id say the app has a clean and modern design thats something i appreciate,0,88.7
f7683bfc-80f4-4016-bfd9-e66198c144bf,What stands out is that i can filter matches based on what matters to me.,5.0,male,"Los Angeles, United States",2023-11-30,Positivo,what stands out is that i can filter matches based on what matters to me,0,88.74
ad09c019-1207-4d50-8f08-b4c762f2342e,"Honestly, it strikes a good balance between casual and serious. It definitely stands out.",5.0,male,"Austin, United States",2024-07-12,Positivo,honestly it strikes a good balance between casual and serious it definitely stands out,0,90.28
0c464ca4-db95-4e61-b3aa-fff365264975,What stands out is that profiles feel more engaging than on other apps. It really improves interactions.,5.0,male,"Hong Kong, China",2022-09-15,Positivo,what stands out is that profiles feel more engaging than on other apps it really improves interactions,0,48.44
7ab14f1a-332f-41c2-8929-effddb7179ea,"In my experience, i like that conversations start from something specific. It definitely stands out.",5.0,female,"Phoenix, United States",2024-09-30,Positivo,in my experience i like that conversations start from something specific it definitely stands out,0,90.23
756662aa-e495-4c78-b0c2-abc2e07c0a23,"In my experience, i like that profiles actually show personality. It adds a lot of value.",5.0,male,"New York, United States",2024-07-08,Positivo,in my experience i like that profiles actually show personality it adds a lot of value,0,63.94
240a37be-b114-41fa-9ea4-4cf045bd066e,I’ve noticed that it’s much easier to start conversations here. It makes the experience better overall.,5.0,male,"Jeddah, Saudi Arabia",2023-03-30,Positivo,ive noticed that its much easier to start conversations here it makes the experience better overall,0,90.33
bd0efad3-586a-4eb5-92e3-d6a08f690343,One thing I like is that people seem more serious about dating. It makes the experience better overall.,5.0,male,"Tijuana, Mexico",2023-12-14,Positivo,one thing i like is that people seem more serious about dating it makes the experience better overall,0,90.46
81498e99-11f0-411b-b339-47c8c8d2e78b,"In my experience, matches feel more relevant compared to other apps. It really improves interactions.",5.0,male,"Philadelphia, United States",2023-11-27,Positivo,in my experience matches feel more relevant compared to other apps it really improves interactions,0,91.42
360303f9-defe-49d3-82ed-48243f765126,The best part is that it doesn’t feel like endless swiping. It makes the experience better overall.,5.0,female,"Córdoba, Argentina",2025-02-17,Positivo,the best part is that it doesnt feel like endless swiping it makes the experience better overall,0,88.85
3f3dc7fd-d9e5-44fb-a223-55e9cc680d3c,I’d say the app has a clean and modern design.,5.0,female,"Quito, Ecuador",2025-04-18,Positivo,id say the app has a clean and modern design,0,83.1
28e80c72-3a51-4b40-8725-71fef04b0b4c,"For me, i can filter matches based on what matters to me. It makes the app more enjoyable.",5.0,male,"Windhoek, Namibia",2023-07-18,Positivo,for me i can filter matches based on what matters to me it makes the app more enjoyable,0,88.88
58945a81-4441-4e6b-9dcf-acb610d3d394,"Personally, it strikes a good balance between casual and serious. It definitely stands out.",5.0,male,"Calgary, Canada",2024-02-26,Positivo,personally it strikes a good balance between casual and serious it definitely stands out,0,90.36
9a1d3a63-33c7-4f65-af90-e06128bd792a,"So far, profiles feel more engaging than on other apps. It makes the experience better overall.",5.0,male,"Lagos, Nigeria",2023-05-23,Positivo,so far profiles feel more engaging than on other apps it makes the experience better overall,2,91.43
b4938d86-fa42-401f-b6ce-677909297af5,"Personally, i like that conversations start from something specific.",5.0,female,"Christchurch, New Zealand",2025-07-30,Positivo,personally i like that conversations start from something specific,2,83.16
e5d439cc-5301-47dd-a221-8fbd042c51c0,The best part is that i like that profiles actually show personality. It definitely stands out.,5.0,male,"Hong Kong, China",2022-10-22,Positivo,the best part is that i like that profiles actually show personality it definitely stands out,0,55.78
d6642553-dd28-491e-b9ec-2721852b30e7,One thing I like is that it’s much easier to start conversations here. That’s something I appreciate.,5.0,female,"Port Moresby, Papua New Guinea",2025-10-21,Positivo,one thing i like is that its much easier to start conversations here thats something i appreciate,0,88.51
ab99aec1-a81f-4458-bbe3-0f7254599339,I’ve noticed that people seem more serious about dating. It really improves interactions.,5.0,male,"Ottawa, Canada",2024-04-11,Positivo,ive noticed that people seem more serious about dating it really improves interactions,0,90.46
440c6491-b550-441d-a8ea-850f5ab0ca6b,The best part is that matches feel more relevant compared to other apps. It adds a lot of value.,5.0,male,"Abuja, Nigeria",2023-07-13,Positivo,the best part is that matches feel more relevant compared to other apps it adds a lot of value,0,91.46
e2a1a1d8-87b1-4a8f-9005-7a0171ef3ff4,"In my experience, it doesn’t feel like endless swiping.",5.0,male,"Kumasi, Ghana",2023-05-19,Positivo,in my experience it doesnt feel like endless swiping,0,83.09
5ed79129-e02a-4e9a-94d7-02ca0c2f0459,One thing I like is that the app has a clean and modern design. That’s something I appreciate.,5.0,female,"Auckland, New Zealand",2025-10-03,Positivo,one thing i like is that the app has a clean and modern design thats something i appreciate,0,88.76
f85d6feb-6481-4d46-8f2d-891a1547907d,I’d say i can filter matches based on what matters to me. It makes the app more enjoyable.,5.0,male,"Boston, United States",2024-07-13,Positivo,id say i can filter matches based on what matters to me it makes the app more enjoyable,0,90.41
1cbc47bb-0944-4e69-b199-8ee886d2911a,I’d say it strikes a good balance between casual and serious.,5.0,female,"Cali, Colombia",2025-02-17,Positivo,id say it strikes a good balance between casual and serious,0,86.54
9c4aee48-7dc2-494e-9b70-97e31e3c83ad,"Personally, profiles feel more engaging than on other apps. It makes the experience better overall.",5.0,male,"Kathmandu, Nepal",2022-09-21,Positivo,personally profiles feel more engaging than on other apps it makes the experience better overall,2,90.31
a43d704b-3ec8-42b5-811d-770d4ef4b496,I’ve noticed that i like that conversations start from something specific. It adds a lot of value.,5.0,male,"Bali, Indonesia",2022-12-04,Positivo,ive noticed that i like that conversations start from something specific it adds a lot of value,0,90.39
01667d76-d41a-4c5f-8b58-e392d1dc8c24,I’ve noticed that i like that profiles actually show personality. It definitely stands out.,5.0,male,"San Francisco, United States",2024-04-07,Positivo,ive noticed that i like that profiles actually show personality it definitely stands out,0,60.01
7e1f3c30-5afb-40ae-85df-83fc3c34a1f4,"For me, it’s much easier to start conversations here. It makes the app more enjoyable.",5.0,male,"Beijing, China",2022-12-20,Positivo,for me its much easier to start conversations here it makes the app more enjoyable,0,88.67
29556f88-11a3-4012-9629-e3133abd537f,"For me, people seem more serious about dating. It makes things feel more natural.",5.0,female,"Santa Cruz, Bolivia",2025-05-16,Positivo,for me people seem more serious about dating it makes things feel more natural,0,90.21
5f406f21-3f86-4911-9d9a-d69044c00df7,One thing I like is that matches feel more relevant compared to other apps. It makes things feel more natural.,5.0,female,"Montevideo, Uruguay",2025-01-27,Positivo,one thing i like is that matches feel more relevant compared to other apps it makes things feel more natural,0,91.49
18bbeba1-e361-436c-b389-5a9157738006,What stands out is that it doesn’t feel like endless swiping. It makes the app more enjoyable.,5.0,female,"Port Moresby, Papua New Guinea",2025-11-02,Positivo,what stands out is that it doesnt feel like endless swiping it makes the app more enjoyable,0,90.36
50970085-8dd2-40b3-8481-927378a1b2c7,"Honestly, the app has a clean and modern design. It adds a lot of value.",5.0,male,"New York, United States",2023-11-23,Positivo,honestly the app has a clean and modern design it adds a lot of value,0,88.73
73c5c397-296b-415f-9d69-19359260f2f1,"Honestly, i can filter matches based on what matters to me.",5.0,female,"Houston, United States",2024-09-18,Positivo,honestly i can filter matches based on what matters to me,0,86.45
e6645038-94c0-42a5-8416-0d7668aa0703,One thing I like is that it strikes a good balance between casual and serious. It really improves interactions.,5.0,male,"Algiers, Algeria",2023-09-23,Positivo,one thing i like is that it strikes a good balance between casual and serious it really improves interactions,0,90.45
f31cf0ea-9e83-4940-9d64-f61e003f3c0d,What stands out is that profiles feel more engaging than on other apps. It makes the app more enjoyable.,5.0,male,"Dubai, United Arab Emirates",2023-01-05,Positivo,what stands out is that profiles feel more engaging than on other apps it makes the app more enjoyable,2,87.83
ddebca7a-a8ec-4e48-b277-bb878a4adac0,I’ve noticed that i like that conversations start from something specific. It makes things feel more natural.,5.0,male,"Kuala Lumpur, Malaysia",2023-01-02,Positivo,ive noticed that i like that conversations start from something specific it makes things feel more natural,0,90.45
1bf1ee0f-9c3b-4dda-9ad8-d0815ed03077,I’ve noticed that i like that profiles actually show personality. It makes the experience better overall.,5.0,male,"Lagos, Nigeria",2023-06-08,Positivo,ive noticed that i like that profiles actually show personality it makes the experience better overall,0,68.35
5bcf2bee-fd42-46ca-8c0b-089eb92894b9,What stands out is that it’s much easier to start conversations here.,5.0,female,"Jacksonville, United States",2024-11-09,Positivo,what stands out is that its much easier to start conversations here,0,88.5
9ecb841c-4067-4e11-94f1-5e75bddc1a8c,"For me, people seem more serious about dating. It really improves interactions.",5.0,male,"Tokyo, Japan",2023-01-21,Positivo,for me people seem more serious about dating it really improves interactions,0,88.87
08c1d1a0-7c6d-4a28-b693-561f56dad701,"In my experience, matches feel more relevant compared to other apps. It adds a lot of value.",5.0,female,"Auckland, New Zealand",2025-12-24,Positivo,in my experience matches feel more relevant compared to other apps it adds a lot of value,0,91.42
53489a07-0292-4acf-b32c-35ca875337f2,What stands out is that it doesn’t feel like endless swiping. It definitely stands out.,5.0,male,"Pretoria, South Africa",2023-10-28,Positivo,what stands out is that it doesnt feel like endless swiping it definitely stands out,0,90.27
9bbcfbab-e60c-4211-a98b-4fb50c776549,I’ve noticed that the app has a clean and modern design. It adds a lot of value.,5.0,male,"Tokyo, Japan",2022-09-28,Positivo,ive noticed that the app has a clean and modern design it adds a lot of value,0,88.87
d47aa2f0-fd60-4a8e-a830-29bee8ddabcd,One thing I like is that i can filter matches based on what matters to me.,5.0,male,"Manila, Philippines",2022-09-25,Positivo,one thing i like is that i can filter matches based on what matters to me,0,86.64
b936d8d1-1b49-46c9-a0c2-f63817a7336e,"In my experience, it strikes a good balance between casual and serious. It definitely stands out.",5.0,female,"Vancouver, Canada",2024-09-01,Positivo,in my experience it strikes a good balance between casual and serious it definitely stands out,0,90.31
5bd79f85-41b9-4f7f-8d01-32fe3dcbeb63,"For me, profiles feel more engaging than on other apps. It makes the experience better overall.",5.0,male,"Chennai, India",2023-03-14,Positivo,for me profiles feel more engaging than on other apps it makes the experience better overall,2,90.22
b235c731-d362-4ea0-8a8b-7a9a245e2d02,I’ve noticed that i like that conversations start from something specific. It makes things feel more natural.,5.0,male,"Lusaka, Zambia",2023-10-04,Positivo,ive noticed that i like that conversations start from something specific it makes things feel more natural,0,90.45
c6bdbd77-d0f8-49e4-a019-8864dcdb2fbe,"Honestly, i like that profiles actually show personality.",5.0,male,"Kathmandu, Nepal",2022-10-17,Positivo,honestly i like that profiles actually show personality,2,81.36
1917de4f-10b0-40c8-a637-fb39841b45cb,I’d say it’s much easier to start conversations here. It definitely stands out.,5.0,male,"Boston, United States",2024-06-27,Positivo,id say its much easier to start conversations here it definitely stands out,0,90.16
d9050779-22c4-4569-ba6d-fa74dc0b854c,"So far, people seem more serious about dating. It definitely stands out.",5.0,male,"Marrakesh, Morocco",2023-09-19,Positivo,so far people seem more serious about dating it definitely stands out,0,89.99
c2b8e99d-b520-4bec-b133-3b67612a2930,"In my experience, matches feel more relevant compared to other apps. It really improves interactions.",5.0,male,"Copenhagen, Denmark",2022-05-15,Positivo,in my experience matches feel more relevant compared to other apps it really improves interactions,0,91.42
c6a63a10-a31b-4d88-a5de-05badef56443,"Personally, it doesn’t feel like endless swiping. That’s something I appreciate.",5.0,female,"Rosario, Argentina",2025-04-03,Positivo,personally it doesnt feel like endless swiping thats something i appreciate,0,88.76
fb75c52f-38be-468a-8384-1e38d9a4f75e,I’ve noticed that the app has a clean and modern design. It really improves interactions.,5.0,female,"Montevideo, Uruguay",2025-01-19,Positivo,ive noticed that the app has a clean and modern design it really improves interactions,0,88.86
2433ad6f-dd14-4849-8ed2-2f82167bb617,I’ve noticed that i can filter matches based on what matters to me. It makes things feel more natural.,5.0,female,"Sydney, Australia",2025-10-02,Positivo,ive noticed that i can filter matches based on what matters to me it makes things feel more natural,0,91.48
674f6c1c-5e31-4c9e-b083-783f96582ecc,"In my experience, it strikes a good balance between casual and serious. It definitely stands out.",5.0,male,"Tripoli, Libya",2023-06-12,Positivo,in my experience it strikes a good balance between casual and serious it definitely stands out,0,90.31
f30b08f5-7d31-4cab-9387-dab60e56c9e2,One thing I like is that profiles feel more engaging than on other apps. That’s something I appreciate.,5.0,male,"Tripoli, Libya",2023-08-18,Positivo,one thing i like is that profiles feel more engaging than on other apps thats something i appreciate,2,58.43
313ab873-431b-4134-8ede-2776e9a591e7,"Personally, i like that conversations start from something specific. It makes things feel more natural.",5.0,male,"Rome, Italy",2022-04-22,Positivo,personally i like that conversations start from something specific it makes things feel more natural,2,89.46
9bb9021c-d52b-4163-a0ab-647c829323da,What stands out is that i like that profiles actually show personality.,5.0,female,"Hobart, Australia",2025-08-16,Positivo,what stands out is that i like that profiles actually show personality,2,59.6
9b962dc4-df1e-44a1-a46f-4a7f24f4d384,I’ve noticed that it’s much easier to start conversations here. It definitely stands out.,5.0,female,"Guayaquil, Ecuador",2025-01-12,Positivo,ive noticed that its much easier to start conversations here it definitely stands out,0,90.22
9d5d432e-5787-41a7-8813-78d35b806305,"Personally, people seem more serious about dating. It makes the experience better overall.",5.0,male,"Boston, United States",2024-06-06,Positivo,personally people seem more serious about dating it makes the experience better overall,0,90.45
dd96d788-85bf-454b-a3d0-c7ecc7318a61,"Honestly, matches feel more relevant compared to other apps. It makes the experience better overall.",5.0,female,"Christchurch, New Zealand",2025-07-07,Positivo,honestly matches feel more relevant compared to other apps it makes the experience better overall,0,58.63
726dc561-a958-4fcf-a3fc-dc695e540325,The best part is that it doesn’t feel like endless swiping. It definitely stands out.,5.0,female,"Hobart, Australia",2025-11-11,Positivo,the best part is that it doesnt feel like endless swiping it definitely stands out,0,88.72
ec989ca8-e12a-4d93-8071-0934fdb9cc74,I’ve noticed that the app has a clean and modern design. It really improves interactions.,5.0,male,"Tokyo, Japan",2022-09-24,Positivo,ive noticed that the app has a clean and modern design it really improves interactions,0,88.86
584e7813-3cfe-4fbf-a53c-9003d0018d5b,What stands out is that i can filter matches based on what matters to me. It makes things feel more natural.,5.0,female,"San Diego, United States",2024-11-09,Positivo,what stands out is that i can filter matches based on what matters to me it makes things feel more natural,0,92.37
c9a97ebe-631c-4b2a-8aa9-5ce2e7819a79,What stands out is that it strikes a good balance between casual and serious. It makes the experience better overall.,5.0,male,"Kampala, Uganda",2023-05-03,Positivo,what stands out is that it strikes a good balance between casual and serious it makes the experience better overall,0,91.58
9e15948a-aa30-456c-96fe-dc24ee6bd126,"For me, profiles feel more engaging than on other apps. It definitely stands out.",5.0,male,"San Diego, United States",2024-03-21,Positivo,for me profiles feel more engaging than on other apps it definitely stands out,2,69.01
a7998a8f-59a2-4687-969e-f1e801a8f848,"So far, i like that conversations start from something specific. It makes things feel more natural.",5.0,male,"Lusaka, Zambia",2023-04-29,Positivo,so far i like that conversations start from something specific it makes things feel more natural,0,90.11
74a23bfe-5ae4-4c69-a5c3-6b58c1b84b52,The best part is that i like that profiles actually show personality. It adds a lot of value.,5.0,male,"Windhoek, Namibia",2023-07-11,Positivo,the best part is that i like that profiles actually show personality it adds a lot of value,0,66.0
dc0b7edf-d717-4130-8b57-e860bb445c24,"So far, it’s much easier to start conversations here. It makes the app more enjoyable.",5.0,male,"Paris, France",2022-03-18,Positivo,so far its much easier to start conversations here it makes the app more enjoyable,0,89.91
b48eb9ed-90db-438b-b374-6ceaa565da4b,"So far, people seem more serious about dating. It makes the app more enjoyable.",5.0,male,"Athens, Greece",2022-07-22,Positivo,so far people seem more serious about dating it makes the app more enjoyable,0,90.12
9c736b1e-c4cb-445c-b1d8-343990f47f69,"So far, matches feel more relevant compared to other apps. It adds a lot of value.",5.0,female,"Guadalajara, Mexico",2024-09-23,Positivo,so far matches feel more relevant compared to other apps it adds a lot of value,0,91.18
86db8520-31f0-4a0c-b0ed-96f2e1930859,One thing I like is that it doesn’t feel like endless swiping. It definitely stands out.,5.0,female,"Salvador, Brazil",2024-11-19,Positivo,one thing i like is that it doesnt feel like endless swiping it definitely stands out,0,88.74
d2d24429-d470-4710-abcc-5fe9af97ffe7,"For me, the app has a clean and modern design. It really improves interactions.",5.0,male,"Milan, Italy",2022-08-19,Positivo,for me the app has a clean and modern design it really improves interactions,0,86.63
913e552d-9d7d-4bb6-a880-2f7c1d80f0aa,One thing I like is that i can filter matches based on what matters to me. It makes the experience better overall.,5.0,male,"Hamburg, Germany",2022-05-24,Positivo,one thing i like is that i can filter matches based on what matters to me it makes the experience better overall,0,90.46
2cb14bdb-f85e-4e88-a66f-637f53904b4a,I’d say it strikes a good balance between casual and serious. That’s something I appreciate.,5.0,female,"La Paz, Bolivia",2025-03-07,Positivo,id say it strikes a good balance between casual and serious thats something i appreciate,0,90.35
496ecba3-bef9-4bc5-9d13-5758b9ab524a,"For me, profiles feel more engaging than on other apps. It makes the experience better overall.",5.0,female,"Sydney, Australia",2025-07-16,Positivo,for me profiles feel more engaging than on other apps it makes the experience better overall,2,90.22
d8d87002-9fff-4d3a-a116-f1883f5e750b,I’d say i like that conversations start from something specific. It makes the app more enjoyable.,5.0,female,"Queenstown, New Zealand",2025-06-13,Positivo,id say i like that conversations start from something specific it makes the app more enjoyable,0,88.54
3335ab95-af7f-4111-b4e6-9b2d99e03de5,The best part is that i like that profiles actually show personality. That’s something I appreciate.,5.0,male,"Shenzhen, China",2022-10-05,Positivo,the best part is that i like that profiles actually show personality thats something i appreciate,0,56.21
2552b5fc-8567-4a1d-aa76-494bb315f7b7,"Personally, it’s much easier to start conversations here. That’s something I appreciate.",5.0,female,"Suva, Fiji",2025-10-31,Positivo,personally its much easier to start conversations here thats something i appreciate,0,88.5
9bfe4cc7-142d-49d7-9340-32fea3457413,"Personally, people seem more serious about dating.",5.0,male,"Tijuana, Mexico",2023-11-07,Positivo,personally people seem more serious about dating,0,86.62
9ec4c3e0-51ef-4f7e-8c77-96c9cced8f5b,The best part is that matches feel more relevant compared to other apps. It really improves interactions.,5.0,male,"Houston, United States",2024-05-25,Positivo,the best part is that matches feel more relevant compared to other apps it really improves interactions,0,91.45
625fa99f-d987-41f0-b02b-0fe0bfb009f0,"So far, it doesn’t feel like endless swiping. It definitely stands out.",5.0,male,"Windhoek, Namibia",2023-06-02,Positivo,so far it doesnt feel like endless swiping it definitely stands out,0,88.17
fa7d869d-10ba-4be4-bc2d-429d408647c0,"Personally, the app has a clean and modern design. It definitely stands out.",5.0,female,"Christchurch, New Zealand",2025-11-24,Positivo,personally the app has a clean and modern design it definitely stands out,0,88.72
adbff64d-9913-4534-83f5-bbdd6c679fe0,One thing I like is that i can filter matches based on what matters to me. It makes things feel more natural.,5.0,male,"Madrid, Spain",2022-06-23,Positivo,one thing i like is that i can filter matches based on what matters to me it makes things feel more natural,0,91.47
6f581ef2-575a-4149-af6c-a5b424c2edd5,"Honestly, it strikes a good balance between casual and serious.",5.0,female,"San Diego, United States",2024-09-22,Positivo,honestly it strikes a good balance between casual and serious,0,86.45
f7fbdd77-ecab-4065-b48c-6471a693f613,The best part is that profiles feel more engaging than on other apps. It makes the app more enjoyable.,5.0,female,"Gold Coast, Australia",2025-12-10,Positivo,the best part is that profiles feel more engaging than on other apps it makes the app more enjoyable,2,89.05
18c11af1-ccfc-42d8-afab-65183a5e942e,I’ve noticed that i like that conversations start from something specific. It really improves interactions.,5.0,female,"Vancouver, Canada",2024-10-09,Positivo,ive noticed that i like that conversations start from something specific it really improves interactions,0,90.39
aab9579a-1e7d-430f-af48-8a8092006b2e,What stands out is that i like that profiles actually show personality. It makes the app more enjoyable.,5.0,female,"San Antonio, United States",2024-08-30,Positivo,what stands out is that i like that profiles actually show personality it makes the app more enjoyable,0,69.91
80767c82-7cb2-41ad-9049-2713e2786732,"Honestly, it’s much easier to start conversations here. It makes the app more enjoyable.",5.0,female,"Lima, Peru",2025-02-21,Positivo,honestly its much easier to start conversations here it makes the app more enjoyable,0,90.21
90916266-23c4-4a0c-87e8-afd6516ad226,"Personally, people seem more serious about dating. That’s something I appreciate.",5.0,male,"Monterrey, Mexico",2023-11-28,Positivo,personally people seem more serious about dating thats something i appreciate,0,90.38
b1d40265-8949-450f-936a-4a38fe7671c4,I’d say matches feel more relevant compared to other apps. That’s something I appreciate.,5.0,female,"Wellington, New Zealand",2025-08-02,Positivo,id say matches feel more relevant compared to other apps thats something i appreciate,0,91.37
8692be5d-1ec9-4b8a-a5f1-8ddd2f3f5aef,The best part is that it doesn’t feel like endless swiping.,5.0,male,"Phoenix, United States",2024-08-07,Positivo,the best part is that it doesnt feel like endless swiping,0,83.24
0df43ac0-9bb0-4aa0-a3c2-e046e871a124,"For me, the app has a clean and modern design. It makes the experience better overall.",5.0,female,"Guadalajara, Mexico",2024-09-25,Positivo,for me the app has a clean and modern design it makes the experience better overall,0,86.64
11695dc0-db3e-48c9-b513-2744c13ff178,I’ve noticed that i can filter matches based on what matters to me.,5.0,male,"Warsaw, Poland",2022-05-03,Positivo,ive noticed that i can filter matches based on what matters to me,0,86.66
259655b6-0391-458a-a3b4-54160687145c,What stands out is that it strikes a good balance between casual and serious. It makes the app more enjoyable.,5.0,female,"Cancun, Mexico",2024-11-10,Positivo,what stands out is that it strikes a good balance between casual and serious it makes the app more enjoyable,0,91.58
06731951-f8e7-4902-b0af-8997be2f617a,"Personally, profiles feel more engaging than on other apps. That’s something I appreciate.",5.0,male,"Algiers, Algeria",2023-06-01,Positivo,personally profiles feel more engaging than on other apps thats something i appreciate,2,60.51
e74e1f69-7d96-4098-baef-50c0977a729f,"For me, i like that conversations start from something specific. It makes the experience better overall.",5.0,male,"Abuja, Nigeria",2023-08-13,Positivo,for me i like that conversations start from something specific it makes the experience better overall,0,56.57
057e878f-1a82-469e-b0a5-421d5100d38d,Best dating app and I think I've tried all of them 😅,5.0,female,"Quito, Ecuador",2025-01-30,Positivo,best dating app and i think ive tried all of them,1,87.47
6dca4fd8-57bb-4ca9-b2b1-a0de9a1d584f,"Your App is very good, I only have the recommendation that you should find a way to put it in dark mode, for people who are sensitive to very bright light for different reasons.",5.0,female,"Brisbane, Australia",2025-06-27,Positivo,your app is very good i only have the recommendation that you should find a way to put it in dark mode for people who are sensitive to very bright light for different reasons,1,36.65
592819fe-ddd0-4334-a92d-f17c44c9d331,it pretty good for dating you know in London that's great,5.0,male,"London, England",2023-02-05,Positivo,it pretty good for dating you know in london thats great,2,54.83
931fd663-8101-4bfc-bf24-af80680aef21,Wedding in February! After using this app for 4 years it finally helped me meet the one and our wedding is in February!,5.0,male,"Windhoek, Namibia",2023-05-07,Positivo,wedding in february after using this app for 4 years it finally helped me meet the one and our wedding is in february,2,89.09
4d98a43e-d59f-4fd5-9e14-301ce87508d6,super,5.0,male,"Stockholm, Sweden",2022-04-15,Positivo,super,0,63.59
8e89e5f3-e358-4fe5-87a7-faef2975fd62,lots of professional and respectful choices of men,5.0,female,"Valparaíso, Chile",2025-04-17,Positivo,lots of professional and respectful choices of men,2,88.3
b555afc8-d9e5-4d9c-9ecb-29fba027fa69,going well so far,5.0,male,"Ottawa, Canada",2024-03-30,Positivo,going well so far,2,82.57
41cdd9e0-f20e-4c3c-a7b6-2a353808262d,"Best dating app if you know what to write . Hopefully the don't use a bio for profile . Is simple question and answer system that you can can answer the question with photo,video or text",5.0,male,"Pretoria, South Africa",2023-10-23,Positivo,best dating app if you know what to write hopefully the dont use a bio for profile is simple question and answer system that you can can answer the question with photovideo or text,2,95.29
2fbb164b-c8c0-40d0-931b-9a8a5f9336c1,"I met a lot of wonderful people, but more importantly met my now bf. I'm the happiest guy alive🥰",5.0,female,"Lima, Peru",2025-02-13,Positivo,i met a lot of wonderful people but more importantly met my now bf im the happiest guy alive,2,68.6
1c3833c4-c74a-4bdb-b027-d404d9dbdc60,good app,5.0,male,"Dar es Salaam, Tanzania",2023-06-18,Positivo,good app,2,64.2
a1b222c9-24d8-40c2-9a3e-c88b2249f533,awesome,5.0,male,"Munich, Germany",2022-06-30,Positivo,awesome,1,66.47
07c82281-df03-4222-bc13-be53101d77e7,Awsome app thank you,5.0,male,"Riyadh, Saudi Arabia",2022-12-04,Positivo,awsome app thank you,2,76.01
c54aa2aa-830e-4b2e-a52e-55c307c4176f,Great so far 😊,5.0,female,"Brisbane, Australia",2025-08-27,Positivo,great so far,2,76.97
5ea832ff-8549-4d12-b818-8391722a41e5,trenger vell ikke skrive noe. sletta appen for en grunn,5.0,male,"Marrakesh, Morocco",2023-10-14,Positivo,trenger vell ikke skrive noe sletta appen for en grunn,0,33.33
15c3dc74-bb8c-4432-9b05-f803156a8bd0,"Best dating site ever. Organic, intelligent, and intuitive.",5.0,male,"Mexico City, Mexico",2024-07-20,Positivo,best dating site ever organic intelligent and intuitive,1,87.61
c521dd1f-8f58-44d7-8083-67a4f41e0452,Great app,5.0,male,"Johannesburg, South Africa",2023-05-19,Positivo,great app,2,65.53
0599a895-e145-44d7-8c4b-5c9051cb5d87,I met my pokesleep research buddy on hinge it was all I intended to do here and mission accomplished!,5.0,female,"Canberra, Australia",2025-09-03,Positivo,i met my pokesleep research buddy on hinge it was all i intended to do here and mission accomplished,0,90.62
a3184df2-46c5-4260-84da-d06ca1a42e00,"It's one of the best app that I have come across. Less crowded and more decent people to interact. It is absolutely one of the best platform however with few more upgrades and advancement on the chat platform, it will definitely reach on top most position among all the competitors which are there in the market.",5.0,male,"Marrakesh, Morocco",2023-06-17,Positivo,its one of the best app that i have come across less crowded and more decent people to interact it is absolutely one of the best platform however with few more upgrades and advancement on the chat platform it will definitely reach on top most position among all the competitors which are there in the market,0,53.66
c6d19268-533b-46c9-aee0-1957c9edbfd3,stress free site,5.0,female,"Sydney, Australia",2025-12-20,Positivo,stress free site,1,82.97
5c3edfa2-231a-4ca9-b1d2-59d18e717616,Oparthiboo,5.0,female,"Rosario, Argentina",2025-03-22,Positivo,oparthiboo,0,33.33
5d57db10-814f-41f1-8cae-31f2024923ff,aaj tak real life me ek bhi setting nhi hui thi pehale baar kisi aap pe ladki se baat Hui😂,5.0,male,"Abuja, Nigeria",2023-10-25,Positivo,aaj tak real life me ek bhi setting nhi hui thi pehale baar kisi aap pe ladki se baat hui,1,87.61
b81fb692-dde0-47ae-83a5-4c52f084a3fe,Does a great job of encouraging real engagement. Also it's pretty well optimized and intuitive.,5.0,male,"Bangalore, India",2022-10-18,Positivo,does a great job of encouraging real engagement also its pretty well optimized and intuitive,1,67.25
5cd19a5f-b6b8-4298-87ea-d97116d7499c,"Hinge is by far the best dating app out there! If needed, support is there and super helpful! You can tell they want you to find someone too! What sticks out the most is what the, 'Liked You' screen says if you don't have any current likes: ""No Likes Quite Yet! Likes are more Intentional on Hinge, so don't fret, they'll come in soon"" I have never been more reassured and calmed from a team of Developers like that,probably weren't even meaning to have that effect. But you did. Thank you Hinge",5.0,female,"Santiago, Chile",2025-02-10,Positivo,hinge is by far the best dating app out there if needed support is there and super helpful you can tell they want you to find someone too what sticks out the most is what the liked you screen says if you dont have any current likes no likes quite yet likes are more intentional on hinge so dont fret theyll come in soon i have never been more reassured and calmed from a team of developers like thatprobably werent even meaning to have that effect but you did thank you hinge,1,69.7
01baeb31-4e3f-400e-af93-eb753c9d871f,High Quality People compared to other dating apps.,5.0,female,"Melbourne, Australia",2025-10-19,Positivo,high quality people compared to other dating apps,2,51.59
70088967-3802-4fba-a551-2048c0419ddc,"This is the best dating app for meeting real, well educated people (I've tried most). Haven't had to deal with a single bot or scammer!",5.0,male,"Chicago, United States",2024-02-09,Positivo,this is the best dating app for meeting real well educated people ive tried most havent had to deal with a single bot or scammer,2,94.27
8c07a556-a58c-40fd-a30e-a55077b46682,It's better than anything else,5.0,male,"San Diego, United States",2024-08-06,Positivo,its better than anything else,1,81.11
be96579f-a85c-4b12-9204-dbd9b896b8ed,I had the app for a week and found my person. We've been together for almost 2 years. I appreciate the set up woth a combination of pictures and questions for you to answer. It's hard to come up with things to put in bios ect. Hinge makes it easier to come up with things that open the door to conversation.,5.0,male,"Montreal, Canada",2023-11-25,Positivo,i had the app for a week and found my person weve been together for almost 2 years i appreciate the set up woth a combination of pictures and questions for you to answer its hard to come up with things to put in bios ect hinge makes it easier to come up with things that open the door to conversation,2,96.81
4662bae2-5c5a-4464-b145-a2d364f05d94,picture quality is amazing. I love it,5.0,female,"Caracas, Venezuela",2025-04-05,Positivo,picture quality is amazing i love it,0,59.14
9b17dbb6-c188-4e09-949a-1f100035a911,Very no nonsense app. Refreshing and wonderful to use.,5.0,male,"Cape Town, South Africa",2023-08-04,Positivo,very no nonsense app refreshing and wonderful to use,0,87.96
4234eabf-2512-4138-800d-a6dfff60051d,"Wonderful dating app. Fresh, unique UI and features. Always fresh profiles and no bots sending you Likes just to get you to subscribe. The profiles are genuine.",5.0,female,"Santa Cruz, Bolivia",2025-02-28,Positivo,wonderful dating app fresh unique ui and features always fresh profiles and no bots sending you likes just to get you to subscribe the profiles are genuine,1,42.07
9f56b20c-c7ad-4a34-b519-d0e4df28dadc,I love the fact that this is one of the only dating apps that allow you to pick the precise type of partner that you want. This is the only app where I've successfully been able to find someone who is exactly my type. When it comes to catfish people I'm good at detecting those so another great thing about hinge is you can report them instantly and they'll block them right away.,5.0,male,"Algiers, Algeria",2023-06-25,Positivo,i love the fact that this is one of the only dating apps that allow you to pick the precise type of partner that you want this is the only app where ive successfully been able to find someone who is exactly my type when it comes to catfish people im good at detecting those so another great thing about hinge is you can report them instantly and theyll block them right away,1,58.19
b412b610-2e8e-4953-bb78-07fd21748b6c,yes am just new but it seems OK so far,5.0,male,"Calgary, Canada",2023-11-14,Positivo,yes am just new but it seems ok so far,2,86.09
8cf5573e-8171-4a59-b565-68df60ae1ac5,great app,5.0,male,"Shenzhen, China",2023-03-25,Positivo,great app,2,65.54
4f8a1809-5a4b-43e9-9c81-7f2d407b8088,Great dating app,5.0,female,"Nadi, Fiji",2025-12-22,Positivo,great dating app,1,50.91
70a1116a-e9a5-4b67-b31c-785a1dd4820f,"Best dating app I've used easily, the profile structure along with being able to record audio and videos helps get past just looking at people's photos.",5.0,male,"Calgary, Canada",2024-05-14,Positivo,best dating app ive used easily the profile structure along with being able to record audio and videos helps get past just looking at peoples photos,1,95.46
67762304-17b9-4c4a-98ec-718214371b82,Better than any other dating app that I've tried. Very usable without spending money.,5.0,female,"Montevideo, Uruguay",2025-02-09,Positivo,better than any other dating app that ive tried very usable without spending money,1,91.73
d0d1c743-8371-4abf-8e95-7d1c1721e3da,"Took a few days after making my account but within the week I've gotten almost 7 likes back and have continuesly talked with my matches, fantastic app.",5.0,female,"Nadi, Fiji",2025-11-11,Positivo,took a few days after making my account but within the week ive gotten almost 7 likes back and have continuesly talked with my matches fantastic app,2,94.59
ca77b85d-46e2-43ca-9567-aff4f8f87f0d,Showing up error of please call again later for voice calls.,5.0,male,"Helsinki, Finland",2022-09-11,Positivo,showing up error of please call again later for voice calls,0,90.85
5610ba08-7e5a-4da6-ac89-0f25d821ec84,I love this app. It's real.,5.0,male,"Bali, Indonesia",2022-12-15,Positivo,i love this app its real,1,48.44
827d3e2d-7990-4865-8d28-20cae341e912,Well i never write reviews and this is in fact my first ever. I just wanted to leave this here as without hinge i wouldnt have met my wife to be. Going to marry in just a week and got hinge to thank for it. Leaving this as a big big thanks ❤️,5.0,male,"Paris, France",2022-07-15,Positivo,well i never write reviews and this is in fact my first ever i just wanted to leave this here as without hinge i wouldnt have met my wife to be going to marry in just a week and got hinge to thank for it leaving this as a big big thanks,0,51.96
cf775e69-5ace-4621-b1b3-d81d526c583b,This app has been really helpful but just kind stressful.,5.0,male,"Algiers, Algeria",2023-05-15,Positivo,this app has been really helpful but just kind stressful,1,85.51
376638a6-129f-4ed7-bbd0-94c89d53d92a,"Might not be perfect, but definitely the best. Be right back; asking my future wife on a date (take 376).",5.0,male,"Prague, Czech Republic",2022-06-05,Positivo,might not be perfect but definitely the best be right back asking my future wife on a date take 376,2,93.5
04fcee25-7a6d-4636-8220-e948b5e5dcab,yeah its pleasing,5.0,female,"Brasília, Brazil",2025-05-09,Positivo,yeah its pleasing,1,77.7
9cc12bbb-74e4-4e0c-9539-233b4d09053a,Nice and clean,5.0,female,"Hobart, Australia",2025-10-10,Positivo,nice and clean,0,77.21
49368d4a-45d1-46ca-934d-4aad1cf38ffb,"Very interactive format, and best response rate of any app I've used.",5.0,male,"San Jose, United States",2024-05-22,Positivo,very interactive format and best response rate of any app ive used,2,74.67
dd09e9f3-1de4-420e-b7f5-4b8e96967eb8,optiobal tinnn,5.0,female,"Medellín, Colombia",2025-03-09,Positivo,optiobal tinnn,0,33.33
dc0058db-b23b-49a4-b8e2-a6288e8c8870,very convenient and user-friendly application,5.0,male,"Helsinki, Finland",2022-02-24,Positivo,very convenient and userfriendly application,1,48.88
c0fa26db-4a6c-402b-9580-a1475610cb94,"Got married last Friday, met my wife on Hinge. 5/5 will never use app again.",5.0,male,"Monterrey, Mexico",2024-06-15,Positivo,got married last friday met my wife on hinge 55 will never use app again,0,92.48
eb7c7fa5-4734-43df-8544-50485e72cb4d,real app,5.0,female,"Guadalajara, Mexico",2024-11-01,Positivo,real app,1,63.94
73dcb845-4afa-40f1-ad43-5b9d7e191c28,Great app to connect,5.0,male,"Houston, United States",2024-04-04,Positivo,great app to connect,2,77.27
35c47fc1-60a3-4bfe-9734-f344cced4eb6,Best free experience,5.0,male,"Philadelphia, United States",2023-11-18,Positivo,best free experience,0,52.82
b1e83c0d-5ffa-4e73-9b3a-1728097284fe,Is actually a very good dating app. The only one I've used that I would recommend to ppl who aren't looking for hookups.,5.0,male,"Denver, United States",2024-07-15,Positivo,is actually a very good dating app the only one ive used that i would recommend to ppl who arent looking for hookups,0,93.39
bb4e80a3-da54-477d-8036-cad41c4a4b81,It's really nice,5.0,male,"Frankfurt, Germany",2022-07-08,Positivo,its really nice,1,52.14
9df9e575-e3f6-4e81-aadc-180e76812a7b,I like this format very mhch,5.0,female,"Lima, Peru",2025-04-15,Positivo,i like this format very mhch,1,47.32
9392d5ea-5da9-4d85-a99c-8c03c205ad93,got my first match😂,5.0,female,"Nadi, Fiji",2025-12-13,Positivo,got my first match,1,80.38
3920ca99-d6b3-44c9-8c21-1e66a8347972,it works,5.0,male,"Milan, Italy",2022-04-07,Positivo,it works,2,64.78
77e28f93-5014-4050-8c65-d6ba16ade603,The best dating app out there,5.0,female,"Austin, United States",2024-10-19,Positivo,the best dating app out there,2,76.69
96fb66eb-b4d7-4390-aabc-cbd44704a488,so far so good,5.0,male,"Dakar, Senegal",2023-10-07,Positivo,so far so good,2,76.52
99846d03-822b-4976-abb3-eb781807d112,Easy going app,5.0,male,"Beijing, China",2023-03-08,Positivo,easy going app,2,75.21
3153e2e7-3bb0-4aca-bed7-5f8999abd5c7,Excellent service,5.0,female,"São Paulo, Brazil",2025-05-16,Positivo,excellent service,1,76.73
8843fe51-7d73-4cb0-aebd-8336754b5ffa,It's really amazing. Awesome awesome.,5.0,female,"Adelaide, Australia",2025-10-01,Positivo,its really amazing awesome awesome,1,84.9
2e09e3df-5b4c-4182-b257-07b340292d80,Good,5.0,female,"Córdoba, Argentina",2025-01-24,Positivo,good,2,64.2
ab1892b8-1ecf-453c-9963-a10345655041,Best app ever,5.0,female,"Adelaide, Australia",2025-07-03,Positivo,best app ever,0,76.62
57b839c9-55d5-4545-a425-0fbf93f8a3a8,"I think it's awesome, but connections should be made easier",5.0,male,"Lusaka, Zambia",2023-06-16,Positivo,i think its awesome but connections should be made easier,1,49.46
f403c94f-3632-421e-a0fa-b4570e7c27c1,"I've been on it a week and I like it. I haven't come across any weird matches. Lots of clean, good-looking men. 🤞",5.0,male,"Warsaw, Poland",2022-05-19,Positivo,ive been on it a week and i like it i havent come across any weird matches lots of clean goodlooking men,2,93.13
37f0c63c-c8c1-41b6-8fba-1a8326031380,Sexy,5.0,male,"Stockholm, Sweden",2022-05-16,Positivo,sexy,0,66.55
15af19c0-0693-4970-88e5-9c3527d367cd,Very interesting site. I will find a bride here,5.0,male,"Guadalajara, Mexico",2024-03-25,Positivo,very interesting site i will find a bride here,0,86.94
fd7edfa7-464b-448b-a26e-ecfadf1b8a48,I like this site in comparison to others. More people interact and are very friendly.,5.0,male,"Mombasa, Kenya",2023-05-03,Positivo,i like this site in comparison to others more people interact and are very friendly,1,73.43
a079fbbd-6a94-452c-a43e-0a0dba49073d,N/a,5.0,male,"Cairo, Egypt",2023-10-18,Positivo,na,0,33.33
4293e25f-a7ca-4292-b685-b277d623e947,so far on this app ive had the best dating experience out of all of these dating apps,5.0,male,"Abuja, Nigeria",2023-10-08,Positivo,so far on this app ive had the best dating experience out of all of these dating apps,2,91.41
ed02963c-4a3e-4079-8860-a24f52335caf,it works for me,5.0,male,"Ottawa, Canada",2024-07-25,Positivo,it works for me,2,64.78
b82e70e3-03a3-46b9-a0e8-b06e315ad351,"Hinge is much better than all the other dating apps. I found my wife on hinge, it may take time sometimes but if you keep at it hinge can find you the one. I couldn't be happier and I owe it all to a free app.",5.0,female,"Hobart, Australia",2025-08-07,Positivo,hinge is much better than all the other dating apps i found my wife on hinge it may take time sometimes but if you keep at it hinge can find you the one i couldnt be happier and i owe it all to a free app,1,60.71
d44bccfd-2c0b-413f-9ccc-e72f9a531dac,Better then other dating apps by far,5.0,male,"Taipei, Taiwan",2022-10-10,Positivo,better then other dating apps by far,2,86.88
bd3514de-21e8-488d-86f6-67ac89165fbc,Great app,5.0,male,"Paris, France",2022-04-28,Positivo,great app,2,65.54
6fbc6753-8c37-40fd-9d71-b7a529dd713b,good,5.0,female,"Cancun, Mexico",2024-09-14,Positivo,good,2,64.2
6d4569e6-80e8-414f-8251-1d5cb8dadf46,Best dating app out there right now in terms of just working and having a good concept.,5.0,male,"Edinburgh, United Kingdom",2022-05-25,Positivo,best dating app out there right now in terms of just working and having a good concept,2,91.62
1a8d914f-da54-499d-b197-a311a6fbc8e0,"Love the fundamental feature that, to be matched with someone, you must mutually like each other to start a conversation! Additionally, I love that u can send voice text messages, answer up to 3 prompt ?s, and upload videos to share your personality with those who become your matches! ☺️",5.0,female,"Hobart, Australia",2025-06-07,Positivo,love the fundamental feature that to be matched with someone you must mutually like each other to start a conversation additionally i love that u can send voice text messages answer up to 3 prompt s and upload videos to share your personality with those who become your matches,0,96.4
fc80220b-cde3-49f3-a2d9-6d29936af68a,"Best app for dating, hands down. Sleek design, no nonsense. interesting prompts. Best of all they still have love for their free users unlike many who are charging even to read a message these days.",5.0,male,"Tokyo, Japan",2023-02-13,Positivo,best app for dating hands down sleek design no nonsense interesting prompts best of all they still have love for their free users unlike many who are charging even to read a message these days,1,55.62
e88986cb-3070-489a-91a5-81b57207364c,great people on this app!,5.0,female,"Rio de Janeiro, Brazil",2025-03-06,Positivo,great people on this app,2,76.78
b79c4e5a-75a6-47c3-8937-99f7e6f561bd,very good and safe app,5.0,male,"Calgary, Canada",2024-06-27,Positivo,very good and safe app,0,81.62
35022512-38a2-4f89-9dfe-8e675e5019b1,will come back for review,5.0,male,"Marrakesh, Morocco",2023-05-26,Positivo,will come back for review,2,83.68
ab76c04d-97d9-4445-823b-ce1ba7774247,"great app to meet other singles! thanks, God bless you all!",5.0,male,"Chennai, India",2023-02-13,Positivo,great app to meet other singles thanks god bless you all,1,90.44
2097193a-3e7b-48f8-9fcd-f460ef584557,easy to use and intuitive,5.0,male,"Harare, Zimbabwe",2023-09-25,Positivo,easy to use and intuitive,1,74.45
87852b12-737a-4be7-b94a-e20b94fabe6a,"It works as advertised! This was the last app that I tried and it worked! I had bumble, eHarmony, matxh, coffee meets bagel, etc. Found some matches but most were meh and the paid ones (eHarmony/match were scams). But Ive been in a relationship with a guy I met on hinge for a year now 🥰 we're planning on moving in when our leases are up. I deleted the app 2 months in.",5.0,male,"Montreal, Canada",2024-06-01,Positivo,it works as advertised this was the last app that i tried and it worked i had bumble eharmony matxh coffee meets bagel etc found some matches but most were meh and the paid ones eharmonymatch were scams but ive been in a relationship with a guy i met on hinge for a year now were planning on moving in when our leases are up i deleted the app 2 months in,2,97.61
d54a5b0f-0dba-407a-99a2-a5186676ac0e,Functions quite well and links people together,5.0,female,"Wellington, New Zealand",2025-07-20,Positivo,functions quite well and links people together,2,88.43
9db86b61-78e8-43da-81f6-1c46c7d9949e,I meet my now amazing girlfriend of over a year. I highly recommend,5.0,male,"Monterrey, Mexico",2024-01-21,Positivo,i meet my now amazing girlfriend of over a year i highly recommend,0,90.86
e1456630-995c-49ee-9bd0-cb5691514b66,Met my wife here 3 years ago...,5.0,male,"Frankfurt, Germany",2022-03-29,Positivo,met my wife here 3 years ago,0,81.89
57e45212-1a6f-4692-abd5-6a8ac3cc911a,still single tho rip,5.0,male,"Quebec City, Canada",2024-04-25,Positivo,still single tho rip,1,82.38
c75bc3b1-143b-4f08-bff3-32dce2e14bc2,Awesome,5.0,male,"Harare, Zimbabwe",2023-08-24,Positivo,awesome,1,66.47
82daad61-bc70-4b24-98d8-8efaf49512d6,I've found someone whose changed my life. The app tag actually worked. I was only on the app for a month. Ppl just don't want to put the work in and trust me if you put in the work you will be rewarded.,5.0,male,"Rabat, Morocco",2023-04-25,Positivo,ive found someone whose changed my life the app tag actually worked i was only on the app for a month ppl just dont want to put the work in and trust me if you put in the work you will be rewarded,2,78.41
e5a174be-0715-46ee-a998-6916fd68eead,Super,5.0,male,"Lusaka, Zambia",2023-08-27,Positivo,super,0,63.6
8569ce0a-a518-4cd9-a0c4-83d5da655036,They do a good job in making dating better,5.0,male,"Los Angeles, United States",2024-02-10,Positivo,they do a good job in making dating better,0,55.34
25368521-0c6e-4c17-b648-24aea7dfb5ac,5 stars because it's not full of scammers,5.0,male,"Chicago, United States",2024-02-05,Positivo,5 stars because its not full of scammers,2,82.4
73e35f33-c9a1-496a-a6e4-93bc59eb2b89,good app,5.0,female,"Caracas, Venezuela",2025-05-20,Positivo,good app,2,64.2
51a2d6c5-daed-497e-9248-d4887c2307a6,I got laid off of it,5.0,male,"Denver, United States",2024-01-01,Positivo,i got laid off of it,1,80.14
116ed36b-e56c-4da1-990a-4e532e119303,By far the best dating app. I feel like they actually thought well the best ways to pair people. Worked trillions of times better for me than other apps.,5.0,male,"Madrid, Spain",2022-07-14,Positivo,by far the best dating app i feel like they actually thought well the best ways to pair people worked trillions of times better for me than other apps,2,70.29
ec50fc89-b252-4f7b-89cc-577fcc787efe,"so far, so good 😁👍",5.0,male,"Karachi, Pakistan",2022-09-29,Positivo,so far so good,2,76.52
6ee4ebed-63de-4636-b312-a3eb4b33a59e,I think the app works well. I cannot complain. People cannot be forced to like you,5.0,female,"Asunción, Paraguay",2025-02-20,Positivo,i think the app works well i cannot complain people cannot be forced to like you,2,91.12
b34266e1-f4b4-43ea-8a03-07aa46d8ea91,You will NOT get a match in a relevant country near you :),5.0,female,"Gold Coast, Australia",2025-09-10,Positivo,you will not get a match in a relevant country near you,2,87.06
7917ca34-12b5-4de4-880e-f62706a7225e,Best,5.0,male,"Nairobi, Kenya",2023-07-25,Positivo,best,0,64.3
5f75850a-5227-4b7f-ba11-47930cc79923,"You can have preferences like culture, and it lets you swipe back. I think its the most user friendly app for dating because it gives you second chances on someone you may have swiped x for",5.0,male,"Hamburg, Germany",2022-07-22,Positivo,you can have preferences like culture and it lets you swipe back i think its the most user friendly app for dating because it gives you second chances on someone you may have swiped x for,1,95.81
55aab15b-aff4-4a02-a11b-42a86747d6d3,nice app,5.0,male,"Birmingham, United Kingdom",2022-05-22,Positivo,nice app,0,64.94
9efad20c-2703-48ce-8c2d-c0b7dd1a1b0d,awesome very good app,5.0,female,"Valparaíso, Chile",2025-04-24,Positivo,awesome very good app,0,51.48
199468aa-9e56-4c9f-aa54-92047f07611e,Great Dating App for meeting people,5.0,male,"Kumasi, Ghana",2023-10-21,Positivo,great dating app for meeting people,2,82.41
a2ea886e-0dd0-4e44-9da2-bc8a8977e9da,"Very good, very nice",5.0,male,"Nairobi, Kenya",2023-05-20,Positivo,very good very nice,0,85.45
2bcdca0d-4bb8-4fe2-ae9f-b1d6a9800f9f,I love this App very classy,5.0,female,"Wellington, New Zealand",2025-11-16,Positivo,i love this app very classy,0,55.41
48e0b0d8-1e8b-410e-8011-2d267d56fc58,I bought a month of its premium subscription and it didnt work (its like $40),5.0,male,"Vancouver, Canada",2024-03-08,Positivo,i bought a month of its premium subscription and it didnt work its like 40,1,87.68
e91ca77f-4626-41a0-809a-4f6b5b102b85,The best girls in your city are here t.me/tindergirl1,5.0,female,"Santiago, Chile",2025-01-14,Positivo,the best girls in your city are here tmetindergirl1,0,86.86
b40e9e44-db38-4264-af83-576d62fa5b95,It's way better than other dating apps.,5.0,male,"Houston, United States",2024-06-20,Positivo,its way better than other dating apps,1,82.63
1f3174fb-435c-4825-922a-b635376b34d0,easy to navigate and good quality people,5.0,female,"Córdoba, Argentina",2025-03-13,Positivo,easy to navigate and good quality people,2,86.29
4345271a-31a9-4efc-a659-4b831cc6a4a4,"Best dating app, hands down! I tried Bumble, Tinder, and Upward. None of them compared to Hinge. Only on Hinge can you see who liked you on the free version. Got results in just minutes after setting up my profile. Had a date the same day! Don't waste your money on other apps. Hinge is the way to go! They are true to their word about being designed to delete. It works! Ultimately, Jesus gets the glory for answered prayers and guiding me!!!",5.0,female,"Christchurch, New Zealand",2025-06-26,Positivo,best dating app hands down i tried bumble tinder and upward none of them compared to hinge only on hinge can you see who liked you on the free version got results in just minutes after setting up my profile had a date the same day dont waste your money on other apps hinge is the way to go they are true to their word about being designed to delete it works ultimately jesus gets the glory for answered prayers and guiding me,1,97.98
150582e0-ef28-4330-9483-af1e5e963eab,I give up. I'm dying alone and that's ok.,5.0,female,"Guayaquil, Ecuador",2025-03-19,Positivo,i give up im dying alone and thats ok,1,81.91
1f938d20-82cf-4440-9c52-e7aba2e4ec5c,cool to meet someone special,5.0,male,"Pretoria, South Africa",2023-07-06,Positivo,cool to meet someone special,2,82.07
a6aa5d74-096a-4706-b065-d9692fc028ce,"Of all the dating apps, I like this one the best. Very few fake profiles compared to the other apps, have so far met some cool people! Interface is easy and right to the point.",5.0,male,"Guadalajara, Mexico",2024-03-05,Positivo,of all the dating apps i like this one the best very few fake profiles compared to the other apps have so far met some cool people interface is easy and right to the point,2,86.82
2401e24e-077e-4ab0-a831-afbebf4fc3a4,goodo,5.0,female,"Rio de Janeiro, Brazil",2024-12-13,Positivo,goodo,0,33.33
fa51b620-d5a3-4038-b779-73f975be0745,Easy to use,5.0,female,"Rio de Janeiro, Brazil",2025-03-24,Positivo,easy to use,0,60.89
993ad9ea-ce52-47b5-be31-eebddfe5a717,way better than other dating apps,5.0,female,"Nadi, Fiji",2025-10-25,Positivo,way better than other dating apps,1,82.61
3ef52fb4-8a78-44ff-a09f-bdb5c72e75c0,"You must have social skills to succeed. That said, this app simplifies the process and encourages conversation with fun prompts. This was a highly recommended app before I started and it's worked well.",5.0,male,"Dar es Salaam, Tanzania",2023-06-25,Positivo,you must have social skills to succeed that said this app simplifies the process and encourages conversation with fun prompts this was a highly recommended app before i started and its worked well,2,95.36
38db1899-a389-45bc-bbca-5993052b4041,This application is a good way to waste money,5.0,female,"Fortaleza, Brazil",2024-11-21,Positivo,this application is a good way to waste money,1,83.18
a9606e8b-9476-4ce8-8ab9-07211e964cf9,my favorite so far,5.0,female,"Rosario, Argentina",2025-05-19,Positivo,my favorite so far,0,71.87
07c0e349-96ea-4771-a321-17f36b728d73,"I met a girl and started dating her in 15 minutes of downloading the app. No other app has sent me exactly what I wanted, this one takes the cake. I mean the odds of finding a goth girl who likes to code are low already but this app did it. Uninstalled as advertised.",5.0,male,"Cancun, Mexico",2024-02-11,Positivo,i met a girl and started dating her in 15 minutes of downloading the app no other app has sent me exactly what i wanted this one takes the cake i mean the odds of finding a goth girl who likes to code are low already but this app did it uninstalled as advertised,2,76.56
2f271dc2-22f2-4a94-9008-24b1bec6cbbf,He,5.0,female,"Wellington, New Zealand",2025-08-26,Positivo,he,0,33.33
8cf87ee9-cdae-4faa-b514-8547f93d4683,"I can't believe it. You can actually message through the app. It can be a bit more annoying having to actually like and comment on something, but it works. You put in a bit more effort, and you are able to actually go on dates. This app will be #1 soon.",5.0,male,"Mombasa, Kenya",2023-08-29,Positivo,i cant believe it you can actually message through the app it can be a bit more annoying having to actually like and comment on something but it works you put in a bit more effort and you are able to actually go on dates this app will be 1 soon,2,64.63
dc33a208-6e32-4ab0-82c6-4a7ee5baa2d5,good app highly recommended,5.0,male,"Hong Kong, China",2022-10-02,Positivo,good app highly recommended,2,76.86
ddd93a50-cdab-48e4-8fc9-708f9927b44d,lovely,5.0,male,"Abu Dhabi, United Arab Emirates",2023-03-10,Positivo,lovely,2,66.6
fbf77e3e-e411-4def-8383-80394ba6d19d,Genuine people that want to date and give things a chance,5.0,female,"Asunción, Paraguay",2025-03-09,Positivo,genuine people that want to date and give things a chance,1,90.15
24bdd9a5-5fe3-47df-90f3-47ec2b50accb,great app,5.0,female,"Buenos Aires, Argentina",2025-04-11,Positivo,great app,2,65.54
0fa8926a-1bd7-4385-aa32-6c7f5d2e749e,"so far so good, need to see how it goes",5.0,female,"Queenstown, New Zealand",2025-07-31,Positivo,so far so good need to see how it goes,1,54.32
4a29e751-86c4-42d8-b4d5-19221268924a,"I went on many first dates using this app and never paid a dollar for any additional services. However, though hard pressed to admit to friends and family, my now wife and I met on Hinge! PS. Don't hide who you really are on your profile description. Being truthful from the beginning goes a long way to finding someone amazing!",5.0,male,"Athens, Greece",2022-07-27,Positivo,i went on many first dates using this app and never paid a dollar for any additional services however though hard pressed to admit to friends and family my now wife and i met on hinge ps dont hide who you really are on your profile description being truthful from the beginning goes a long way to finding someone amazing,1,84.36
4891ccad-0355-44f9-8aea-e7c228554884,I didn't experience any issues with the app and managed to meet someone. We talked every day for a month before actually meeting and now I couldn't be happier. Thanks Hinge! Update to add: Him and I are getting married in June :D,5.0,male,"Athens, Greece",2022-06-29,Positivo,i didnt experience any issues with the app and managed to meet someone we talked every day for a month before actually meeting and now i couldnt be happier thanks hinge update to add him and i are getting married in june d,2,96.62
1d7e97c1-b0ec-44a2-aaaa-bb1dff36c412,It works and it's better than the rest.,5.0,male,"Ho Chi Minh City, Vietnam",2022-10-16,Positivo,it works and its better than the rest,1,81.46
c9b04bed-b082-4a29-81d8-7b4ec92c17b1,"So far, the guys I have met in person from this app are genuine, normal, and trustworthy. Haven't regretted any matches.",5.0,female,"Montevideo, Uruguay",2025-03-19,Positivo,so far the guys i have met in person from this app are genuine normal and trustworthy havent regretted any matches,2,93.67
bba6254b-bf26-4963-94b9-266dcdedc2d1,Good at the moment,5.0,female,"Quebec City, Canada",2024-09-25,Positivo,good at the moment,0,74.62
e71a0e44-4d2e-404f-9d02-502379909260,"The app is fine, easy enough to use. But whatever magic is worked behind the scenes is why this is getting 5 stars from me. Somehow I was able to find the most radiant and wonderful woman in existence on it. Please use hinge or whatever other dating app. Don't give up",5.0,male,"San Francisco, United States",2024-05-08,Positivo,the app is fine easy enough to use but whatever magic is worked behind the scenes is why this is getting 5 stars from me somehow i was able to find the most radiant and wonderful woman in existence on it please use hinge or whatever other dating app dont give up,1,96.66
5239994d-0282-4e09-a9a1-b990732fd08a,Not a miracle maker but met the love of my life on here so 5*,5.0,female,"Sydney, Australia",2025-07-19,Positivo,not a miracle maker but met the love of my life on here so 5,0,84.42
acdd740c-d440-483c-9175-eb58fadf3431,great app and easy to navigate. just way to expensive in my cou tries currency,5.0,female,"Guayaquil, Ecuador",2024-12-22,Positivo,great app and easy to navigate just way to expensive in my cou tries currency,2,88.42
32607d0c-6104-469e-b161-e2958821b463,Pros: The app interface is so clean & well managed by team. The profiles are very interesting to like & chat with girls. If you are looking for clean & clear profiles then you should try this app it's really best app in market right now. Best feature is if we matched we can chat in free. Cons: The subscriptions are very costly Hinge + - 1450 to 8700 Hinge x - 2400 to 14500 It's very costly to buy this subscriptions in india I want to buy 3 months. Hinge it's costly please make it resonable,5.0,female,"Canberra, Australia",2025-12-06,Positivo,pros the app interface is so clean well managed by team the profiles are very interesting to like chat with girls if you are looking for clean clear profiles then you should try this app its really best app in market right now best feature is if we matched we can chat in free cons the subscriptions are very costly hinge 1450 to 8700 hinge x 2400 to 14500 its very costly to buy this subscriptions in india i want to buy 3 months hinge its costly please make it resonable,0,97.48
feef4cf3-2861-4f3c-9e8d-ddc985fa99c6,Best UI & UX!!,5.0,male,"Windhoek, Namibia",2023-09-21,Positivo,best ui ux,0,64.3
2c6b68c6-77b1-4af1-a312-a4c2f8e69375,"Great app., alot of fun.",5.0,female,"Valparaíso, Chile",2025-01-20,Positivo,great app alot of fun,2,82.72
fba6cd6f-fdc5-4ee7-858f-06c0800ea9f3,This app seems to have real people.,5.0,female,"Rio de Janeiro, Brazil",2025-02-20,Positivo,this app seems to have real people,2,77.13
8b39d728-a168-48aa-b28d-75dd76738979,"I ♥️ the develop team, but not the people (girls in my case). Like in most dating apps they just dont care and prefer to show up the body instead of the awesome feature such as the video recording to awnser something (got none, just dancing and booring stuff, maybe 2) all this while using for maybe 4 days and less than 2 days paid which Ive got refunded, but love the app! Got only like 4 that made a voice recording interesting. Why do we men have to do all the wrk? After 1 asian romance scam 🛑",5.0,female,"Seattle, United States",2024-11-01,Positivo,i the develop team but not the people girls in my case like in most dating apps they just dont care and prefer to show up the body instead of the awesome feature such as the video recording to awnser something got none just dancing and booring stuff maybe 2 all this while using for maybe 4 days and less than 2 days paid which ive got refunded but love the app got only like 4 that made a voice recording interesting why do we men have to do all the wrk after 1 asian romance scam,0,76.31
c8fd0570-5973-4c5e-ae3a-c2d493aa67b1,Easy to use,5.0,male,"Budapest, Hungary",2022-06-15,Positivo,easy to use,0,60.89
51ca8752-59e5-465c-a507-4c2d289c8b56,the entire premise is a paid feature of bumble,5.0,male,"Washington DC, United States",2024-04-28,Positivo,the entire premise is a paid feature of bumble,1,88.31
38edcb4f-42dd-4a42-8521-02300cf142a8,Best dating app out there. It's simple and intuitive the way you connect with people.,5.0,male,"Los Angeles, United States",2024-07-03,Positivo,best dating app out there its simple and intuitive the way you connect with people,2,91.17
64c22f7d-03ef-468a-948f-b2e591d64a56,one of the best dating apps out,5.0,male,"Seattle, United States",2024-04-02,Positivo,one of the best dating apps out,2,84.74
f2307724-0ebf-4d08-b601-acb085ec3e63,just got it,5.0,male,"Birmingham, United Kingdom",2022-07-21,Positivo,just got it,0,62.86
d02c4c1e-78a0-4f5d-9cdc-998a3a0805a5,You get out of it what you put into it. It can work great for you too!,5.0,male,"Phoenix, United States",2023-11-12,Positivo,you get out of it what you put into it it can work great for you too,2,92.38
d4b2000b-c972-48c3-a0d6-5aedf43bbed0,The best dating 👌,5.0,male,"Cairo, Egypt",2023-10-20,Positivo,the best dating,2,64.82
55da3406-cd7b-4615-9caf-342ed9b3ee00,I've found the most success of any dating apps on Hinge 👍,5.0,male,"Marrakesh, Morocco",2023-06-14,Positivo,ive found the most success of any dating apps on hinge,2,90.25
f0019f74-5167-444d-97b8-f2417a30af6b,great app,5.0,male,"Chicago, United States",2024-06-17,Positivo,great app,2,65.54
77a5e3e1-3b85-49f3-b7aa-eabafebb80c9,I get on and off really wishing each time that the scammers are gone!,5.0,male,"Budapest, Hungary",2022-07-30,Positivo,i get on and off really wishing each time that the scammers are gone,2,90.63
9afcc893-6a68-4803-a788-42b41bfc0362,"Good quality matches and people on this app, like the non hookup focus of the app",5.0,male,"San Jose, United States",2024-01-08,Positivo,good quality matches and people on this app like the non hookup focus of the app,2,87.52
f5fcd6a9-b57b-4c60-aa44-d72984c891a2,Beautiful App,5.0,male,"Seville, Spain",2022-05-13,Positivo,beautiful app,0,65.96
2c308241-3b1e-42c9-a775-717ab4c86761,Wow it's been great,5.0,female,"Wellington, New Zealand",2025-09-16,Positivo,wow its been great,2,82.92
fd8f7349-6456-4bba-bd24-2205853d5c29,ok so far,5.0,male,"Jakarta, Indonesia",2022-12-07,Positivo,ok so far,2,65.01
89e54c53-da17-43ae-aeb5-cc4a3d9fddd7,So far so good,5.0,male,"Nairobi, Kenya",2023-05-18,Positivo,so far so good,2,76.52
4bdae9f2-7649-4791-bb80-b629608b72b0,"I like it because it's not a match game you just write to people you like. Dating shouldn't be a game, this site gets the idea of that. I enjoy the sight, meet some great ladies, still looking for the one.",5.0,female,"Canberra, Australia",2025-11-13,Positivo,i like it because its not a match game you just write to people you like dating shouldnt be a game this site gets the idea of that i enjoy the sight meet some great ladies still looking for the one,1,96.3
39e97abf-e949-4633-83c1-6123558010b0,seems much better than the others I've tried,5.0,male,"Dallas, United States",2024-01-09,Positivo,seems much better than the others ive tried,1,83.47
6c31e6ac-f6ac-4434-9b1c-76f2fc96b9cf,Met my wife on there lmaooooo 10/10 Thanks guys,5.0,male,"Nairobi, Kenya",2023-08-02,Positivo,met my wife on there lmaooooo 1010 thanks guys,0,54.92
a7162d67-3856-48cf-8710-9aba73b778eb,"Great format. Amount of likes is smaller than most apps, but it seems that there are less people that have profiles for no reason and more people that actually want to interact with others.",5.0,female,"Melbourne, Australia",2025-06-24,Positivo,great format amount of likes is smaller than most apps but it seems that there are less people that have profiles for no reason and more people that actually want to interact with others,1,95.06
297bf12c-9ab9-4792-8736-e8dabdbe06f1,Kinda cool,5.0,male,"New York, United States",2023-11-26,Positivo,kinda cool,2,77.11
1d0adcdd-3c05-496f-9300-a7fc58e1a3c4,it's amazing,5.0,female,"Medellín, Colombia",2024-12-01,Positivo,its amazing,0,63.33
f253d044-c07d-41f0-abfd-8cee577c7554,I enjoy the community on this app and the effort people take to showcase themselves. Curating matches is done well and I was doubtful initially with how few likes I had compared to other apps. The UI for prompts and packaging a message with what you specifically like about someone is endearing. The rose system where people can only be sent them is a nice highlight reel. If my friends weren't already with someone I'd recommend it to them.,5.0,male,"Tripoli, Libya",2023-04-16,Positivo,i enjoy the community on this app and the effort people take to showcase themselves curating matches is done well and i was doubtful initially with how few likes i had compared to other apps the ui for prompts and packaging a message with what you specifically like about someone is endearing the rose system where people can only be sent them is a nice highlight reel if my friends werent already with someone id recommend it to them,2,52.54
326c607c-58ca-4fab-a946-9df1360d7ea8,It's a great app but need to fix some glitches during the chat.....,5.0,female,"Queenstown, New Zealand",2025-09-02,Positivo,its a great app but need to fix some glitches during the chat,0,73.01
67a3418c-cf38-40ab-9013-77d78d879286,Great experience finding relationships with substance.,5.0,female,"Montevideo, Uruguay",2025-05-31,Positivo,great experience finding relationships with substance,2,84.58
f5f8ca8e-6ca1-4346-97b9-874c7ee5682f,"had no luck on tinder for months, some friends set me on an account on hinge and got a match in a weekend!",5.0,female,"Nadi, Fiji",2025-06-17,Positivo,had no luck on tinder for months some friends set me on an account on hinge and got a match in a weekend,1,48.73
d013f109-2b48-468f-accb-34bb1d6b58bf,Its good,5.0,female,"Christchurch, New Zealand",2025-12-06,Positivo,its good,2,64.2
5ca11e79-980b-4019-87a4-a10a6698e473,I Like it,5.0,male,"Durban, South Africa",2023-06-29,Positivo,i like it,0,33.33
34ab59b4-5a16-4d12-8ec5-26891f4e92ab,"It's a 10/10, keep up the quality of service",5.0,female,"Austin, United States",2024-09-04,Positivo,its a 1010 keep up the quality of service,2,85.82
e2078d86-6602-48f7-9069-6c109e815edc,Good,5.0,female,"Rosario, Argentina",2025-01-01,Positivo,good,2,64.2
0635787e-e772-440d-bd2f-f37cb838666c,"Very good dating site to go on , its easily my favourite one now to use more then the others that is recommended in my opinion.",5.0,female,"Queenstown, New Zealand",2025-10-22,Positivo,very good dating site to go on its easily my favourite one now to use more then the others that is recommended in my opinion,0,94.28
cbb47433-fe11-417a-b8d0-7b8a2deaa254,"I've downloaded and tried every dating app on play store. And deleted them. Because they were no good. You can't do ANYTHING without paying for it. This app lets you like people, see your likes, message people, recieve messages, has people that are actually in your state,and you don't have to pay to see more than 5 profiles in a 24 hour period. BEST app.",5.0,female,"Brasília, Brazil",2025-02-21,Positivo,ive downloaded and tried every dating app on play store and deleted them because they were no good you cant do anything without paying for it this app lets you like people see your likes message people recieve messages has people that are actually in your stateand you dont have to pay to see more than 5 profiles in a 24 hour period best app,2,51.52
902e20f9-44df-4de0-87ad-8ce5b3d7267b,One of the better dating sites.,5.0,male,"Barcelona, Spain",2022-05-09,Positivo,one of the better dating sites,2,82.35
4dfc37fa-bf2c-448a-9e3b-9396f9bd6d3e,Good,5.0,male,"Cancun, Mexico",2024-06-05,Positivo,good,2,64.21
cb348c7a-ea1f-4ac7-8474-98d09d7c644d,Probably the most user friendly app of the three main ones.,5.0,male,"Tripoli, Libya",2023-09-07,Positivo,probably the most user friendly app of the three main ones,2,88.44
4aa0b3c3-3706-4d80-aa6f-ee66c3a3b267,Best dating app,5.0,female,"Sydney, Australia",2025-11-08,Positivo,best dating app,2,64.8
0f77d727-f9c1-4768-a875-7466f0539c6e,surprisingly as good as tinder for alaska atleast,5.0,female,"Suva, Fiji",2025-08-31,Positivo,surprisingly as good as tinder for alaska atleast,2,77.17
8bb287f7-572c-4237-a454-74a2fbe25321,Met my boyfriend (who is literally the best person in the world) on this app and it was the best thing to ever happen to me like he's just my person..he's so cute and so understanding and so pretty and so sweet...Okay not to make this a boyfriend review .It's just that I am so excited for everyone to give it a try and i hope everyone finds their person.,5.0,female,"Nadi, Fiji",2025-12-08,Positivo,met my boyfriend who is literally the best person in the world on this app and it was the best thing to ever happen to me like hes just my personhes so cute and so understanding and so pretty and so sweetokay not to make this a boyfriend review its just that i am so excited for everyone to give it a try and i hope everyone finds their person,0,97.13
af26a9bd-504f-4b36-8925-0668cf9d1824,Fair,5.0,male,"Athens, Greece",2022-07-15,Positivo,fair,2,65.94
5945059b-e16f-4140-bcd8-04db61789d19,osm,5.0,female,"Gold Coast, Australia",2025-12-07,Positivo,osm,0,33.33
f063de4a-5b9f-4897-a628-b90d051bfe05,Nice app,5.0,male,"Munich, Germany",2022-02-19,Positivo,nice app,0,64.95
c8083ad6-87c9-455e-a4bd-db2a796ec414,So far I am really enjoying this app,5.0,male,"Hanoi, Vietnam",2023-02-04,Positivo,so far i am really enjoying this app,2,82.29
7d78a486-d028-417f-bec6-e68991a1a9f7,It has a good interface and helps to connect with people.,5.0,male,"Lisbon, Portugal",2022-05-28,Positivo,it has a good interface and helps to connect with people,0,52.27
d30ceb79-8f16-43da-99f9-bc6ff86d4999,Very good 👍,5.0,male,"Abu Dhabi, United Arab Emirates",2022-10-16,Positivo,very good,0,72.21
e8e0084e-5a3c-438d-9761-6f63d8d99e5a,Well arranged by.the management. I like the ideology of creating a dating Apk of such character.,5.0,male,"Dublin, Ireland",2022-06-07,Positivo,well arranged bythe management i like the ideology of creating a dating apk of such character,0,87.32
1ba935af-5d04-44f9-aea2-cc8a2d85205a,"Met my husband on my first Hinge date, so it was a successful and short lived run for me 😂 I really liked the app in general, fun and easy to use. The prompts were entertaining and I like how you have to pick a specific thing to ""like"" instead of just general swiping left or right.",5.0,female,"Perth, Australia",2025-08-31,Positivo,met my husband on my first hinge date so it was a successful and short lived run for me i really liked the app in general fun and easy to use the prompts were entertaining and i like how you have to pick a specific thing to like instead of just general swiping left or right,2,96.47
35c98597-5756-4d8d-acba-29e4b8bcdc4a,"I like that it lets you filter by religion, which is a dealbreaker for me. Most other apps that I've tried make you pay for a premium version to do that, so this app stands out to me for providing that for free.",5.0,female,"Asunción, Paraguay",2025-03-01,Positivo,i like that it lets you filter by religion which is a dealbreaker for me most other apps that ive tried make you pay for a premium version to do that so this app stands out to me for providing that for free,1,58.14
65f6e406-085e-4364-ac61-6ab6aa7f617f,awesome 👌,5.0,male,"Geneva, Switzerland",2022-03-30,Positivo,awesome,1,66.47
839045a7-3bdd-4fa4-8e62-8b1452362564,not bad,5.0,male,"Nairobi, Kenya",2023-09-30,Positivo,not bad,2,65.76
2ff6927c-837d-483d-91d0-88ecbb009222,"The only app that works, honestly. Other apps you dont get to message anyone unless you match, but on hinge you leave a comment with what you liked about their profile, which gives you a way to express yourself to that individual—which is key! Other apps simply have you put pics and a bio, which only lets you express yourself so much...which is why it takes so long to match with someone elsewhere. I met the love of my life here within a week, and even matched with four others within that time ❤️",5.0,male,"Brussels, Belgium",2022-05-07,Positivo,the only app that works honestly other apps you dont get to message anyone unless you match but on hinge you leave a comment with what you liked about their profile which gives you a way to express yourself to that individualwhich is key other apps simply have you put pics and a bio which only lets you express yourself so muchwhich is why it takes so long to match with someone elsewhere i met the love of my life here within a week and even matched with four others within that time,1,98.46
cdbde294-32d5-4152-bf68-65bad6b1c701,"aside for having to pay for a premium account this all about the beautiful, handsome,sexy people that are genuine and original. This is an awesome app to just be yourself. thumbs up 👍👍👍👍👍",5.0,female,"Suva, Fiji",2025-12-25,Positivo,aside for having to pay for a premium account this all about the beautiful handsomesexy people that are genuine and original this is an awesome app to just be yourself thumbs up,0,57.62
cfabf6f7-ff88-43bf-bd49-e12bbbd574f6,I'm still new to Hinge and beginning to understand how it starts working a day or so after your profile is established. Then it's about being brave and messaging (not just liking) After 7 years that's a big thing too. But you have to engage somewhere and sometime. So far this feels safe and that's very important too.,5.0,male,"Kumasi, Ghana",2023-09-14,Positivo,im still new to hinge and beginning to understand how it starts working a day or so after your profile is established then its about being brave and messaging not just liking after 7 years thats a big thing too but you have to engage somewhere and sometime so far this feels safe and thats very important too,1,88.91
172c18b7-cd18-424d-9d36-8af08f2daf3b,"Best dating app I know! The prompts help add context and character to potential matches, and help you to quickly weed out people that don't match with you. A good friend and I both started using Hinge at the same time and found the loves of our lives within a few days (and we are both very picky). What helped was that we were both brutally honest in our prompts, which I think is necessary if you want something serious to one out of this. I am beyond grateful for what this app did for me. ❤️",5.0,male,"Vancouver, Canada",2024-08-03,Positivo,best dating app i know the prompts help add context and character to potential matches and help you to quickly weed out people that dont match with you a good friend and i both started using hinge at the same time and found the loves of our lives within a few days and we are both very picky what helped was that we were both brutally honest in our prompts which i think is necessary if you want something serious to one out of this i am beyond grateful for what this app did for me,2,98.46
1d423941-8606-4f39-b428-92b0b5428c2b,I wish there could be an option to give it more than 5 stars.,5.0,male,"Singapore, Singapore",2023-02-04,Positivo,i wish there could be an option to give it more than 5 stars,0,88.88
4e7721f0-b5bc-452b-a84c-b720c4bc5fc5,"Works great, dunno what's with the tech issues reported, I have had no problem ever since I started used this App. Running on Pixel 6. It's a Dating app similar like many other but the experience is far greater. Beyond 50+ match you can't see the counter anymore but fret not: life is savory and so is this App!",5.0,male,"Brussels, Belgium",2022-03-27,Positivo,works great dunno whats with the tech issues reported i have had no problem ever since i started used this app running on pixel 6 its a dating app similar like many other but the experience is far greater beyond 50 match you cant see the counter anymore but fret not life is savory and so is this app,1,63.87
88ad648c-43d3-4c79-a8b8-542c26c7bbce,Easy to use nice community,5.0,male,"Karachi, Pakistan",2022-11-21,Positivo,easy to use nice community,0,82.27
404c6b5d-4d38-4a0a-8e50-f9887132325e,"This is the best dating app there is. The platform is well designed and fun to use. You aren't forced into paying to play (you can for cool extra features). If the devs actually read this, can you add color to profiles for a small fee?",5.0,male,"Mumbai, India",2022-09-24,Positivo,this is the best dating app there is the platform is well designed and fun to use you arent forced into paying to play you can for cool extra features if the devs actually read this can you add color to profiles for a small fee,2,69.44
212d975d-6889-46d1-b558-245338ba9316,real place,5.0,male,"Calgary, Canada",2024-01-25,Positivo,real place,2,75.38
444ca3c9-e47f-458c-b839-a50ad2e9dff1,perfekt way to reach your Feeling to what you Like and easiest way to contact WHO you Like,5.0,male,"Tripoli, Libya",2023-08-23,Positivo,perfekt way to reach your feeling to what you like and easiest way to contact who you like,2,91.99
c232c46a-75ba-4f27-955b-c140fe569aea,very interesting,5.0,female,"San Jose, United States",2024-09-13,Positivo,very interesting,0,66.26
4ae01fb2-67eb-4fa9-9013-79f4245d7c6d,pay to play if you want to win but lots of fun regardless!,5.0,male,"Boston, United States",2024-07-31,Positivo,pay to play if you want to win but lots of fun regardless,2,89.59
f6b0b97f-3810-4e8d-a9af-7a6859c22db3,"I am so thankful for this app, I was able to meet the love of my life thanks to this app. I couldn't imagine a life without her beside me, so thank you hinge for that",5.0,male,"Abu Dhabi, United Arab Emirates",2023-04-08,Positivo,i am so thankful for this app i was able to meet the love of my life thanks to this app i couldnt imagine a life without her beside me so thank you hinge for that,1,92.6
137d0637-5775-4081-924e-5116fac0e0a1,Need to fix the Hinge+ sub ad for there is no $14.99/mo.,5.0,male,"Manila, Philippines",2022-10-06,Positivo,need to fix the hinge sub ad for there is no 1499mo,0,87.48
37d5b8ad-0771-4be5-9a31-32d7826a096d,The best decision of my life .... Can I send donation ?,5.0,male,"Tijuana, Mexico",2024-03-03,Positivo,the best decision of my life can i send donation,0,84.77
97667ed1-20ad-4d47-b49b-715d8e970095,"Honestly, it works. Depends on your location and Country. It deserves a 5 star so far.",5.0,male,"Los Angeles, United States",2024-03-11,Positivo,honestly it works depends on your location and country it deserves a 5 star so far,2,92.42
38dfa19f-1058-47cf-9c8d-c0640e665912,Really good. This app more geared towards those who make a connection via their personalities -- but recently it's super buggy and drops messages like crazy -- but it got better so I changed back to 5-stars.,5.0,female,"Adelaide, Australia",2025-11-07,Positivo,really good this app more geared towards those who make a connection via their personalities but recently its super buggy and drops messages like crazy but it got better so i changed back to 5stars,2,50.9
c274a70b-6b1c-4d48-9ad1-c8b82c25e32b,Found the love of my life on here. Highly recommend.,5.0,male,"Casablanca, Morocco",2023-09-19,Positivo,found the love of my life on here highly recommend,0,47.45
3f1d84d7-6bba-4967-a8f9-9f4f0c680eb6,It's been going well. I haven't met anyone but I'm in a meaningful talking stage with a lady we matched on Hinge.,5.0,female,"Washington DC, United States",2024-10-15,Positivo,its been going well i havent met anyone but im in a meaningful talking stage with a lady we matched on hinge,2,67.1
87617b82-e768-4896-901b-be33d34f4788,It's worked quite well for me. There seems to be a decent number of attractive women my age on this platform.,5.0,male,"Dublin, Ireland",2022-07-13,Positivo,its worked quite well for me there seems to be a decent number of attractive women my age on this platform,0,92.37
bd2ae5d7-13f2-4dd3-969b-ee18ea6f32df,"good quality matches, highly recommend it over tinder or hookup sites",5.0,male,"Chicago, United States",2024-07-31,Positivo,good quality matches highly recommend it over tinder or hookup sites,1,50.79
16b0f231-9dce-4746-9ea0-91c657ebcab5,Better than tinder and bumble,5.0,male,"Guangzhou, China",2022-10-23,Positivo,better than tinder and bumble,1,76.22
c1a9e3cc-23f1-4a93-b196-ce46af182031,"Not perfect but comparing to other dating apps, Hinge is definitely one of the best. There are not many fake profiles and most are active. I met my GF here after a couple of weeks.",5.0,female,"Montreal, Canada",2024-09-18,Positivo,not perfect but comparing to other dating apps hinge is definitely one of the best there are not many fake profiles and most are active i met my gf here after a couple of weeks,2,95.88
e3625329-c86b-4a80-a493-9c7311eb59d5,"Honestly it's the best dating app available. Seems like they actually care about trying to match people in the product that they offer. hinge is far and away the best user experience and the app that I've had the most success on, it's not hard to create an intriguing account that looks very nice. women seem to be far more responsive on this app then any others. Bots are very few and far between because of the necessary complexity of the profiles",5.0,female,"San Antonio, United States",2024-09-23,Positivo,honestly its the best dating app available seems like they actually care about trying to match people in the product that they offer hinge is far and away the best user experience and the app that ive had the most success on its not hard to create an intriguing account that looks very nice women seem to be far more responsive on this app then any others bots are very few and far between because of the necessary complexity of the profiles,2,63.34
5acca851-9375-421e-971e-81fda6659fe9,Good app.,5.0,female,"Santiago, Chile",2025-02-01,Positivo,good app,2,64.21
26474b8c-8d59-4d80-b899-7f3178a5e1b1,Very good,5.0,male,"Oslo, Norway",2022-07-23,Positivo,very good,0,72.19
9180e63b-1f8a-4204-9805-fbcd36205b1f,"For me, the best dating app The only problem is profil that are too far away from me. And the thing that we can't always see the city people living But the app is really great, I will consider paying because the app is great",5.0,female,"Auckland, New Zealand",2025-11-12,Positivo,for me the best dating app the only problem is profil that are too far away from me and the thing that we cant always see the city people living but the app is really great i will consider paying because the app is great,2,96.0
45a983a7-89b1-41c9-9b7c-9e25211c850a,loved the girl,5.0,male,"Seville, Spain",2022-06-29,Positivo,loved the girl,2,77.25
a3070400-23a3-40d5-99d8-b5eeb36856f6,I love this app,5.0,male,"Valencia, Spain",2022-09-02,Positivo,i love this app,0,66.01
5ddcfd4e-83e1-42b8-8b48-cc37745e433b,Why has my account been blocked i have sent an appeal but no use since 2 weeks...hinge should have a customer care number. i don't understand what do you next?,5.0,female,"Denver, United States",2024-09-14,Positivo,why has my account been blocked i have sent an appeal but no use since 2 weekshinge should have a customer care number i dont understand what do you next,0,94.95
051ba370-23c3-4565-b260-6a74ea5d4047,"met my current bf on there, and am in the best relationship ive ever been in. the layout is good and i like that it gives you the option to put your religion and levels of comfort with alcohol and drugs. its also very queer friendly. i think that there should be more then 6 photos allowed on a profile and i wish that the conversations did not get deleted after 2 weeks no textand it would be nice if we could send photos in messages, maybe with like a permission thing to prevent unsolicited nudes",5.0,male,"Phoenix, United States",2023-11-17,Positivo,met my current bf on there and am in the best relationship ive ever been in the layout is good and i like that it gives you the option to put your religion and levels of comfort with alcohol and drugs its also very queer friendly i think that there should be more then 6 photos allowed on a profile and i wish that the conversations did not get deleted after 2 weeks no textand it would be nice if we could send photos in messages maybe with like a permission thing to prevent unsolicited nudes,0,79.21
c5a17e12-eb70-4081-a0ef-1252e9a44c0a,Best dating app to date hands down. Great algorithm and format.,5.0,male,"San Jose, United States",2024-03-20,Positivo,best dating app to date hands down great algorithm and format,1,81.54
9a29a4c2-2914-4ebc-bfa2-2f66f18683c4,Great app.,5.0,female,"Sydney, Australia",2025-07-24,Positivo,great app,2,65.54
7442874f-cc19-43bc-907e-81d7adfedaf0,just wow,5.0,female,"Guayaquil, Ecuador",2025-03-21,Positivo,just wow,2,66.59
37881845-c506-4344-8318-57287b81c478,love it,5.0,male,"Tel Aviv, Israel",2023-01-20,Positivo,love it,0,66.01
84ccbaab-2333-498a-93da-836f953ccb57,Am new here,5.0,female,"Asunción, Paraguay",2025-03-24,Positivo,am new here,2,75.27
787e8787-325f-43c8-b7cc-198525bd96f5,"To get a true life partner at this century, is hard to fine, someone that can stay with you in all weather, bot good and hard times, he/she is there with you. God make me locate such person. In Jesus name AMEN.",5.0,female,"Adelaide, Australia",2025-11-11,Positivo,to get a true life partner at this century is hard to fine someone that can stay with you in all weather bot good and hard times heshe is there with you god make me locate such person in jesus name amen,0,96.3
08b8841d-428e-48d2-95a2-9c5c0e39085c,"Me and my wife met on this app nearly two years ago - now we've been married for exactly a month, and we couldn't imagine our lives otherwise. It turns out we had crossed paths many times but never properly met until I messaged her on Hinge. We wouldn't have found each other without it. Highly recommend for anyone looking for love. And as my first message said and still rings true today: ""I would rather spend one lifetime with you, then face all the ages of this world alone"" ❤️❤️",5.0,female,"Gold Coast, Australia",2025-12-23,Positivo,me and my wife met on this app nearly two years ago now weve been married for exactly a month and we couldnt imagine our lives otherwise it turns out we had crossed paths many times but never properly met until i messaged her on hinge we wouldnt have found each other without it highly recommend for anyone looking for love and as my first message said and still rings true today i would rather spend one lifetime with you then face all the ages of this world alone,0,98.42
759efe25-851a-43c6-928c-fd5a267205fd,actually matches you with the people that like you without charging you money,5.0,female,"Perth, Australia",2025-11-02,Positivo,actually matches you with the people that like you without charging you money,1,86.63
382c4c6b-a7d0-4dc2-8b36-5ee80959069c,"I'd been on a few years ago and had some luck, now it's looking good again. This app tops just about all other dating apps, to be honest. One of the only thing I wish they had done differently was for the Covid Vaccination answer, it says ""Not vaccinated yet"" and doesn't have an out right, ""No"" or ""Never getting one"" for those of us who disagree altogether. Weird choice of subtle propaganda right there, but it's good for talking and meeting good people. Many options for preferences! :)",5.0,male,"Riyadh, Saudi Arabia",2022-12-12,Positivo,id been on a few years ago and had some luck now its looking good again this app tops just about all other dating apps to be honest one of the only thing i wish they had done differently was for the covid vaccination answer it says not vaccinated yet and doesnt have an out right no or never getting one for those of us who disagree altogether weird choice of subtle propaganda right there but its good for talking and meeting good people many options for preferences,2,98.17
e8600e20-d41a-4732-ab4f-363aa29825bc,amazing 👏,5.0,male,"Guadalajara, Mexico",2024-06-11,Positivo,amazing,0,63.34
5727d7b1-5b9b-44ea-9f32-347f2320c6a9,Literally found the love of my life,5.0,male,"San Francisco, United States",2024-03-20,Positivo,literally found the love of my life,1,81.66
1f2c5c34-e14e-421d-9761-03115e981178,"The Tinder Killer. Does not compare to other apps. The layout, the functionality, the amount of quality conversation you can have. The app forces you to create a good profile. Just be yourself and have decent pic's.",5.0,female,"Perth, Australia",2025-09-11,Positivo,the tinder killer does not compare to other apps the layout the functionality the amount of quality conversation you can have the app forces you to create a good profile just be yourself and have decent pics,1,65.28
7b13ea3a-8202-4b2e-ab4f-4336ea844892,I'm still new to it,5.0,male,"Tripoli, Libya",2023-09-19,Positivo,im still new to it,2,68.93
cc6a32d2-e048-4c08-a24b-2dee7fb0d9b6,For a free account no complaints i liked the app. No one worth chasing but that could br said for all apps and modern choices. Thanks for the oppertunty to try it out. Decided to go my own way for life.,5.0,male,"Tunis, Tunisia",2023-08-21,Positivo,for a free account no complaints i liked the app no one worth chasing but that could br said for all apps and modern choices thanks for the oppertunty to try it out decided to go my own way for life,1,95.38
34796017-2546-4dad-9c87-09427784acc6,good,5.0,female,"Austin, United States",2024-08-13,Positivo,good,2,64.21
4cfacfcd-caa8-4048-b31d-385a2f7f9001,It fulfills the purpose.,5.0,male,"Abu Dhabi, United Arab Emirates",2022-12-14,Positivo,it fulfills the purpose,2,66.5
53e5c9d5-b463-4215-98a5-27e3142798c5,"Exactly what it says in the tin. Met a lovely girl matched just for me, and now I gotta delete the app. Thank you, Hinge!",5.0,male,"Singapore, Singapore",2022-11-06,Positivo,exactly what it says in the tin met a lovely girl matched just for me and now i gotta delete the app thank you hinge,2,93.11
d864ecfc-1bd1-418c-beb6-361d35ee75b8,Quite decent compared to other dating apps ☺️,5.0,male,"Amsterdam, Netherlands",2022-07-07,Positivo,quite decent compared to other dating apps,2,54.08
4dec6326-0ab6-4c36-bf2d-ad48e2b90857,Very nice app,5.0,male,"Hong Kong, China",2023-02-12,Positivo,very nice app,0,76.81
5300c870-2a53-4a0c-bf58-3bf638cb7060,Interesting crowd for sure,5.0,male,"Boston, United States",2023-12-07,Positivo,interesting crowd for sure,2,82.01
bc119d1b-88d9-4bdf-a37a-28512a45085b,"progressively moving to a more subscription based service, but this is still by far the best dating app in the business",5.0,male,"Shenzhen, China",2022-10-16,Positivo,progressively moving to a more subscription based service but this is still by far the best dating app in the business,2,92.43
94535135-d540-46f8-a1bf-6851e4e46f1e,I enjoyed the website abilities to understanding my preference an gadged to pic an choose the individual people that it knows that I' would be attracted to an knows who would likely enjoy me..it's freaky how correct it's forsight is it's like black mirror with the down side of knowing which people that are going to want my KOCHMEAT AN VICE VERSA WHICH LAST TIME I HAD THAT DOWN SIDE IT WAS EVERY BIT OF PLEASURE FROM MY KOCHMEAT INTO THE LIPS OF HIS ADMIRE LOL THX HINGE,5.0,female,"Caracas, Venezuela",2025-03-16,Positivo,i enjoyed the website abilities to understanding my preference an gadged to pic an choose the individual people that it knows that i would be attracted to an knows who would likely enjoy meits freaky how correct its forsight is its like black mirror with the down side of knowing which people that are going to want my kochmeat an vice versa which last time i had that down side it was every bit of pleasure from my kochmeat into the lips of his admire lol thx hinge,2,53.0
54d109e2-b912-4439-ae18-a249809253b8,More actual dates on this app rather than the usual chat and fizzle.,5.0,male,"Lyon, France",2022-03-01,Positivo,more actual dates on this app rather than the usual chat and fizzle,2,89.0
3ccf2b1b-8748-402a-9f7a-96c9568f5fe8,met my gf 10/10,5.0,male,"Taipei, Taiwan",2022-12-02,Positivo,met my gf 1010,2,75.94
81622974-4914-43ce-9c53-bd533d676c40,"Not even a single match, it's just waste of time",5.0,female,"Santa Cruz, Bolivia",2025-01-22,Positivo,not even a single match its just waste of time,1,87.39
e40eb62a-bd90-4ef4-adf8-eb99a0b86228,"P good, i like it more than most of the apps.",5.0,male,"Glasgow, United Kingdom",2022-03-04,Positivo,p good i like it more than most of the apps,2,83.19
c0403e46-5fad-4f66-9af6-6f8df86655f4,"I love the prompts, makes it real fun to send that first message to people",5.0,female,"Santa Cruz, Bolivia",2025-03-27,Positivo,i love the prompts makes it real fun to send that first message to people,2,76.94
8e9b96e6-2be2-434f-8462-2011950498c0,nice,5.0,male,"Abuja, Nigeria",2023-06-13,Positivo,nice,0,64.94
ef1204d7-dfd1-4417-8b2d-3121f18ead9a,What a way to cheat,5.0,male,"Los Angeles, United States",2024-07-30,Positivo,what a way to cheat,2,73.74
ce32dd1c-ec7b-498f-b2f3-581066db5074,great,5.0,male,"Rabat, Morocco",2023-09-20,Positivo,great,2,65.53
bc218bda-50a9-44c2-b0f5-87e4d340c8ca,Sir make it free... Its asks for money,5.0,female,"Boston, United States",2024-09-20,Positivo,sir make it free its asks for money,1,85.38
e679e0f4-d4e5-4c7c-9234-0fa41f1a12f2,"We found love, and very much in love. Thank God plus the creators of Hinge for creating this platform. This is real. Try it out :)",5.0,male,"Phoenix, United States",2024-06-20,Positivo,we found love and very much in love thank god plus the creators of hinge for creating this platform this is real try it out,0,86.46
835d1b86-8c34-4ed2-9da4-69a082b59910,"Met my love. Moving in this week. Took a while of looking. Just be honest, and the algorithm is really, really good. Guys, type real conversations and don't give up.",5.0,male,"Harare, Zimbabwe",2023-05-21,Positivo,met my love moving in this week took a while of looking just be honest and the algorithm is really really good guys type real conversations and dont give up,1,92.76
91ef950d-3723-40ab-93cd-51702e14f032,"Met someone very compatible, thanks to the app!",5.0,female,"Monterrey, Mexico",2024-08-22,Positivo,met someone very compatible thanks to the app,0,56.72
53d0c79a-8d5e-49f3-b004-aad3c0cce2bc,cool app,5.0,female,"Queenstown, New Zealand",2025-10-01,Positivo,cool app,2,66.61
3c59deec-8e5c-4737-bc29-fe3ca415cc47,Very good 👍,5.0,male,"Taipei, Taiwan",2022-12-27,Positivo,very good,0,72.2
36210f58-17ea-4a00-a9db-2ee36fbd84ea,nice application,5.0,male,"Kumasi, Ghana",2023-07-19,Positivo,nice application,1,70.08
5239da00-971b-4853-aae5-0bd955130f09,"does what it's supposed to do. if you get no matches, that's your fault",5.0,male,"Washington DC, United States",2024-04-03,Positivo,does what its supposed to do if you get no matches thats your fault,2,91.11
b181410f-99b3-4e4a-8bc8-ce633221938a,One of the best dating app..,5.0,female,"Perth, Australia",2025-12-28,Positivo,one of the best dating app,2,76.24
8219346d-f44e-4dd4-ad40-b0ac8d193818,awesome experience,5.0,female,"Guayaquil, Ecuador",2025-06-03,Positivo,awesome experience,1,51.37
81974e17-0123-413f-a357-cb9dc2caff34,it's a great platform to talk to like minded people..,5.0,female,"Melbourne, Australia",2025-06-09,Positivo,its a great platform to talk to like minded people,2,74.17
7c47c562-235e-470f-9f0e-efb223ffe44e,great app n all but can you guys add a dark mode feature please?,5.0,female,"Monterrey, Mexico",2024-08-15,Positivo,great app n all but can you guys add a dark mode feature please,1,91.59
eb5fb235-8bb9-428a-a6cf-21188c7a1296,Great app! Met the love of my life on it. We're now married! If I could give higher than 5 stars I would.,5.0,male,"Ottawa, Canada",2024-03-23,Positivo,great app met the love of my life on it were now married if i could give higher than 5 stars i would,0,83.11
172e06a2-d371-4fae-a1ad-a04533f86bd1,That's a good app,5.0,male,"Houston, United States",2024-06-03,Positivo,thats a good app,2,74.97
d0dd0b5b-6903-4455-9023-4900fc53a238,It's very good. I like the experience and highly recommend. You could actually build meaningful connections here.,5.0,female,"Canberra, Australia",2025-12-26,Positivo,its very good i like the experience and highly recommend you could actually build meaningful connections here,0,92.76
2f431b75-2bb1-4687-b3ce-bcc0aed20f62,I met my forever partner,5.0,male,"Casablanca, Morocco",2023-08-07,Positivo,i met my forever partner,2,82.33
99c0572f-c99a-447c-86aa-01c2ac93b10c,not as bad as I thought it would be,5.0,male,"Hanoi, Vietnam",2022-10-18,Positivo,not as bad as i thought it would be,2,47.78
4a8971ad-2bc9-4942-847d-bf41c6dec2cd,Good,5.0,male,"Washington DC, United States",2024-07-07,Positivo,good,2,64.2
45321923-d61c-47df-908a-5e6c2f713b2d,pretty dahm good,5.0,male,"Budapest, Hungary",2022-09-13,Positivo,pretty dahm good,2,71.69
6b00f43e-7f72-4198-b8a7-b985df647b10,More,5.0,male,"Washington DC, United States",2024-06-28,Positivo,more,2,61.8
7da1d2ae-ec41-475b-b763-53155cc03bc2,very good app,5.0,male,"Windhoek, Namibia",2023-09-21,Positivo,very good app,0,72.2
9a9e75fd-aa62-43f3-831b-3176a38f1d59,Best dating app so far. Better quality people and a lot easier to match with them. The profile set up makes it a lot easier to express who you are as a person.,5.0,male,"Edinburgh, United Kingdom",2022-04-24,Positivo,best dating app so far better quality people and a lot easier to match with them the profile set up makes it a lot easier to express who you are as a person,2,95.02
a61f9816-827e-4a9b-911c-8108be989dc5,The best dating app,5.0,male,"Casablanca, Morocco",2023-08-06,Positivo,the best dating app,2,64.81
ab8b2c0d-1f33-4695-bfea-b30486cb536e,"Probably the only app that's worth it if you're genuinely trying to meet someone and not swipe endlessly to flatter your ego. It's true there are some minor bugs, but I'll give it a full star rate in support for the idea and the good will behind the project. Cheers!",5.0,female,"La Paz, Bolivia",2025-03-29,Positivo,probably the only app thats worth it if youre genuinely trying to meet someone and not swipe endlessly to flatter your ego its true there are some minor bugs but ill give it a full star rate in support for the idea and the good will behind the project cheers,2,78.69
7874e8c8-5527-4afb-a867-3122e4faca5f,"When I first opened Hinge I knew it was going to be something special. The sheer amount of women to select from was astounding. The Computer Man who made this program should be given a medal, and his family honored. When I walked down the street the other day, an old couple sitting on a bench gave me a warm smile; they knew I was using Hinge and they knew it was simply the best application that Tim Apple could have ever created.",5.0,female,"Canberra, Australia",2025-12-22,Positivo,when i first opened hinge i knew it was going to be something special the sheer amount of women to select from was astounding the computer man who made this program should be given a medal and his family honored when i walked down the street the other day an old couple sitting on a bench gave me a warm smile they knew i was using hinge and they knew it was simply the best application that tim apple could have ever created,1,98.18
51bc1fdb-61b7-4124-abd2-69d04c4a5096,Good,5.0,male,"Quebec City, Canada",2024-07-05,Positivo,good,2,64.21
ce5fc729-f8d2-4895-857a-f243c8de2a2d,I have been able to meet great people on here thats life changing great app,5.0,male,"Calgary, Canada",2024-01-20,Positivo,i have been able to meet great people on here thats life changing great app,2,72.08
54ea8be3-3c7c-45c0-85ba-4edf0a6462ad,Great dating website!,5.0,male,"Cape Town, South Africa",2023-09-05,Positivo,great dating website,2,73.15
f5aa8d30-186c-4a05-9b4e-7f6c96c325e4,Great app,5.0,male,"Manila, Philippines",2022-11-08,Positivo,great app,2,65.54
fa3c7331-fa34-4a2c-96ec-5a484289a697,So far interesting,5.0,female,"Mexico City, Mexico",2024-09-05,Positivo,so far interesting,2,76.05
12626077-151b-441f-8a68-5ff6a9331c44,"Never seen so many beautiful women on one app, but it's also the highest. Cost",5.0,male,"Abuja, Nigeria",2023-04-30,Positivo,never seen so many beautiful women on one app but its also the highest cost,0,91.17
0f0c12cf-8c49-4a26-a4b6-a6b3d18a28ad,Has the best interface and more interactive than just a swipe!,5.0,male,"Washington DC, United States",2023-11-05,Positivo,has the best interface and more interactive than just a swipe,0,87.55
70b9949d-e847-4150-935d-4daafdff0e1f,"A good app that allows you to send likes and chat without hassles about paying money to read, receive or send chats",5.0,female,"San Jose, United States",2024-11-05,Positivo,a good app that allows you to send likes and chat without hassles about paying money to read receive or send chats,1,70.64
3cc10885-7a72-4149-b221-a391ef1a07d3,Better than Tinder,5.0,male,"Pretoria, South Africa",2023-05-06,Positivo,better than tinder,1,77.48
08f9b041-96f8-48c7-b998-23ec88dbfef6,love it!),5.0,male,"Kampala, Uganda",2023-06-27,Positivo,love it,0,66.01
42dba710-614e-4286-a90e-1d64dd81f0f5,I really like this app it seems pretty good I wonder if I'm the right person. but I met a couple of nice guy,5.0,male,"Kumasi, Ghana",2023-06-30,Positivo,i really like this app it seems pretty good i wonder if im the right person but i met a couple of nice guy,2,71.6
efb9b76b-2d92-48f3-a9ba-17ac0db681cc,"Hands down the best dating app. I average about a date a week. Sure, there are fake profiles like all apps. But I feel like the quality of real matches far surpasses any other app. Just my two cents!",5.0,male,"Rabat, Morocco",2023-07-16,Positivo,hands down the best dating app i average about a date a week sure there are fake profiles like all apps but i feel like the quality of real matches far surpasses any other app just my two cents,2,96.08
958fcbe3-a5b4-4ba1-8bad-b71bdfbdb0a4,Hinge is the #1 dating app,5.0,male,"Austin, United States",2024-02-27,Positivo,hinge is the 1 dating app,1,74.9
eebf6a18-b242-4ad8-998b-6ee4b2115041,They finally improved. A bit restrictive for free version but mostly real profiles and I actually got a date.,5.0,male,"Houston, United States",2024-02-18,Positivo,they finally improved a bit restrictive for free version but mostly real profiles and i actually got a date,1,92.71
af7e4cbb-3d5a-417f-b41c-4694c2dd0d66,"I was in love as soon as I saw their motto, ""designed to be deleted,"" unlike tinder I've had for 10 years. I like how there are so mommy prompts and you can send a like and a message without matching. the reciever still has the option to not match so brilliant. bravo hinge!!!",5.0,male,"Dublin, Ireland",2022-06-23,Positivo,i was in love as soon as i saw their motto designed to be deleted unlike tinder ive had for 10 years i like how there are so mommy prompts and you can send a like and a message without matching the reciever still has the option to not match so brilliant bravo hinge,0,63.43
dc45afc5-6e70-49be-b4dd-56417d0c656b,good,5.0,male,"Berlin, Germany",2022-05-22,Positivo,good,2,64.2
b0390747-0ec8-4610-90b0-c64002e49207,if it's job was to make me feel insecure. Mission Complete! 5/5,5.0,male,"Casablanca, Morocco",2023-07-11,Positivo,if its job was to make me feel insecure mission complete 55,0,60.92
0f6fddc7-3e03-42aa-b643-8d177a9f7cdd,"Call it fate or happenstance, but thanks to this app, I have truly met someone worth building a future with. And just like the ads say, it's now time to delete it, but for a good reason 😁",5.0,female,"Gold Coast, Australia",2025-07-28,Positivo,call it fate or happenstance but thanks to this app i have truly met someone worth building a future with and just like the ads say its now time to delete it but for a good reason,0,94.81
8ce43436-44e7-4f41-ae2d-8d5ed699b8ef,intuitive and guides you in the right direction by conversation prompts and keeping pics clean. Has a good list of potentials. I only wish it remembered my sexual preference to disregard that which I am not attracted,5.0,male,"Los Angeles, United States",2023-12-19,Positivo,intuitive and guides you in the right direction by conversation prompts and keeping pics clean has a good list of potentials i only wish it remembered my sexual preference to disregard that which i am not attracted,0,94.11
6f99bc27-fc52-47c4-940a-1e75f816ee06,sweet,5.0,female,"Dallas, United States",2024-11-07,Positivo,sweet,0,66.62
58935295-7565-40c2-a321-64f233ef9612,Great app for dating sensible people. 👌,5.0,male,"Chicago, United States",2024-03-13,Positivo,great app for dating sensible people,2,82.73
a87ed316-e841-43cb-8472-9e7ab577e850,respectful members is what I like about Hinge,5.0,male,"Lisbon, Portugal",2022-05-29,Positivo,respectful members is what i like about hinge,0,51.74
9afdcd41-f9e0-41ec-bbf3-02105cdce128,Great app. Wish I could access it on my PC.,5.0,female,"Tijuana, Mexico",2024-11-06,Positivo,great app wish i could access it on my pc,2,62.22
8e7de004-0c78-4aa5-bd22-72d0f6953b22,Best futures and security love this app,5.0,female,"Vancouver, Canada",2024-09-16,Positivo,best futures and security love this app,0,76.9
26d49600-6d8f-401d-8726-c402d040722d,"So far so good, haven't met anyone as yet. But promising.",5.0,female,"Adelaide, Australia",2025-10-07,Positivo,so far so good havent met anyone as yet but promising,2,48.84
2c25496f-3d29-41b6-aadf-ec9d01bb9217,Shukriya aapka ❤️,5.0,male,"Cairo, Egypt",2023-08-11,Positivo,shukriya aapka,0,33.33
7d714bf4-0023-4f18-80af-286de233b83e,😘👌 all the other apps can get in the sea,5.0,female,"Cali, Colombia",2025-03-06,Positivo,all the other apps can get in the sea,1,88.11
05dd8e84-396a-4195-bce8-bc473712fdb8,I met the love of my life on Hinge. Hinge is the app that's meant to be deleted. The ads are all true!,5.0,female,"Christchurch, New Zealand",2025-06-12,Positivo,i met the love of my life on hinge hinge is the app thats meant to be deleted the ads are all true,0,91.6
5d918e2b-f4b6-48a1-8254-1b9f7d29fef2,Awesome,5.0,female,"Sydney, Australia",2025-12-09,Positivo,awesome,1,66.47
7193d077-46c4-4fd2-80f6-6cee2239b475,I have no complaints,5.0,female,"Rio de Janeiro, Brazil",2025-01-08,Positivo,i have no complaints,1,66.39
42ceb638-757b-41a8-ad17-f14a2b4d6e43,Hinge is an amazing app to meet new people. When two people match they can talk to each other.,5.0,female,"Brasília, Brazil",2025-03-12,Positivo,hinge is an amazing app to meet new people when two people match they can talk to each other,2,93.36
23403669-6bad-4572-b097-9407c82e6831,Good stuff,5.0,male,"Vancouver, Canada",2024-03-21,Positivo,good stuff,2,76.34
2badf5ff-836d-4ce6-9a23-1d8ce105894e,"Meet someone, having too much fun",5.0,female,"Asunción, Paraguay",2025-05-29,Positivo,meet someone having too much fun,2,87.84
467a272c-c795-4080-aee6-975e03d07cb4,Good app for single humans.,5.0,male,"Washington DC, United States",2023-11-25,Positivo,good app for single humans,2,81.57
89b8f8fc-018d-41f9-8924-15f61dbb7646,best hai ye,5.0,male,"Abuja, Nigeria",2023-06-23,Positivo,best hai ye,0,77.12
8139993e-602d-4239-a3b2-869ff03eeec6,Good,5.0,male,"Austin, United States",2024-03-11,Positivo,good,2,64.21
03b3cfaf-14ec-4a82-afa9-7ffe8568d18d,very nice,5.0,male,"Kuala Lumpur, Malaysia",2022-12-08,Positivo,very nice,0,76.81
caad0e64-42ba-4ff5-92e5-bef614bf5bd6,"Although looking for love, I have made friends",5.0,female,"Houston, United States",2024-11-05,Positivo,although looking for love i have made friends,1,79.57
177e1341-028a-49d9-9cdf-e9a50f8f926a,Fun-filled,5.0,male,"Jerusalem, Israel",2022-09-25,Positivo,funfilled,0,33.33
601ebbcd-896b-4217-9d1a-5358306b5a63,Cool,5.0,female,"Quito, Ecuador",2025-04-10,Positivo,cool,2,66.61
ab3acc62-f861-40c3-bbd2-aea9b98306e1,Wunderful app,5.0,male,"San Diego, United States",2023-11-13,Positivo,wunderful app,0,33.33
f43942dc-e4b6-431a-97b7-74e4b1ba1272,90% of my matches are from this app,5.0,male,"Boston, United States",2023-12-04,Positivo,90 of my matches are from this app,2,72.23
007f5c4f-7dcc-4abb-acbb-32a9bc6db3a7,Very good app 👌 helped me find an amazing person 😊,5.0,female,"Nadi, Fiji",2025-09-22,Positivo,very good app helped me find an amazing person,2,87.94
ecdc0221-57f3-4ac8-8bd1-3c10b6996b06,Great experience good profile recommendations based on compatibility,5.0,female,"Wellington, New Zealand",2025-08-24,Positivo,great experience good profile recommendations based on compatibility,2,57.22
086c2ee9-6a64-4acf-9e1c-55d23d8450ef,I found her!!!,5.0,male,"San Francisco, United States",2024-03-03,Positivo,i found her,2,75.38
89596eff-3bd5-46c5-8ae4-b80782486dc9,"I met my wife off of Hinge and we've been married for three years now. Thanks for the help, fellas ❤️",5.0,female,"Rio de Janeiro, Brazil",2024-12-24,Positivo,i met my wife off of hinge and weve been married for three years now thanks for the help fellas,0,91.89
a4ac845a-78ae-4d77-a96a-eeea2ef79d72,Way better than grindr. Just gotta get people to respond.,5.0,male,"Budapest, Hungary",2022-07-30,Positivo,way better than grindr just gotta get people to respond,2,80.99
a213d30d-f9ae-4df0-a253-c4bdcc81348e,seems very well organized but expensive and auto renew no fixed length subscription available,5.0,male,"Phoenix, United States",2024-06-25,Positivo,seems very well organized but expensive and auto renew no fixed length subscription available,2,93.32
dc0973ae-ac8b-4929-87db-75efc10dbcbc,I think it's a wonderful app I also think that they should expand a little bit more for people who are heavy and looking for someone that's heavier and people who are for instance looking for a different ethnicity by Asian Russian whatever I see that it has it on there but it's not specific if the person likes a heavy Asian person or if the person whatever may be I just find it's kind of limited but otherwise otherwise on that I think it's very good I would suggested to anybody I like the set up,5.0,female,"Salvador, Brazil",2024-12-13,Positivo,i think its a wonderful app i also think that they should expand a little bit more for people who are heavy and looking for someone thats heavier and people who are for instance looking for a different ethnicity by asian russian whatever i see that it has it on there but its not specific if the person likes a heavy asian person or if the person whatever may be i just find its kind of limited but otherwise otherwise on that i think its very good i would suggested to anybody i like the set up,0,61.67
d9cf3c3d-0d81-43fd-9e6a-65912b23ee1a,"I'm new to the dating world and have downloaded about 5 different apps. Hinge is by far my favorite and the only one I havent deleted my profile in or set it to inactive. somehow hinge just feels different, more mature, no pressure. it's a very comfortable app to use. I also love that you don't have to pay to see your likes. I would hope that if anyone has success on here that they would donate to the app. I know I will",5.0,male,"Kathmandu, Nepal",2023-01-30,Positivo,im new to the dating world and have downloaded about 5 different apps hinge is by far my favorite and the only one i havent deleted my profile in or set it to inactive somehow hinge just feels different more mature no pressure its a very comfortable app to use i also love that you dont have to pay to see your likes i would hope that if anyone has success on here that they would donate to the app i know i will,0,81.67
567cfc34-26cf-465d-9158-3f65cfd70d83,Best dating app on the market as of now!,5.0,male,"Windhoek, Namibia",2023-06-21,Positivo,best dating app on the market as of now,2,76.07
294ddebd-c201-42d6-84fa-977a43f2aee3,I am digging it.,5.0,male,"Milan, Italy",2022-08-29,Positivo,i am digging it,2,66.56
f2126f1e-1e3b-4dff-adb5-ef757f3bcf34,So far I have absolutely no likes and I've been on here for a few days now. Do I have to pay in order for people to see me or what? Still giving this a 5-star rating because I love you all,5.0,female,"Arequipa, Peru",2025-04-13,Positivo,so far i have absolutely no likes and ive been on here for a few days now do i have to pay in order for people to see me or what still giving this a 5star rating because i love you all,2,55.3
4f9be79d-981a-459a-9419-6d0b0db1b26f,Noice,5.0,male,"Paris, France",2022-08-17,Positivo,noice,0,33.33
b771661c-d969-479e-97f9-239623d6716f,10/10 met the love of my life on this app. The smartest most beautiful woman I could ever hope to match with. Glad to say I deleted hinge and I'll never install again.,5.0,female,"Melbourne, Australia",2025-06-20,Positivo,1010 met the love of my life on this app the smartest most beautiful woman i could ever hope to match with glad to say i deleted hinge and ill never install again,0,95.68
a57f02b0-eb2e-4bcf-b32e-7f33f03a266d,Probably one of the most straightforward apps out of all the usual suspects when it comes to apps.,5.0,male,"San Diego, United States",2024-03-08,Positivo,probably one of the most straightforward apps out of all the usual suspects when it comes to apps,0,92.5
2483d692-1e66-45bc-90a1-886efb47fd84,I think it's a good dating app but people are more on tinder and similar apps. Hinge can improve upon more user friendly for better popularity,5.0,female,"Christchurch, New Zealand",2025-11-02,Positivo,i think its a good dating app but people are more on tinder and similar apps hinge can improve upon more user friendly for better popularity,1,93.92
9a4b1176-2626-46e1-9000-674dabea4018,it's the best of the of the apps to get responding people who truly are interested in dating,5.0,male,"Valencia, Spain",2022-07-25,Positivo,its the best of the of the apps to get responding people who truly are interested in dating,0,89.91
ee0e0e5e-b2f5-469b-acf2-853ba5187d57,I have a really good experience with it. It's easy to use and really helpful to get to know someone just based on basic info. Would definitely recommend I like it even more than bumble!,5.0,female,"Hobart, Australia",2025-09-14,Positivo,i have a really good experience with it its easy to use and really helpful to get to know someone just based on basic info would definitely recommend i like it even more than bumble,1,95.65
e4c57eba-a41c-4fb6-85b9-723036cecb3e,Great platform to meet new people.,5.0,male,"Tripoli, Libya",2023-09-08,Positivo,great platform to meet new people,2,67.34
9c4dc775-7356-474f-a7dc-504c3c3da7e9,Found my long term girlfriend through hinge.,5.0,male,"Shanghai, China",2023-01-26,Positivo,found my long term girlfriend through hinge,0,86.6
94f2be55-9ffd-4f76-9eb5-bef476f7aee6,Good way to meet new people!,5.0,female,"San Diego, United States",2024-09-06,Positivo,good way to meet new people,2,86.05
6afaa699-e2e7-45c3-ae14-84bf4c5cbe81,beautiful app,5.0,female,"Quebec City, Canada",2024-09-22,Positivo,beautiful app,0,65.96
418ee69f-a9cd-4cff-b10a-92f01c774f44,TOO MANY HOT PEOPLE!,5.0,male,"Algiers, Algeria",2023-07-10,Positivo,too many hot people,2,50.43
2b49e18e-188c-4e34-9ab3-0e717a86f07f,Love love love the voice feature. Such an up-leveled experience.,5.0,male,"San Antonio, United States",2024-06-28,Positivo,love love love the voice feature such an upleveled experience,0,91.35
e58b77f6-726c-45b4-9ed9-28d94d59a73b,"Met my fiance my 2nd day on Hinge! We've been together over a year, and it has been wonderful. I'm definitely an outlier from other stories I've heard, but if you're intentional and honest, Hinge is a great app to find your spouse. Good luck! 🙏",5.0,male,"Lagos, Nigeria",2023-10-26,Positivo,met my fiance my 2nd day on hinge weve been together over a year and it has been wonderful im definitely an outlier from other stories ive heard but if youre intentional and honest hinge is a great app to find your spouse good luck,1,72.5
d234f814-8f34-46a1-9204-d1c7d402e9f6,still trying it,5.0,male,"San Jose, United States",2023-12-09,Positivo,still trying it,1,76.14
f5df1d13-0810-443a-a3f1-8daa543312d2,I met my soulmate on hinge. 10/10,5.0,female,"Port Moresby, Papua New Guinea",2025-07-22,Positivo,i met my soulmate on hinge 1010,2,84.93
37328cb7-0f9b-497a-93c3-5daf6baf1494,Met my wife on this app. She was a super match and we've been super matched ever since.,5.0,male,"New York, United States",2024-03-29,Positivo,met my wife on this app she was a super match and weve been super matched ever since,0,93.26
a6d99027-739a-4bcb-8bcf-bef86fc85f65,This is app has made an unbelievable change in my life. Words would fall short if I were to describe how life-changing this application has been for me. Best dating app that you can find on the playstore,5.0,female,"Houston, United States",2024-08-19,Positivo,this is app has made an unbelievable change in my life words would fall short if i were to describe how lifechanging this application has been for me best dating app that you can find on the playstore,1,68.61
a582fdb9-7ff9-4c9f-9dc1-17e1ec9677a2,Pretty good app I think they do a good job of weeding out the fake profiles,5.0,male,"Tunis, Tunisia",2023-06-19,Positivo,pretty good app i think they do a good job of weeding out the fake profiles,2,89.41
eaee2625-19ca-4c61-9ae3-61e1f653032f,pretty good,5.0,female,"Auckland, New Zealand",2025-12-02,Positivo,pretty good,2,63.28
9231b0a1-b6da-454e-866b-f2151282cb0c,Love this app very interesting,5.0,female,"Salvador, Brazil",2025-02-13,Positivo,love this app very interesting,0,77.45
74df377c-2ee7-453e-a474-087f31df1549,I've tried a few dating sites but the sun seems to definitely have the easiest way of doing things.,5.0,female,"Santa Cruz, Bolivia",2025-04-28,Positivo,ive tried a few dating sites but the sun seems to definitely have the easiest way of doing things,2,92.54
9db5904b-f640-49c6-a83b-91347a4fa642,better than the other dating apps,5.0,male,"Mumbai, India",2022-12-13,Positivo,better than the other dating apps,1,78.74
d82b4dfd-66f6-48ac-b39d-efec54af0a08,"love the whole setup, one of the best app so far for me",5.0,male,"Jeddah, Saudi Arabia",2022-10-23,Positivo,love the whole setup one of the best app so far for me,0,88.2
77dc2b47-ca8e-43d6-bc89-27ac4a645e21,Great,5.0,female,"Auckland, New Zealand",2025-10-23,Positivo,great,2,65.54
14bb6f35-cd8a-4c2f-a76f-a0cd582c7672,Definetly a step above other apps,5.0,male,"Cape Town, South Africa",2023-09-16,Positivo,definetly a step above other apps,1,77.26
ad69c08a-62ae-42f6-8931-1d0708b1cc5e,Nice,5.0,male,"Seoul, South Korea",2022-12-23,Positivo,nice,0,64.94
2134c5da-07e7-4d83-9f98-de34f5c6235d,Best dating app I've ever been on so far,5.0,male,"Hong Kong, China",2022-10-24,Positivo,best dating app ive ever been on so far,2,85.87
941a27c7-b5c1-4bc7-8851-22f666a5003c,some cool women liking my profile conversing with me already. bigup hinge,5.0,male,"Chicago, United States",2024-06-13,Positivo,some cool women liking my profile conversing with me already bigup hinge,1,48.74
1a3d59f3-1b30-4d9a-a007-f6255b224482,Met yer da,5.0,male,"Philadelphia, United States",2024-07-02,Positivo,met yer da,2,63.62
0beb2ce0-702e-48bc-8a8b-dade3c1b4ea4,I love it. it's a wonderful app,5.0,male,"Bangalore, India",2022-12-14,Positivo,i love it its a wonderful app,0,76.94
efdb1a4a-14b1-4cfd-ab8d-5c6bf1443660,"Well Hinge does what it says it does, & I deleted the app, & found the most amazing, wonderful woman. Is there flaws with the app, yes. I found my share of scammers & thirst trap accounts, but where on other apps the people making it seem to not care one way or the other, there are measures to keep the app the way they intended it to be. I'm not saying the results are instant, I was on since 2017, but if you're ready, give it a go.",5.0,male,"Addis Ababa, Ethiopia",2023-10-26,Positivo,well hinge does what it says it does i deleted the app found the most amazing wonderful woman is there flaws with the app yes i found my share of scammers thirst trap accounts but where on other apps the people making it seem to not care one way or the other there are measures to keep the app the way they intended it to be im not saying the results are instant i was on since 2017 but if youre ready give it a go,2,45.4
9450abd8-c0e9-4bb2-957a-5cc6bd48d2ab,good,5.0,male,"Mexico City, Mexico",2024-07-04,Positivo,good,2,64.22
6d6117a5-49eb-444e-b383-4141cce19bad,Easy to navigate. I'm new here.,5.0,male,"Brussels, Belgium",2022-04-17,Positivo,easy to navigate im new here,2,82.32
2c8d4844-bd91-4c78-847b-2988119248c6,App that really works,5.0,female,"Lima, Peru",2025-04-25,Positivo,app that really works,2,74.77
b1132687-6155-4676-b88d-0c9bad354f9c,it's the best interactive app I've used in a while. Love it,5.0,male,"Rabat, Morocco",2023-09-10,Positivo,its the best interactive app ive used in a while love it,0,87.87
7fc573cc-f7c0-4987-862c-04337e9f34e3,gd app,5.0,male,"Tunis, Tunisia",2023-09-28,Positivo,gd app,0,33.33
2e5c647c-8dc4-4680-ab33-dbe2e9d2c0aa,works...,5.0,male,"Berlin, Germany",2022-05-25,Positivo,works,2,64.77
9f7bc33a-098a-418a-b691-627694a17672,"The only dating app that isnt absolute pure garbage or infested with 90% crypto catfishers. I dont know how they did it but almost every match is an actual real person, and usually pretty wholesome good folks too. I think the main reason may be the fact that you can write a short message as you send a like, adding some personality to it, and the receiver can read and choose to respond which equals a match. More natural way to ""meet"". No artificial limits, no paywalls. Dont ruin this.",5.0,male,"Lahore, Pakistan",2022-11-20,Positivo,the only dating app that isnt absolute pure garbage or infested with 90 crypto catfishers i dont know how they did it but almost every match is an actual real person and usually pretty wholesome good folks too i think the main reason may be the fact that you can write a short message as you send a like adding some personality to it and the receiver can read and choose to respond which equals a match more natural way to meet no artificial limits no paywalls dont ruin this,1,98.2
dc2edb25-3590-4a27-8f95-6bce02f5f7ab,I got some really good experience,5.0,male,"Ottawa, Canada",2024-07-09,Positivo,i got some really good experience,0,50.61
ca345def-477e-44e5-8d22-67b3cf1827f6,deeno davino,5.0,male,"Bangalore, India",2022-12-16,Positivo,deeno davino,0,33.33
78aefb59-c8c1-487b-aad0-b7d325e3e229,For me it looks unfair that this app has a low rate. For me works stable and let me meet interesting girls.,5.0,male,"Tokyo, Japan",2022-11-10,Positivo,for me it looks unfair that this app has a low rate for me works stable and let me meet interesting girls,2,92.35
84518549-ce2e-4352-996f-6e8e0024a9fb,tell you what....this app is freaking amazing ❤️,5.0,male,"Dakar, Senegal",2023-06-07,Positivo,tell you whatthis app is freaking amazing,0,76.69
e365d473-2aa8-4b69-8b0f-6e651468f8b9,"Perfect app I was a hit wonder with the ladies, I guess my advantage was my accent but app is still a 5star",5.0,male,"Abuja, Nigeria",2023-10-22,Positivo,perfect app i was a hit wonder with the ladies i guess my advantage was my accent but app is still a 5star,1,92.32
417f7237-663f-4db4-aa10-9efe3e2ebcdd,good,5.0,male,"Addis Ababa, Ethiopia",2023-09-27,Positivo,good,2,64.22
b7b5952c-aa0a-4f34-9325-75d52f399a66,I really like the format better than the other dating apps.,5.0,male,"Dakar, Senegal",2023-06-27,Positivo,i really like the format better than the other dating apps,1,87.23
b3d6a0e0-4e38-4eae-990c-b6b5d50cb810,So far everyone appears to be real and you can't hate that! This one is a little different.,5.0,female,"Quito, Ecuador",2025-01-09,Positivo,so far everyone appears to be real and you cant hate that this one is a little different,1,58.81
ede07cd7-6a0b-4ff3-9654-1244fa5aa52c,nice,5.0,female,"Gold Coast, Australia",2025-10-09,Positivo,nice,0,64.93
6454c54f-32c2-4477-bd19-c73f68755532,Does exactly what it's supposed to do. Bestt,5.0,female,"Suva, Fiji",2025-10-10,Positivo,does exactly what its supposed to do bestt,2,81.68
f9ea0ecd-b485-4087-b80e-8c930a638332,"26 y/o male. Incredible app, doesn't make me feel like an object (tinder). Does make it easy to talk to people - prompts. Have met people irl from this app and they are sound 👍",5.0,female,"Auckland, New Zealand",2025-09-18,Positivo,26 yo male incredible app doesnt make me feel like an object tinder does make it easy to talk to people prompts have met people irl from this app and they are sound,2,69.91
d883a09e-8e7b-4055-a13e-5d7d88075195,hinge is for real,5.0,male,"Denver, United States",2024-04-12,Positivo,hinge is for real,1,74.85
b3f00a5a-1d4c-4658-a13e-511298dd8b37,I got engaged to a guy I met on this app. Thank you 😊,5.0,male,"Bangkok, Thailand",2023-01-28,Positivo,i got engaged to a guy i met on this app thank you,0,87.55
23f7e6c0-02d7-4ef3-90cd-b60fe3f87e65,would be better if we were allotted unlimited likes a day,5.0,female,"Queenstown, New Zealand",2025-10-27,Positivo,would be better if we were allotted unlimited likes a day,0,63.73
d51b30ca-5259-4b25-a658-a391d0f357a5,Its algorithm takes a while to figure out your type but once it does its spot on!,5.0,male,"Tel Aviv, Israel",2022-12-28,Positivo,its algorithm takes a while to figure out your type but once it does its spot on,1,92.05
a2eb3da9-5450-4fdc-9a8b-926272906e28,works,5.0,male,"Addis Ababa, Ethiopia",2023-09-23,Positivo,works,2,64.77
0422e5a9-1b0a-44b1-bd2b-434cf08426f4,"Dating for serious, actually nice to use",5.0,male,"Mombasa, Kenya",2023-08-29,Positivo,dating for serious actually nice to use,1,86.92
79e9b65b-91d0-4901-bcb8-a77db84f8a23,effective app! good job guys,5.0,male,"Toronto, Canada",2024-04-26,Positivo,effective app good job guys,0,66.23
23434cbf-abff-48fd-94e1-af28b8a36f77,I didn't get likes because in my country basically 0 people even use tinder BUT it is the best dating app i have ever seen,5.0,male,"Hong Kong, China",2023-02-03,Positivo,i didnt get likes because in my country basically 0 people even use tinder but it is the best dating app i have ever seen,1,94.1
5b5e5e14-2063-4bd3-8461-76833f710862,"This app is one of the few apps that forces you to read, and consider the other person. This isn't really a hook-up app. It's far more.",5.0,female,"Rosario, Argentina",2025-01-17,Positivo,this app is one of the few apps that forces you to read and consider the other person this isnt really a hookup app its far more,1,60.01
5af2c883-1d79-40a4-a1e2-f493af31e145,I like how this works. Better than tinder.,5.0,female,"Suva, Fiji",2025-07-07,Positivo,i like how this works better than tinder,1,84.9
eb919360-578a-4bd4-83f8-46275caf64b5,I have used this app for while be patient with it eventually you may be blessed as I am I found my mate through this site .... A real one hundred percent person of my equal and vise versa thank you hinge,5.0,male,"Philadelphia, United States",2024-08-02,Positivo,i have used this app for while be patient with it eventually you may be blessed as i am i found my mate through this site a real one hundred percent person of my equal and vise versa thank you hinge,1,95.87
37160dda-9f3c-427f-aee7-19454711884c,Love that it is a quality free app. Met my boyfriend on here and a lot of cool people. Better than a lot of other apps for conversations and leaving the talking stage.,5.0,male,"Chicago, United States",2023-12-02,Positivo,love that it is a quality free app met my boyfriend on here and a lot of cool people better than a lot of other apps for conversations and leaving the talking stage,2,51.21
e47f4677-34b1-4a80-bb20-ad131c2efdfc,if you dont want to spend all your money this app is nice you can use the app without paying and still get matches,5.0,female,"Wellington, New Zealand",2025-10-16,Positivo,if you dont want to spend all your money this app is nice you can use the app without paying and still get matches,1,80.63
47b720b2-35a8-4e8a-84f5-e3df5f0c4616,Fantastic app. Hinge does a great job of weeding out the fake/spam user accounts.,5.0,female,"Christchurch, New Zealand",2025-12-03,Positivo,fantastic app hinge does a great job of weeding out the fakespam user accounts,2,92.29
84eac9bf-3d27-4bc5-8c36-93cd81d65150,I have tried many dating apps and this one is the best to find serious people. It let you see who liked you. Limit a reasonable amount of likes per day (quality over quantity). It has great prompts to help you introduce yourself and help start a conversation with. It also let you know specifically what details in your profile that the others liked you for. It makes finding quality matches really easy. I have had most quality dates from this app and have found my long-term boyfriend here.,5.0,male,"Hanoi, Vietnam",2022-12-04,Positivo,i have tried many dating apps and this one is the best to find serious people it let you see who liked you limit a reasonable amount of likes per day quality over quantity it has great prompts to help you introduce yourself and help start a conversation with it also let you know specifically what details in your profile that the others liked you for it makes finding quality matches really easy i have had most quality dates from this app and have found my longterm boyfriend here,2,80.33
57a23890-5070-455d-b8b9-a0353e5bdfa6,"it's really awesome and easy to use, will gladly recommend it.",5.0,female,"Santiago, Chile",2025-01-06,Positivo,its really awesome and easy to use will gladly recommend it,1,70.29
133fcbd9-084f-4448-8412-f4e56e535be0,"So far I'm meeting really mature, grounded, intentional individuals. I love it!",5.0,male,"San Antonio, United States",2024-04-10,Positivo,so far im meeting really mature grounded intentional individuals i love it,0,49.55
4ca4b721-dc46-45e4-8382-2e80fd3cc703,"10/10 Found the best girl on the planet, definitely the best dating app",5.0,male,"Delhi, India",2022-09-16,Positivo,1010 found the best girl on the planet definitely the best dating app,2,89.37
6a9ffa37-6a1e-47ea-914e-f304ea4ab635,I really like how generous they are with allowing you to send messages before you match with someone. Gives you more opportunity to make a good impression and get a match,5.0,female,"Cali, Colombia",2025-06-02,Positivo,i really like how generous they are with allowing you to send messages before you match with someone gives you more opportunity to make a good impression and get a match,1,95.2
82e2375e-986f-42c1-acbc-f0a78d7252ea,1st monthly trial will you update,5.0,female,"Christchurch, New Zealand",2025-10-24,Positivo,1st monthly trial will you update,2,88.14
db58c3ac-0a29-4ad4-9ebd-d9a65de8aa88,Worked great! I met someone through Hinge and if something goes wrong I'm coming right back here and reinstalling the app.,5.0,male,"Dallas, United States",2024-03-13,Positivo,worked great i met someone through hinge and if something goes wrong im coming right back here and reinstalling the app,1,68.57
84ea1620-880b-4944-977a-36a2c5915edc,nice,5.0,male,"San Diego, United States",2024-04-13,Positivo,nice,0,64.94
4dc9f2ee-2fc2-4529-a3e6-bc10356a8ea6,Thank you Hinge for providing me with the best boyfriend someone could get . I don't have words to express how blessed I feel to have him in my life . Thank you Hinge Team ❤️❤️,5.0,male,"San Francisco, United States",2024-03-18,Positivo,thank you hinge for providing me with the best boyfriend someone could get i dont have words to express how blessed i feel to have him in my life thank you hinge team,0,95.11
85ec3531-5327-45b2-aa94-1dbafc6de702,Extremely Authentic and the best dating App,5.0,male,"Jacksonville, United States",2024-05-25,Positivo,extremely authentic and the best dating app,2,77.2
1238de0f-4ceb-45c1-815c-3c2d13aeb8a5,Great app,5.0,female,"Suva, Fiji",2025-12-25,Positivo,great app,2,65.54
8cbf8591-8641-43a1-81cf-381887024510,Love it 😀,5.0,female,"Guayaquil, Ecuador",2024-12-18,Positivo,love it,0,66.01
fe779617-8633-477a-bad2-35d838342da5,I just rejoined after a long pause. I'm excited about this app!,5.0,male,"New York, United States",2023-12-09,Positivo,i just rejoined after a long pause im excited about this app,1,85.09
e0b26208-5bc6-45d2-b742-eafaeba74a00,let's see,5.0,male,"Casablanca, Morocco",2023-08-12,Positivo,lets see,1,76.95
01b0799b-fef7-4da5-8cde-d8731932cec6,Good app. Nice to have so many prompts and pics and you can interact with the chat. Not glitchy,5.0,female,"Christchurch, New Zealand",2025-08-09,Positivo,good app nice to have so many prompts and pics and you can interact with the chat not glitchy,0,92.13
40022bd5-5aa4-447b-b4fe-cf5829a84ccb,Fantastic app. Very very impressed,5.0,male,"Cape Town, South Africa",2023-04-24,Positivo,fantastic app very very impressed,0,82.68
17e29e95-d895-4683-b544-c6a4b5880a69,nice application 👍,5.0,male,"Phoenix, United States",2024-01-02,Positivo,nice application,1,70.07
4590cee9-be07-4f7e-8876-b4c76cb8dbca,Pretty Cool,5.0,male,"Toronto, Canada",2023-11-07,Positivo,pretty cool,2,74.99
af2135c6-1b2d-425f-91ff-736ae6e380b6,Really good!,5.0,male,"Lyon, France",2022-07-19,Positivo,really good,2,75.0
61d95b01-2826-4399-92c6-228499897421,cool!,5.0,male,"Dubai, United Arab Emirates",2022-11-01,Positivo,cool,2,66.61
9d4d1839-ac9a-4a12-ad93-785008736f18,Good,5.0,male,"Valencia, Spain",2022-03-16,Positivo,good,2,64.21
9e818ca8-a802-4a14-a85c-10e41ff5ab52,"slow, but it feels nicer to use than other dating apps. I've met a couple of great people, and even though it didn't work out and we broke up, I still enjoy their company",5.0,male,"Jeddah, Saudi Arabia",2022-10-24,Positivo,slow but it feels nicer to use than other dating apps ive met a couple of great people and even though it didnt work out and we broke up i still enjoy their company,2,95.8
7b361dd8-a47b-48bf-98d3-51324c5434bb,"Didn't expect much since dating apps are so fun *insert sarcasm here*. Was pleasantly surprised! The flow of matches was good, I liked the voice features and layout of the profiles. Nice conversations and dates followed. I was so lucky and met the most amazingly authentic and caring man. I now only have eyes for him and our beautiful connection so now so the app is uninstalled. (I will add one downfall was there did seem to be a lot of bots, never give out your contact info till you've met)",5.0,male,"Manila, Philippines",2022-11-25,Positivo,didnt expect much since dating apps are so fun insert sarcasm here was pleasantly surprised the flow of matches was good i liked the voice features and layout of the profiles nice conversations and dates followed i was so lucky and met the most amazingly authentic and caring man i now only have eyes for him and our beautiful connection so now so the app is uninstalled i will add one downfall was there did seem to be a lot of bots never give out your contact info till youve met,2,98.57
48fcda3d-bc6d-4b7e-a356-eb892ce3ad4f,Werkt goed! Geen idee wat het maximale aantal likes is though,5.0,male,"Munich, Germany",2022-08-19,Positivo,werkt goed geen idee wat het maximale aantal likes is though,1,82.68
7b7fa64f-a8d0-4826-bbc8-39b88f3439c1,good layout,5.0,male,"Harare, Zimbabwe",2023-04-28,Positivo,good layout,0,73.01
6b972219-d659-48ef-bbb1-a8453b7c42d8,This is incredible 🤩🤩,5.0,male,"Singapore, Singapore",2022-11-09,Positivo,this is incredible,0,66.42
cabc7740-1bd9-41ea-a29f-a53bbe262f5b,Great user interface,5.0,female,"Nadi, Fiji",2025-12-01,Positivo,great user interface,2,81.27
de9a4f0e-8248-474d-ad53-0a1bac7e416d,Thanks Hinge for everything. I believe I found my future wife. 💍,5.0,male,"Lisbon, Portugal",2022-03-04,Positivo,thanks hinge for everything i believe i found my future wife,2,89.77
b46e0570-f2f5-430c-bbfa-9ac14a088269,it works,5.0,female,"Ottawa, Canada",2024-09-13,Positivo,it works,2,64.78
ec5f14a8-c59f-4c04-a686-0d2b026acfa9,"This was a nice app with an intuitive interface. It did take a little bit, but I did end up finding my partner on here. 10/10 would recommend. It definitely does its job well, and I'm very glad to be deleting it now that I've found my person.",5.0,female,"Cali, Colombia",2025-03-30,Positivo,this was a nice app with an intuitive interface it did take a little bit but i did end up finding my partner on here 1010 would recommend it definitely does its job well and im very glad to be deleting it now that ive found my person,2,49.76
d4586acc-2853-40d2-ae01-c4da3145eb1a,Had a proper naughty time on this bad boy #experiencedsausagecritic,5.0,male,"Philadelphia, United States",2024-01-07,Positivo,had a proper naughty time on this bad boy experiencedsausagecritic,2,88.32
7452f9ba-a175-4479-8106-068e28df990b,"This is the app where the men talk (chat), and actually go on a date 🌹",5.0,male,"Tijuana, Mexico",2023-12-22,Positivo,this is the app where the men talk chat and actually go on a date,2,89.55
bacafb3c-eacd-4948-bb54-a59a3c0ff774,Great app I met a guy on here we did date but it didn't work out and then I met one of my guy friends on here one of my favorite dating apps I recommend it,5.0,male,"Paris, France",2022-07-11,Positivo,great app i met a guy on here we did date but it didnt work out and then i met one of my guy friends on here one of my favorite dating apps i recommend it,2,64.56
b6d77aa3-31e0-494f-841a-01c5d3d69c65,I love the features and creativity of this app. It's very easy to navigate.,5.0,male,"Amsterdam, Netherlands",2022-05-23,Positivo,i love the features and creativity of this app its very easy to navigate,0,56.16
fe3b40b3-807a-43c0-86af-df4846e0d420,Best dating app! Can message FOR FREE!,5.0,male,"Kumasi, Ghana",2023-08-26,Positivo,best dating app can message for free,1,85.18
62c1a573-5c33-4b6a-9708-8ab2579391ad,"i love the setting,easy to navigate through",5.0,male,"Seattle, United States",2024-04-22,Positivo,i love the settingeasy to navigate through,0,81.01
c9f56af6-a158-4ec2-b0b9-b80030b0d407,"It is a decent app, and I found a great relationship through it, but if you want the best experience you need to use payed subscription. I do recommend Hinge though.",5.0,female,"Melbourne, Australia",2025-06-27,Positivo,it is a decent app and i found a great relationship through it but if you want the best experience you need to use payed subscription i do recommend hinge though,1,87.87
eb00795b-d5d1-4c93-9a31-c67c9fd2f103,narrow things down. ask tough questions to eliminate and save your time,5.0,male,"Jacksonville, United States",2024-04-03,Positivo,narrow things down ask tough questions to eliminate and save your time,0,90.87
9e4811a9-aae7-4cca-9834-b1d0f9d66cc6,I almost wanted to give some a one-star review so that other people don't get on this app and still all my new friends and I'm trying to make but this new app is amazing it's better than tinder cuz it's not like a sex thing and I like the way the profiles are set up it's so much fun I love it and they got all five of my stars the one thing I don't like is that you have to pay for roses if I got maybe like 10 for free on the first day I will be happy but I only got one and I have to wait 3 days,5.0,female,"Canberra, Australia",2025-06-14,Positivo,i almost wanted to give some a onestar review so that other people dont get on this app and still all my new friends and im trying to make but this new app is amazing its better than tinder cuz its not like a sex thing and i like the way the profiles are set up its so much fun i love it and they got all five of my stars the one thing i dont like is that you have to pay for roses if i got maybe like 10 for free on the first day i will be happy but i only got one and i have to wait 3 days,2,48.01
c86470e1-0ba1-406e-a63d-13075cc64a18,"Hinge is simply amazing. I've never had any problems with the app & there seems to be a never ending supply of absolutely gorgeous single women in my area who are eager to date & they're all on Hinge. To the people who created & run this app, I mean it from the bottom of my heart when I say thank you so very much. I appreciate you all!",5.0,male,"Lagos, Nigeria",2023-10-24,Positivo,hinge is simply amazing ive never had any problems with the app there seems to be a never ending supply of absolutely gorgeous single women in my area who are eager to date theyre all on hinge to the people who created run this app i mean it from the bottom of my heart when i say thank you so very much i appreciate you all,0,87.92
b443c0f6-268e-4ca6-9a48-6de658f3b931,"This app has a really beautiful design. You must like something specific on someone's profile, which acts as a good ice breaker and filters out those that do not pay attention to your profile.",5.0,male,"Tokyo, Japan",2022-12-11,Positivo,this app has a really beautiful design you must like something specific on someones profile which acts as a good ice breaker and filters out those that do not pay attention to your profile,0,87.46
f6cc1fc8-f145-4b1a-b113-a003d24bf2b4,"The match ratio here is so much higher comparing to Tinder or Bumble. I've never suffered from having too many matches, and now I doooo 🥲",5.0,female,"Lima, Peru",2025-04-13,Positivo,the match ratio here is so much higher comparing to tinder or bumble ive never suffered from having too many matches and now i doooo,2,94.09
5c848698-8aa9-4935-8f05-3243ec1a878c,great dating app,5.0,female,"Auckland, New Zealand",2025-12-26,Positivo,great dating app,1,50.89
c652f1fb-eec8-401d-b932-bac18eebe2cc,"awesome configuration. never used a dating site where I actually feel like I get a ""sense"" of the people you want to meet",5.0,male,"Lusaka, Zambia",2023-08-24,Positivo,awesome configuration never used a dating site where i actually feel like i get a sense of the people you want to meet,1,94.66
8dfba0be-3618-4e7e-96ee-1df21e7ec0de,In my opinion this is the best dating app. Because it's pretty easy to use and fairly priced. I met a woman on here about 9 months ago - been dating her ever since. The only thing I do not like about the app - is sometimes the filters did not work ( might be fixed).....,5.0,male,"San Antonio, United States",2024-03-02,Positivo,in my opinion this is the best dating app because its pretty easy to use and fairly priced i met a woman on here about 9 months ago been dating her ever since the only thing i do not like about the app is sometimes the filters did not work might be fixed,2,50.29
7505bfec-8c71-44ca-855f-a9eb883c757d,This is the best dating app I have ever used.,5.0,male,"Bangalore, India",2023-01-19,Positivo,this is the best dating app i have ever used,1,74.6
8850593a-4286-4188-a9d1-88db21792697,"The first dating app i've found that isn't actively trying to drive me insane. Non-intrusive and well planned features are everywhere in this app. I can't state how well this app does above the rest in terms of applying a structure to accelerate the effectiveness of online dating! If you want a dating app that isn't overwhelming, try this one. The ONLY thing I would say about this app is that the subscription doesn't seem too enticing! Too costly for too little.",5.0,male,"San Jose, United States",2024-04-19,Positivo,the first dating app ive found that isnt actively trying to drive me insane nonintrusive and well planned features are everywhere in this app i cant state how well this app does above the rest in terms of applying a structure to accelerate the effectiveness of online dating if you want a dating app that isnt overwhelming try this one the only thing i would say about this app is that the subscription doesnt seem too enticing too costly for too little,1,97.81
eb391301-8c08-4629-b521-7e63795f967a,great,5.0,male,"Washington DC, United States",2024-06-25,Positivo,great,2,65.54
11391161-f5fb-4216-8f9f-4d870f617942,This is the best dating app 💗 Comment features is the best,5.0,female,"Los Angeles, United States",2024-08-12,Positivo,this is the best dating app comment features is the best,2,83.38
a0f51e6c-e742-4842-add4-ab2dd398fa5b,Great,5.0,female,"Perth, Australia",2025-11-04,Positivo,great,2,65.54
3bc051ea-f049-4964-8381-f9cae154519c,"So far, so good. I have been on this app for a week. I really feel connected.",5.0,female,"Córdoba, Argentina",2024-12-12,Positivo,so far so good i have been on this app for a week i really feel connected,2,90.98
d455fffe-8af2-45b0-8fa4-971a213d06d4,"In my opinion the best dating app. I have tried tinder, Badoo, Facebook dating, and bumble and I found the most success with hinge and it's where I met my current s/o. The ability to make a comment along with your like really helps with setting yourself apart and showing the potential match just a bit of your personality. Roses serving as super likes that you actually get to send free periodically are also really nice.",5.0,male,"Dubai, United Arab Emirates",2023-03-08,Positivo,in my opinion the best dating app i have tried tinder badoo facebook dating and bumble and i found the most success with hinge and its where i met my current so the ability to make a comment along with your like really helps with setting yourself apart and showing the potential match just a bit of your personality roses serving as super likes that you actually get to send free periodically are also really nice,1,98.15
3f27a7a2-8939-4494-ad7e-d7e1a901b66a,Good. Not to many scammers here,5.0,male,"Munich, Germany",2022-06-13,Positivo,good not to many scammers here,2,85.84
36f4388b-5235-4613-b9f0-d7a25d4f0c80,"after less than 3 days, my favorite dating app I've ever used. I'm a bit on the deeper side and this app really hit the sweet spot for that. good job guys ❤",5.0,female,"Rio de Janeiro, Brazil",2025-03-29,Positivo,after less than 3 days my favorite dating app ive ever used im a bit on the deeper side and this app really hit the sweet spot for that good job guys,0,54.24
549349f9-2f3e-435b-b8dc-21f53ca9c0c0,app,5.0,male,"Helsinki, Finland",2022-06-06,Positivo,app,0,33.33
fccfb544-c8c5-46d4-8250-3284db767825,Really good app that is easy to use and has a good layout and colour scheme. I was able to use this app with ease and is much more pleasant than other dating apps. It doesn't crash and it allows users to place detailed information which is helpful to the viewer. Definitely one of the best apps I have had the opportunity to use. You don't have to be a paid member to access the app or search but only if you wanted to boost your profile and to have extra features.,5.0,female,"Canberra, Australia",2025-11-23,Positivo,really good app that is easy to use and has a good layout and colour scheme i was able to use this app with ease and is much more pleasant than other dating apps it doesnt crash and it allows users to place detailed information which is helpful to the viewer definitely one of the best apps i have had the opportunity to use you dont have to be a paid member to access the app or search but only if you wanted to boost your profile and to have extra features,1,56.59
6f51c623-34c3-45c2-9f6d-2985ec4207d2,A dating app that at least permits you to send a message together with your like. As opposed to a simple swipe.,5.0,male,"Cancun, Mexico",2024-05-11,Positivo,a dating app that at least permits you to send a message together with your like as opposed to a simple swipe,2,80.78
629b28f2-d389-4569-87ad-1dd6ab9c68fd,"thank you for designing a good gui, as I feel good while using the app, at least good enough for a 5 star ui.",5.0,male,"Krakow, Poland",2022-07-05,Positivo,thank you for designing a good gui as i feel good while using the app at least good enough for a 5 star ui,2,77.12
b6f20f77-a635-40b0-aeae-5005e1dee023,It's Funky Time 😎❤,5.0,male,"Marrakesh, Morocco",2023-08-07,Positivo,its funky time,0,58.5
e50e46e3-e09d-49d7-8f34-d228ce7c305b,just joined will change if I need too,5.0,male,"Dallas, United States",2024-05-18,Positivo,just joined will change if i need too,0,79.89
96ee2bb0-818c-4396-b2e1-abf21cc6f53c,good dating app and it's free,5.0,male,"Valencia, Spain",2022-04-01,Positivo,good dating app and its free,1,66.87
7636939f-0471-484b-9431-4016dfe87ec3,I love this apps,5.0,male,"Washington DC, United States",2024-07-11,Positivo,i love this apps,0,75.49
b9d3203f-973a-4258-9b8e-83d31d0c524c,"Not bad free, pretty good when paid for.",5.0,male,"Kathmandu, Nepal",2022-10-20,Positivo,not bad free pretty good when paid for,1,82.64
1539ddee-7a69-46f4-a5d2-8901c71ba4e1,This app is way better than any other app I've seen so far!!,5.0,male,"Doha, Qatar",2022-12-25,Positivo,this app is way better than any other app ive seen so far,2,80.8
d29406ed-225b-4407-9172-cb2ddadaa4bc,Fantastic..Best site year to date!,5.0,female,"La Paz, Bolivia",2025-05-22,Positivo,fantasticbest site year to date,1,81.34
ce3a904e-34d6-4459-9da9-d82883b44db8,Great app,5.0,male,"Warsaw, Poland",2022-05-06,Positivo,great app,2,65.53
f61ab7aa-3226-4906-a3de-812bd6dc4c1e,"I've used most of the popular dating sites, and it's probably coincidental, but this app is the only one where I got a match that actually led to an in person date, who I'm still dating and very in love with 8 months later. So it's earned 5 stars in my book. Make of that what you will.",5.0,male,"Madrid, Spain",2022-07-21,Positivo,ive used most of the popular dating sites and its probably coincidental but this app is the only one where i got a match that actually led to an in person date who im still dating and very in love with 8 months later so its earned 5 stars in my book make of that what you will,0,74.35
487e779b-3015-43ac-9762-fe0befa70a5f,very gud,5.0,male,"San Diego, United States",2024-04-16,Positivo,very gud,0,65.15
64286bd9-b795-4876-8cc8-5dd4f6585de9,Great *,5.0,female,"Córdoba, Argentina",2025-01-05,Positivo,great,2,65.54
2048043f-92cf-4de9-839f-e6f2d884aff2,Interested,5.0,male,"Quebec City, Canada",2024-01-02,Positivo,interested,0,63.46
a19d1435-44b3-40e3-8959-a0740f0d9d35,"I just started today, and So Far So Good! I've already had a few ""Likes."" We'll see how it turns out! ... since I'm just gonna see what comes my way without searching.",5.0,male,"Dakar, Senegal",2023-06-25,Positivo,i just started today and so far so good ive already had a few likes well see how it turns out since im just gonna see what comes my way without searching,2,96.14
c6a3a07b-369e-4f98-b5f1-b542dc80b4de,its good and good group of ppl on it juat have to buy the paid memberships. nothing good is free.,5.0,female,"São Paulo, Brazil",2025-03-30,Positivo,its good and good group of ppl on it juat have to buy the paid memberships nothing good is free,0,68.41
db3d429a-7d41-4bc3-af37-0d25cb46ddd3,I love how you are compelled to say more in your profile so you are not just looking at someone's pictures without interesting tidbits about themselves.,5.0,male,"Marseille, France",2022-07-23,Positivo,i love how you are compelled to say more in your profile so you are not just looking at someones pictures without interesting tidbits about themselves,1,92.12
cd2c7b6f-58d7-40c7-a383-6752f271d74b,Found my partner on dar,5.0,male,"Mombasa, Kenya",2023-08-02,Positivo,found my partner on dar,2,76.59
c8b9ce5c-70cb-4de6-9ce1-120f7f2dde2a,Don't blame the app for people not liking you. It worked for me,5.0,female,"Montevideo, Uruguay",2025-03-17,Positivo,dont blame the app for people not liking you it worked for me,2,85.15
b8d68656-7460-41bc-986b-9e394267328a,i met the love of my life on here 10/10 wont use again,5.0,male,"Calgary, Canada",2024-04-29,Positivo,i met the love of my life on here 1010 wont use again,0,59.75
90466d3f-b9d7-4f79-8e2a-07f55da74f46,Awesome,5.0,male,"Quebec City, Canada",2024-05-19,Positivo,awesome,1,66.47
c04c43e5-b912-44f2-8c09-087bb3b8559c,Awesome,5.0,male,"Lisbon, Portugal",2022-05-06,Positivo,awesome,1,66.47
92bbccb0-57ae-426c-8354-5c6d13fcff91,"The app has bugs but the overall product is the best - good people, plus, you know, actual words being used as a default means fewer idiots - and more human experiences per interaction. I know, right?",5.0,male,"San Diego, United States",2024-01-08,Positivo,the app has bugs but the overall product is the best good people plus you know actual words being used as a default means fewer idiots and more human experiences per interaction i know right,1,96.64
159b2355-076c-4e35-9fb5-6faf6f79fabf,Pretty good platform,5.0,female,"Queenstown, New Zealand",2025-09-17,Positivo,pretty good platform,0,47.8
f2519e9c-4cd8-4466-88bc-ca844bcc0850,"Nope, WHY DO YOU ALL OF YOU ACT THE SAME ON EVERY DATING APP EVEN ON THE CHRISTIAN ""THE CLEAN"" VERSION... DICKSON PICTURES ALL OVER THE PLACE, NO RESPECT, I CAN'T COMPREHEND. WHY WOULD YOU GO FROM THIS APP TO OTHERS??!! IT'S LIKE YOU THINK PEOPLE WOULD CHANGE FROM APP TO APP WHAT THE FU?MK you get it.. I get it.. we all get it.. yall need to have have moderators on this app idgaf. And when people ask for their number they should be blocked immediately.. from their ip address ( lol)",5.0,female,"Salvador, Brazil",2025-01-25,Positivo,nope why do you all of you act the same on every dating app even on the christian the clean version dickson pictures all over the place no respect i cant comprehend why would you go from this app to others its like you think people would change from app to app what the fumk you get it i get it we all get it yall need to have have moderators on this app idgaf and when people ask for their number they should be blocked immediately from their ip address lol,0,52.87
8c8bf151-04da-4bd4-b4f6-c9367c492a9d,"This is legit the best dating app I've used... After having a series of low matches from every other app including tinder bubble aisle and boo, this one gives way more matches in a day.",5.0,male,"Calgary, Canada",2024-07-08,Positivo,this is legit the best dating app ive used after having a series of low matches from every other app including tinder bubble aisle and boo this one gives way more matches in a day,1,66.35
9760a63e-f4db-4543-b32d-854f3a25128a,"Thank you so much bruh, i love you 😭😩",5.0,male,"Barcelona, Spain",2022-03-23,Positivo,thank you so much bruh i love you,0,85.81
98ebcd2c-0070-4c7b-a94a-22f65df0785c,Better than most dating apps.,5.0,male,"Karachi, Pakistan",2022-12-30,Positivo,better than most dating apps,1,46.4
c1b3e069-54a5-4ceb-b2b2-4b618696c2ee,"I am starting to believe that no matter what, dating apps will have problems. However, I think I might have found the one......and am in complete disbelief how much we click together.",5.0,male,"Oslo, Norway",2022-06-30,Positivo,i am starting to believe that no matter what dating apps will have problems however i think i might have found the oneand am in complete disbelief how much we click together,2,50.39
c6a3957f-72ae-47b7-a9f0-01f7d3567e12,so fun,5.0,female,"Caracas, Venezuela",2025-05-14,Positivo,so fun,2,66.55
942e3e01-82e5-4886-9fd8-ec9e20ad164a,Got my d....,5.0,female,"Melbourne, Australia",2025-09-07,Positivo,got my d,0,62.87
b03e6c5b-85ac-482b-9fbc-ab573df0fd6c,Great app.,5.0,male,"Athens, Greece",2022-03-26,Positivo,great app,2,65.53
1c44d527-731a-48c3-9d59-dcead4f879ef,I don't understand why people are giving 1star .. Damm loosers in life can't grow up. Great app i am into my life thanks to hinge developers. 🥰,5.0,male,"Jerusalem, Israel",2022-12-26,Positivo,i dont understand why people are giving 1star damm loosers in life cant grow up great app i am into my life thanks to hinge developers,1,50.05
804bbd39-da34-49df-8ed5-9ac1f0126bfa,Met my future.,5.0,female,"Ottawa, Canada",2024-08-13,Positivo,met my future,2,76.75
89f43c1a-d451-454a-9096-a76786739faf,Met my wife here! Amazing,5.0,male,"San Francisco, United States",2024-07-03,Positivo,met my wife here amazing,0,82.24
93c9bc26-520d-47e3-a7f1-9c45f4a51a3c,it's good,5.0,male,"Tijuana, Mexico",2024-06-19,Positivo,its good,2,64.21
80746117-0e7c-4692-b4c0-a2eb495d7478,"Best dating app out there, way more interactive",5.0,female,"Montevideo, Uruguay",2025-01-29,Positivo,best dating app out there way more interactive,2,88.09
7acbac9d-a092-489d-b3cd-3de1477d10d2,nice and beautiful,5.0,male,"Busan, South Korea",2022-10-15,Positivo,nice and beautiful,0,77.04
6287bcf3-dc23-451f-9bf9-93411fffbcf2,cool so far 😎,5.0,female,"Nadi, Fiji",2025-06-25,Positivo,cool so far,2,77.3
37d083d2-7686-4c16-a1ab-abb54cf541c4,Good app - wished you had Orthodox as a religion type though to be more inclusive,5.0,male,"San Diego, United States",2024-07-26,Positivo,good app wished you had orthodox as a religion type though to be more inclusive,0,88.52
d8a2b426-89cd-4d0d-b0b5-38c8dbdfda90,honestly best dating app,5.0,female,"Queenstown, New Zealand",2025-09-09,Positivo,honestly best dating app,2,72.39
10796cfe-a4a9-4a39-9fd4-055e451d7165,"My girlfriend commented ""v nice interface "" here, we met on hinge Would not recommend",5.0,female,"Brisbane, Australia",2025-07-10,Positivo,my girlfriend commented v nice interface here we met on hinge would not recommend,0,91.85
16d26520-1d5a-4446-953b-aa999bae6362,V nice interface,5.0,male,"Frankfurt, Germany",2022-03-21,Positivo,v nice interface,0,76.16
7cc0aae4-4e3d-4241-aa24-a3d4b35d72bb,it's easy to understand and very straightforward.,5.0,male,"Guadalajara, Mexico",2024-06-09,Positivo,its easy to understand and very straightforward,0,85.1
4aeb467c-ecf5-4d4e-bb8e-cce68f2bddb1,so far no fake people on here like every other dating app in the universe...,5.0,male,"Casablanca, Morocco",2023-05-02,Positivo,so far no fake people on here like every other dating app in the universe,1,51.35
4cab27e1-4587-42ef-a30a-7b98fbfef65c,This was great experience .,5.0,male,"Bangalore, India",2022-11-26,Positivo,this was great experience,2,78.91
3aaad652-02ba-45ba-b43c-9efb3994eee0,so far so good,5.0,male,"Berlin, Germany",2022-04-04,Positivo,so far so good,2,76.52
d0a4499d-9d49-402f-89d9-efaaf6dd3b61,Met 2 nice ladies.,5.0,female,"Cali, Colombia",2025-01-16,Positivo,met 2 nice ladies,0,80.49
09a30bfe-c8e9-42d4-8164-a4b26a86e9b1,so much better than bumble,5.0,female,"Santiago, Chile",2025-02-09,Positivo,so much better than bumble,1,77.65
7b3ccbf8-cf1a-4d01-817f-7d22ce54fee3,good app,5.0,male,"Stockholm, Sweden",2022-06-25,Positivo,good app,2,64.2
48370e09-131b-45b4-9176-b2bcffabe613,Best dating app,5.0,male,"Phoenix, United States",2024-05-12,Positivo,best dating app,2,64.82
0ca0a403-a0d9-4275-8b3b-0e0c35ed4087,"Best dating app on the market and I've experienced a lot of them. Real profiles, lots of legit matches, no ridiculous ads or upsale techniques, didn't even ask me to rate the app, felt the need to do so myself.",5.0,female,"Santiago, Chile",2024-12-26,Positivo,best dating app on the market and ive experienced a lot of them real profiles lots of legit matches no ridiculous ads or upsale techniques didnt even ask me to rate the app felt the need to do so myself,2,95.55
c08408c1-8305-463f-bc35-e122762e882f,Will always be grateful to this app ❤️,5.0,male,"Montreal, Canada",2024-06-30,Positivo,will always be grateful to this app,2,82.34
e1fcf1fe-568e-4571-ad90-b2eec6d7f959,"unlike other apps, you really get a match in this one.",5.0,male,"Abu Dhabi, United Arab Emirates",2023-03-16,Positivo,unlike other apps you really get a match in this one,1,89.35
7a5ba3d2-20fc-4766-8a19-733329f34aae,I met my amazing girlfriend on Hinge. We connected quickly and effectively and it was all in all a very positive experience. Definitely can recommend.,5.0,male,"Ottawa, Canada",2024-06-12,Positivo,i met my amazing girlfriend on hinge we connected quickly and effectively and it was all in all a very positive experience definitely can recommend,0,94.52
f5e2eb57-53f9-40ee-b785-604fae6d3531,Up the hinge!,5.0,male,"San Antonio, United States",2023-12-17,Positivo,up the hinge,0,60.17
1ac91993-67a2-4242-88cb-1c746ca30ce5,hell yeah,5.0,male,"Hamburg, Germany",2022-04-06,Positivo,hell yeah,1,77.71
9455acb9-beee-4707-a3b6-014e5f28dd6c,The more I think about it hinge is the best dating app. I find the most meaningful matches. If I could say anything I would like hinge to require you write a message before you send a like. Maybe a time limit on matches like a week or a month so they just don't sit in limbo because you can't decide on a reply. Maybe like a notification on old matches you haven't messaged in months like reignite the spark or let them know you're not interested.,5.0,male,"Munich, Germany",2022-08-05,Positivo,the more i think about it hinge is the best dating app i find the most meaningful matches if i could say anything i would like hinge to require you write a message before you send a like maybe a time limit on matches like a week or a month so they just dont sit in limbo because you cant decide on a reply maybe like a notification on old matches you havent messaged in months like reignite the spark or let them know youre not interested,2,91.94
35073d77-a1f1-45f7-914d-b8727bfa86b1,Great,5.0,male,"Windhoek, Namibia",2023-07-20,Positivo,great,2,65.54
68c82ff7-9d12-4767-a241-d5b5edf85788,Great,5.0,female,"Valparaíso, Chile",2025-02-02,Positivo,great,2,65.53
eabcb634-7bf1-451c-85b8-c46c71271d38,You can do a lot for free... i still haven't paid nothing and Im having fun! Its a very enjoyable app... if they add speed dating like bumble it may be the best one!,5.0,male,"Mexico City, Mexico",2024-07-13,Positivo,you can do a lot for free i still havent paid nothing and im having fun its a very enjoyable app if they add speed dating like bumble it may be the best one,1,58.78
5b5cd4d5-3814-4639-bb9f-640b59290fc5,Great dating app to meet quality girls.,5.0,male,"Stockholm, Sweden",2022-04-30,Positivo,great dating app to meet quality girls,2,86.36
818eeba9-741d-45db-b5d2-f3e82300ca34,it's so nice,5.0,male,"Prague, Czech Republic",2022-08-15,Positivo,its so nice,0,64.94
dc1a658f-80be-44b1-a465-406ca181eced,"Great app, great functionality, advertising not obnoxious & no pay-gated essential functionality. Edit: Met the love of my life, which doesn't hurt.",5.0,male,"Busan, South Korea",2022-10-20,Positivo,great app great functionality advertising not obnoxious no paygated essential functionality edit met the love of my life which doesnt hurt,1,80.51
3611641a-1577-4698-ae43-e95b29048f41,"The only nonbinary inclusive dating app, even works on my old phone 💕",5.0,female,"Cali, Colombia",2025-05-27,Positivo,the only nonbinary inclusive dating app even works on my old phone,1,48.89
78d43eb9-9706-4463-81e6-29b1d67fb1d9,Ok,5.0,male,"Chicago, United States",2024-05-21,Positivo,ok,0,33.33
a45fdcb4-e507-4f95-a7f4-e913089067bf,Met my husband here,5.0,female,"Brasília, Brazil",2025-02-04,Positivo,met my husband here,2,82.14
cb9c61d0-0055-4c26-a588-f4f9ad50e61c,Hinge is amazing af,5.0,female,"Arequipa, Peru",2025-02-03,Positivo,hinge is amazing af,0,75.1
fb4ebd6d-642b-40e2-be5b-aec4b42d94c0,"Definitely my favorite dating app when I need it. Hinge >Match(or Catholic, etc. match)>FB Dating>Upward>Bumble, Udates>rest I've used is garbage Hope this helps make it easy",5.0,female,"Santa Cruz, Bolivia",2025-04-02,Positivo,definitely my favorite dating app when i need it hinge matchor catholic etc matchfb datingupwardbumble udatesrest ive used is garbage hope this helps make it easy,0,93.93
abdf1222-e035-4d92-a220-8dd3de4593c9,it works.,5.0,male,"Kampala, Uganda",2023-08-25,Positivo,it works,2,64.78
07094af7-97ab-4213-803b-db6e7040e6ce,"Great app, I just look like a foot",5.0,female,"Quebec City, Canada",2024-10-26,Positivo,great app i just look like a foot,2,82.93
86e038b6-00cb-46f6-925f-bfc5effca658,Great 👍,5.0,female,"Valparaíso, Chile",2024-12-24,Positivo,great,2,65.54
bb30dd5f-a63f-4c2f-930e-4745ea3914eb,"Way, way better than tinder. More substantial connections and better for people over 30",5.0,male,"Montreal, Canada",2024-03-22,Positivo,way way better than tinder more substantial connections and better for people over 30,1,48.81
439c5387-211c-4265-ae92-2d474d7ff045,Sweet,5.0,female,"Quito, Ecuador",2024-11-20,Positivo,sweet,0,66.62
d89d176e-39ff-46af-bdb0-35df24af8205,I will marry someone I met on there 😌,5.0,male,"Quebec City, Canada",2024-04-25,Positivo,i will marry someone i met on there,0,87.54
bf6b4063-dbfb-4843-afe3-603452444cc9,Good,5.0,female,"Fortaleza, Brazil",2024-11-17,Positivo,good,2,64.2
b76e1c2f-c0ce-45c1-a272-0107a97d06a9,I found my gf ! Yayyyy,5.0,male,"Marrakesh, Morocco",2023-08-24,Positivo,i found my gf yayyyy,2,62.87
c0f7d59a-454d-4cc6-b1d4-baeca1195bf4,I appreciate the quality of people and real profiles on this app.,5.0,female,"Queenstown, New Zealand",2025-11-25,Positivo,i appreciate the quality of people and real profiles on this app,2,84.87
c366fbb1-d5b9-42b7-ab8b-9d32f487d903,Best of one's i have tried will update again later,5.0,male,"Vienna, Austria",2022-05-03,Positivo,best of ones i have tried will update again later,2,55.02
509b15fc-8a7c-4ecf-833e-72986414ff6b,great app,5.0,male,"Harare, Zimbabwe",2023-05-03,Positivo,great app,2,65.54
7643d603-b95d-4ad8-86ba-95ee41d3b9ab,Good app...it gets the job done for sure. Wink wink!,5.0,female,"Christchurch, New Zealand",2025-11-18,Positivo,good appit gets the job done for sure wink wink,2,88.28
b0165da6-ff21-4375-a09b-cd1f2484ff61,Well I found my gf here so I'm giving 5 stars. I wish there wasn't so many fat chicks though,5.0,female,"Melbourne, Australia",2025-06-13,Positivo,well i found my gf here so im giving 5 stars i wish there wasnt so many fat chicks though,0,66.06
55e5e2ca-f326-4240-a157-d47de8c126a2,"Good, Well designed app Good app",5.0,female,"Cali, Colombia",2025-01-03,Positivo,good well designed app good app,2,82.22
bc732695-e5b6-4eae-aa0f-4140ebc2eb18,Amazing platform for a good friendship,5.0,male,"Tel Aviv, Israel",2022-11-11,Positivo,amazing platform for a good friendship,0,81.35
816afdf9-194b-4721-86f9-52b4eba58e8f,cool,5.0,female,"Fortaleza, Brazil",2025-02-01,Positivo,cool,2,66.61
04ca0a0b-2d98-4d9c-ad05-47f98212f780,"High quality dating app. The only dating app that produced a healthy relationship of more than 2 years. Sometimes I noticed unfinished profiles, hopefully they can fix new members from showing up until they complete it.",5.0,male,"New York, United States",2023-12-10,Positivo,high quality dating app the only dating app that produced a healthy relationship of more than 2 years sometimes i noticed unfinished profiles hopefully they can fix new members from showing up until they complete it,0,96.16
d8d102c6-01d5-4ecc-9d64-919ac2a2aa79,I think men here are real. Not bots,5.0,male,"Austin, United States",2024-05-14,Positivo,i think men here are real not bots,2,87.87
2de58c26-0b6f-4fb3-9a6a-c3c37786b80c,Nice app with a unique interface that makes starting conversations much easier. Seems to have a decent amount of local people on it as well.,5.0,male,"Krakow, Poland",2022-06-07,Positivo,nice app with a unique interface that makes starting conversations much easier seems to have a decent amount of local people on it as well,0,93.5
360abe15-54bb-4ced-8a7a-39ffa8368f63,Good app for someone trying to find a serious relationship.,5.0,male,"Marrakesh, Morocco",2023-10-26,Positivo,good app for someone trying to find a serious relationship,0,86.13
e98cdb91-1af1-4ea6-b198-a20519b2272c,I like the different approach it has compared to other dating apps. only pick up would be even though you set your dating distance it still suggests people who are too far away,5.0,female,"Melbourne, Australia",2025-09-23,Positivo,i like the different approach it has compared to other dating apps only pick up would be even though you set your dating distance it still suggests people who are too far away,0,41.83
f66a26a1-396e-47d1-96e1-206f8d377ccf,Best of wishes to these people they help create mighty first workers that are field workers outsiders who build a dore blasting relationship I experience it when I first download it. Needs more work when it's love at first sight I could rely on someone to tell another someone as hard as I am to really believe in my love like it's kids,5.0,male,"Munich, Germany",2022-03-22,Positivo,best of wishes to these people they help create mighty first workers that are field workers outsiders who build a dore blasting relationship i experience it when i first download it needs more work when its love at first sight i could rely on someone to tell another someone as hard as i am to really believe in my love like its kids,0,97.41
40cd9123-69ef-46be-a326-f0aa634f6e63,Works great for Vancouver BC,5.0,male,"Marrakesh, Morocco",2023-10-05,Positivo,works great for vancouver bc,2,76.85
6193197b-45bb-4865-8cec-4fcd0429492e,Awesome,5.0,male,"Amsterdam, Netherlands",2022-02-22,Positivo,awesome,1,66.47
63be2181-46e4-4ff4-96fb-9a81e02823aa,Best,5.0,female,"Calgary, Canada",2024-08-12,Positivo,best,0,64.31
2b77ef10-79aa-438f-87d8-5c4441ef3520,found love,5.0,male,"Shanghai, China",2023-01-11,Positivo,found love,0,66.92
ecc857d7-bcd4-4b6d-9954-b96be31f5cc2,Surprisingly good.,5.0,male,"Alexandria, Egypt",2023-09-01,Positivo,surprisingly good,2,77.08
f36e60ad-700b-449e-b3f4-a46076e24a27,"Well, I finally found the one. Gosh she's great 👍",5.0,male,"Mumbai, India",2023-03-20,Positivo,well i finally found the one gosh shes great,2,77.59
b2aeb49d-eabd-4163-9391-672be0911b1b,Perfect dating app,5.0,male,"Dakar, Senegal",2023-04-10,Positivo,perfect dating app,1,75.06
f095e8e4-c4c8-48d5-903a-2d363b291be7,Best by far,5.0,male,"Dar es Salaam, Tanzania",2023-05-23,Positivo,best by far,2,58.8
d1b78e33-43cb-40c2-93bd-59644e448b58,I like it,5.0,male,"Marrakesh, Morocco",2023-08-27,Positivo,i like it,0,33.33
de3c25e2-9f77-46eb-8c0b-c4dff9271024,This has been the app where I actually had the most real connections and interactions. I got to meet many lovely women from the bay.,5.0,male,"Hong Kong, China",2023-02-09,Positivo,this has been the app where i actually had the most real connections and interactions i got to meet many lovely women from the bay,2,69.26
32aaa653-1e15-45e3-8cbf-665885944e71,"It's crazy how much better this app has gotten over the last couple years, and how much worse bumble has gotten at the same time. And I say that as someone with a lifetime bumble membership. I don't pay for Hinge, but still get a lot of high quality matches, despite being a very average and kinda boring guy.",5.0,male,"Vancouver, Canada",2024-02-04,Positivo,its crazy how much better this app has gotten over the last couple years and how much worse bumble has gotten at the same time and i say that as someone with a lifetime bumble membership i dont pay for hinge but still get a lot of high quality matches despite being a very average and kinda boring guy,0,50.63
46964608-1d79-4518-ae5a-bd2449c9dc3f,still knew here so i will comment probably after a month..,5.0,female,"Fortaleza, Brazil",2025-05-29,Positivo,still knew here so i will comment probably after a month,2,58.84
b1cb1b4d-75f1-440c-a3a5-86e33a76ccf2,I am adding 5 start. Because I got a match in 5 hours I started using this App,5.0,female,"Wellington, New Zealand",2025-09-14,Positivo,i am adding 5 start because i got a match in 5 hours i started using this app,0,85.91
35028c0c-1b42-403f-81ec-b8c90615d6cf,"Met the love of my life on hinge, go at it if you want to find that needle in a haystack, best of luck to you all out there.",5.0,male,"Frankfurt, Germany",2022-04-22,Positivo,met the love of my life on hinge go at it if you want to find that needle in a haystack best of luck to you all out there,1,91.96
99488181-88a5-4bb6-9e82-b362b3d81ec2,seem to be better quality connections,5.0,female,"Wellington, New Zealand",2025-07-13,Positivo,seem to be better quality connections,2,86.33
20add28e-4152-4a34-b434-e7a9c491612e,"This dating app excels with a great user experience and efficient interface, seamlessly organizing dates and fostering positive communication for meaningful connections. Its user-friendly design and unique features make it an ideal platform for building deep, sustainable relationships.",5.0,female,"Perth, Australia",2025-08-29,Positivo,this dating app excels with a great user experience and efficient interface seamlessly organizing dates and fostering positive communication for meaningful connections its userfriendly design and unique features make it an ideal platform for building deep sustainable relationships,0,82.99
ef4d67e5-f49b-4261-b021-c3834e55bbd0,really good,5.0,male,"Manila, Philippines",2022-09-20,Positivo,really good,2,74.99
0c06a9fb-8ef6-4405-96a7-cae0d09592f8,Good quality people .,5.0,male,"Ottawa, Canada",2024-06-12,Positivo,good quality people,2,82.68
5ceead54-7eb3-4ace-8b6a-1e89e9961472,actually works,5.0,male,"San Antonio, United States",2023-12-11,Positivo,actually works,2,75.64
3f051b23-6c92-4dc1-b4fa-f5c7fa829494,"Freemuim, the only dating app you can use without a subscription,",5.0,male,"San Jose, United States",2024-06-14,Positivo,freemuim the only dating app you can use without a subscription,1,89.53
9fac143c-3776-4c4d-9a42-47c46d52de87,It allows users to like people with a note. My fav feature so far.,5.0,male,"Dubai, United Arab Emirates",2023-01-21,Positivo,it allows users to like people with a note my fav feature so far,1,54.28
f8d11c58-901c-4874-bf93-05a405a78c6a,amazing,5.0,female,"Asunción, Paraguay",2024-12-12,Positivo,amazing,0,63.33
1696505d-b3b3-44d3-b1b5-8563ccea1995,great,5.0,male,"Mombasa, Kenya",2023-04-20,Positivo,great,2,65.53
0c6d9879-9f01-4546-a47d-a9c61dd0efb6,Singapore pretty good but must subscribe. Free too little. Please have lifetime subscription like bumble,5.0,male,"Glasgow, United Kingdom",2022-03-06,Positivo,singapore pretty good but must subscribe free too little please have lifetime subscription like bumble,1,93.31
83bcfdf1-8628-4a78-9c20-8085586d2e35,this aap is very good,5.0,male,"Taipei, Taiwan",2023-03-28,Positivo,this aap is very good,0,81.44
de2c0581-15d7-4a1d-9c09-beadc544d97e,very good,5.0,male,"Hanoi, Vietnam",2022-11-05,Positivo,very good,0,72.22
010ef9f4-b2ff-4b29-8cc3-c7109e708f9a,"Just canceled my Hinge subscription, deleted my account and uninstalled the app. Why? Because it works! Found him. (On Hinge!!) And I got to delete the dating app that's ""meant to be deleted"".",5.0,male,"San Diego, United States",2024-05-24,Positivo,just canceled my hinge subscription deleted my account and uninstalled the app why because it works found him on hinge and i got to delete the dating app thats meant to be deleted,0,66.7
c2f236af-e942-469f-bc92-7710f612189c,The best dating app I've come across so far,5.0,male,"Cape Town, South Africa",2023-05-17,Positivo,the best dating app ive come across so far,2,88.5
68f982f2-e6e0-44c3-857e-51e35e89c6e8,Good for everyone,5.0,female,"Rosario, Argentina",2025-01-30,Positivo,good for everyone,0,70.04
f48995ed-1ece-4b74-bdb5-10bb8124f4ad,very easy to manage and spot on with standouts!,5.0,female,"Canberra, Australia",2025-12-08,Positivo,very easy to manage and spot on with standouts,0,85.28
8d086abe-4303-40d4-aa79-d9c4be36bc84,ok,5.0,female,"Gold Coast, Australia",2025-09-06,Positivo,ok,0,33.33
b066456b-33fc-4a52-bb6d-1c63241e1fad,We met on hinge and got married one year later. 3 years strong,5.0,female,"Bogotá, Colombia",2025-05-04,Positivo,we met on hinge and got married one year later 3 years strong,0,92.72
828a37b8-37ee-4bd6-b429-152ff201ba24,Found her.,5.0,female,"Córdoba, Argentina",2024-12-11,Positivo,found her,2,75.38
a569d5ca-ab96-4b52-8c0e-4e94e95eb59b,"Honestly I've used dating apps for less than a week, and during that week I met my girlfriend in a completely unrelated way. But the experience on this app was definately the best by far and I would have most likely found the best match and I had good conversations I do and have recommended this app even from the short experience I ended up having...",5.0,male,"Seville, Spain",2022-04-08,Positivo,honestly ive used dating apps for less than a week and during that week i met my girlfriend in a completely unrelated way but the experience on this app was definately the best by far and i would have most likely found the best match and i had good conversations i do and have recommended this app even from the short experience i ended up having,0,61.28
52278c4a-9314-4d13-a5e9-c51de481dd19,I find this app good. It's free to talk to people and it seems more instant connections than app like Feeld. I enjoy the lay out and like the snippets of a persons world. I find this app more sofficticabted than most.,5.0,female,"Sydney, Australia",2025-09-23,Positivo,i find this app good its free to talk to people and it seems more instant connections than app like feeld i enjoy the lay out and like the snippets of a persons world i find this app more sofficticabted than most,2,95.83
ae0f3fde-3582-4098-a0a6-14f34e653b75,Found my darling on this app.,5.0,female,"Austin, United States",2024-10-02,Positivo,found my darling on this app,2,62.86
0e6daf5a-dec1-4912-858f-fc5bb5f33489,no nice trusted app,5.0,male,"Lyon, France",2022-06-24,Positivo,no nice trusted app,0,64.94
c47f7f23-ab7c-4dfe-994e-31f0db63ca0f,Best dating app out there!,5.0,male,"Shanghai, China",2023-02-05,Positivo,best dating app out there,2,76.68
63853f30-93ef-4327-a41f-b5a863b6544b,It's a good place to meet people with the same vibes.,5.0,female,"Melbourne, Australia",2025-06-25,Positivo,its a good place to meet people with the same vibes,2,87.62
8aa7f2b6-a297-412a-ab36-50636d3e5e50,top tier,5.0,male,"Seattle, United States",2024-02-21,Positivo,top tier,0,77.53
a4d4574d-b2ae-4def-952b-0868bcdb3e6f,very good....even though I'm still trying to get myself some1,5.0,female,"Wellington, New Zealand",2025-12-01,Positivo,very goodeven though im still trying to get myself some1,1,73.41
4a17b10b-90ad-47f4-b662-2534846a46ae,Good place to connect,5.0,male,"Hamburg, Germany",2022-02-27,Positivo,good place to connect,2,82.74
87ef6e4f-2f1f-4436-b874-16946087c563,Great,5.0,female,"New York, United States",2024-08-18,Positivo,great,2,65.53
5ea52d82-bed2-4883-a763-8180b4798a22,Pretty solid app. I want to pay to support the developers but my ego won't let me get the subscription 😂,5.0,female,"Caracas, Venezuela",2025-01-06,Positivo,pretty solid app i want to pay to support the developers but my ego wont let me get the subscription,2,92.63
e6f8ca77-41ca-431e-89d4-85a20acde294,very good app,5.0,male,"Algiers, Algeria",2023-05-07,Positivo,very good app,0,72.19
0e000f04-251c-4257-9701-4438e443a821,"Like the app, love the interface. It does what it promises to do, and does it well. However, a little recommendation from my end would be to update the pets section on the profile to have a textbox for users to add custom pets (some of us have mollusks and bugs as pets)",5.0,female,"Hobart, Australia",2025-09-18,Positivo,like the app love the interface it does what it promises to do and does it well however a little recommendation from my end would be to update the pets section on the profile to have a textbox for users to add custom pets some of us have mollusks and bugs as pets,1,96.29
893d9632-1636-4f02-acb5-0da2ff2b0423,good,5.0,male,"Chicago, United States",2024-04-17,Positivo,good,2,64.22
9185843c-f922-43bf-be9c-2dace8a24eba,This is the best dating app,5.0,female,"Córdoba, Argentina",2024-11-20,Positivo,this is the best dating app,2,64.82
86d0d074-f73f-4393-bd6a-692d9056724f,"Great app. I found my wife through here. Granted, she wanted just a friend, if you know what I mean, but we discovered each other and are now happily married.",5.0,male,"Lyon, France",2022-04-08,Positivo,great app i found my wife through here granted she wanted just a friend if you know what i mean but we discovered each other and are now happily married,2,94.7
10d695b5-a7d8-4098-921b-dd8c21bd218a,I can truly say this app is meant to be deleted! In a good way :) I have matched with someone on this app and I gotta say this is the best relationship I've been in my entire life. Thanks hinge!,5.0,male,"Washington DC, United States",2024-07-21,Positivo,i can truly say this app is meant to be deleted in a good way i have matched with someone on this app and i gotta say this is the best relationship ive been in my entire life thanks hinge,0,42.89
a814980f-fce4-4cab-bf41-8c9b46a41d39,I look good I like this app,5.0,male,"Mexico City, Mexico",2024-01-03,Positivo,i look good i like this app,2,76.65
605d0c9d-0d1c-4263-94b5-14803127913a,easy to use and a very clean interface,5.0,male,"Dublin, Ireland",2022-08-04,Positivo,easy to use and a very clean interface,0,85.89
f452340a-604e-4133-88ca-e7c164fed42a,It worked! Paid for the one week subscription and had a date within 4 days,5.0,female,"Gold Coast, Australia",2025-10-01,Positivo,it worked paid for the one week subscription and had a date within 4 days,2,91.88
aff6c4a4-0dd1-41b2-bd46-138f9fc1bed5,its probably the best dating app tbh,5.0,female,"Brisbane, Australia",2025-07-31,Positivo,its probably the best dating app tbh,1,83.07
9894d5f3-8896-4841-821f-a316b417c046,It's an amazing app,5.0,female,"Auckland, New Zealand",2025-11-22,Positivo,its an amazing app,0,63.35
5aea64b1-250f-47ae-a04b-52c111346ae0,"Fun application, writing is an underated skill!",5.0,male,"Tijuana, Mexico",2024-03-24,Positivo,fun application writing is an underated skill,2,59.23
56cbeee4-72e0-4dcc-a0cf-06772d366065,probably the best modern dating app,5.0,female,"Hobart, Australia",2025-09-06,Positivo,probably the best modern dating app,1,82.82
79e27a71-77b4-4d34-9f02-88b00235f3fd,fantastic app. had somewhat success,5.0,female,"Denver, United States",2024-08-24,Positivo,fantastic app had somewhat success,2,84.97
408eacac-1427-499e-83a5-c2f3154245f6,its actually fun!,5.0,female,"Buenos Aires, Argentina",2024-12-22,Positivo,its actually fun,2,76.44
6531d578-5c76-47d5-8062-a97f81b21b9a,"Met my fiancee on here 4 years ago. I'm sure it's changed since then but I still support it. ""Designed to be deleted"" and it's well designed. I deleted it 4 years ago",5.0,male,"Osaka, Japan",2023-02-28,Positivo,met my fiancee on here 4 years ago im sure its changed since then but i still support it designed to be deleted and its well designed i deleted it 4 years ago,2,73.85
086ea574-bceb-4290-be7c-ed459300a6fe,Hinge is the ONLY dating app I've tried that resulted in actual dates with people in my area. Why can't the other ones figure that out? Highly recommended.,5.0,female,"Sydney, Australia",2025-09-18,Positivo,hinge is the only dating app ive tried that resulted in actual dates with people in my area why cant the other ones figure that out highly recommended,1,68.29
187477bb-7012-4757-8dd0-2ac4e7a2acb0,it works as long as long your intentions are pure,5.0,female,"Christchurch, New Zealand",2025-12-14,Positivo,it works as long as long your intentions are pure,1,89.38
03d81b89-2965-4c61-8c4c-af0ff2b73895,The functions work well,5.0,male,"San Jose, United States",2024-04-25,Positivo,the functions work well,2,82.39
33e3ee41-d887-424d-a2c2-e64411e485ef,so far so good not enough like trough freebie tho but it's still à great app !,5.0,female,"Medellín, Colombia",2025-03-29,Positivo,so far so good not enough like trough freebie tho but its still great app,2,55.61
19e57cf1-5195-4d9d-a62b-a9983d9f57fb,Infinitely better than tinder.,5.0,male,"Shenzhen, China",2023-03-10,Positivo,infinitely better than tinder,1,77.48
cfa983a3-2b56-48b2-add1-1df6e76b0076,Hinge was my best friend till date,5.0,male,"Glasgow, United Kingdom",2022-07-22,Positivo,hinge was my best friend till date,2,88.94
f04955c6-65a1-4768-a8fc-2754eec5e6ee,I love this app. The majority of people take it seriously and you will get matches with people that are genuinely the kind of people you would want. I went on a few dates with some nice people and then I met the one. He is (quite literally) everything I was looking for in a partner. Disclaimer I took the best one! But I'm sure yall will find someone that suits you very well. HIGHLY RECOMMEND!!!!!!,5.0,male,"Kathmandu, Nepal",2023-02-26,Positivo,i love this app the majority of people take it seriously and you will get matches with people that are genuinely the kind of people you would want i went on a few dates with some nice people and then i met the one he is quite literally everything i was looking for in a partner disclaimer i took the best one but im sure yall will find someone that suits you very well highly recommend,2,64.59
4fcbedc3-7eec-4e74-b19b-50c2d464537c,"UPDATE!!!! UPDATE!!!! UPDATE!!!! HINGE is good guys!!! It takes about 300 likes to get 1 reply though!! So I copied and pasted messages! and kept sending until I got dates with 2 non-fat woman!!!!!! Most of the profiles might be fake or inactive. There are times when the app just throws beach whales at you! But the app is working ok x it's just the women that are broken. The app can't produce better quality woman, it can only give us access to the left over women that nobody wanted. 5/5",5.0,female,"Nadi, Fiji",2025-07-31,Positivo,update update update hinge is good guys it takes about 300 likes to get 1 reply though so i copied and pasted messages and kept sending until i got dates with 2 nonfat woman most of the profiles might be fake or inactive there are times when the app just throws beach whales at you but the app is working ok x its just the women that are broken the app cant produce better quality woman it can only give us access to the left over women that nobody wanted 55,1,58.99
5cbaf6c1-335d-4620-bf19-f4ee23b4f559,Awsome,5.0,female,"New York, United States",2024-09-09,Positivo,awsome,2,66.5
28480b97-7ae0-4e7c-9c2a-ee67224704a5,"I guess 5 stars cause I get a lot of likes... and I have a girlfriend now~ It's still better than other dating platforms, just saying",5.0,female,"Port Moresby, Papua New Guinea",2025-08-15,Positivo,i guess 5 stars cause i get a lot of likes and i have a girlfriend now its still better than other dating platforms just saying,1,94.29
175af2ff-571c-45a9-8e31-ccf366a41b8a,"Three years ago I downloaded this app because I was tired of Grindr and Tinder. I wanted a real relationship and those apps are not for finding one. The first boy I matched with on here was about a week after I downloaded the app, and we are now common law partners! Thank you hinge for being made to be deleted!",5.0,male,"Chicago, United States",2024-05-09,Positivo,three years ago i downloaded this app because i was tired of grindr and tinder i wanted a real relationship and those apps are not for finding one the first boy i matched with on here was about a week after i downloaded the app and we are now common law partners thank you hinge for being made to be deleted,2,58.33
88eeaf94-5b74-4c21-9bc3-2cd58ed85192,a very good app,5.0,male,"Kumasi, Ghana",2023-04-30,Positivo,a very good app,0,72.21
2072e1ea-3e97-4570-8569-3b3b8cc8ea00,Great work on the app design and interphase.,5.0,male,"Addis Ababa, Ethiopia",2023-06-23,Positivo,great work on the app design and interphase,2,81.17
7a39b20f-1552-4a34-8e76-0e653614800d,Met some awesome people in this app. Recommend it to anybody looking to chat.,5.0,female,"Christchurch, New Zealand",2025-10-21,Positivo,met some awesome people in this app recommend it to anybody looking to chat,1,61.96
2f6b37a8-dee9-47af-ba14-3510e91dccbc,The best app ever I used and i used all apps and i never met and didn't get match but in hinge i got everyday matchs I met ppl I loved it,5.0,male,"Taipei, Taiwan",2022-11-20,Positivo,the best app ever i used and i used all apps and i never met and didnt get match but in hinge i got everyday matchs i met ppl i loved it,1,82.39
ca7f813c-7022-47e6-8ecb-f92214044087,Greasy,5.0,female,"Denver, United States",2024-10-06,Positivo,greasy,0,33.33
e35b9b77-0a5f-4c2c-a9f0-d4a512fbc2d7,best app,5.0,male,"Birmingham, United Kingdom",2022-08-30,Positivo,best app,0,64.29
e2f2011d-df75-4470-9be9-c247b3680614,nice app,5.0,female,"Nadi, Fiji",2025-08-03,Positivo,nice app,0,64.94
244bd472-ea9e-484a-af81-73ae2598e9f8,"I was banned for ""violence"" for having a picture of myself at the gun range (not hunting). Insane.",5.0,female,"Wellington, New Zealand",2025-07-13,Positivo,i was banned for violence for having a picture of myself at the gun range not hunting insane,1,90.15
1dbed890-0f29-4c60-a9ba-23935f9e8130,some good people I've on here,5.0,male,"Tijuana, Mexico",2024-01-30,Positivo,some good people ive on here,2,87.63
b95aa5a3-5be6-4f05-8b92-32c1bb490998,It's Kool atleast it let's u message only if u both like each other and u can send a few likes everyday to atleast get a chance to meet some one ...the only thing I don't like is the lady's are Hella classy!! Or I'm just super getto so there was a few people that we shared some type of stuff in common because I'm already talking to a person it's ok overall,5.0,female,"Calgary, Canada",2024-10-21,Positivo,its kool atleast it lets u message only if u both like each other and u can send a few likes everyday to atleast get a chance to meet some one the only thing i dont like is the ladys are hella classy or im just super getto so there was a few people that we shared some type of stuff in common because im already talking to a person its ok overall,2,68.25
feef9e87-1155-4ca4-aa12-d583f49ee575,"I had some great times, awesome experiences, and met some badass people when I was on Hinge. Fun, easy to use, 100% free. Makes an excellent supplement to an active social life. Highly recommended, but like all apps can be addictive, so limit your use period to 2 to 3 months maximum.",5.0,male,"Tijuana, Mexico",2024-03-11,Positivo,i had some great times awesome experiences and met some badass people when i was on hinge fun easy to use 100 free makes an excellent supplement to an active social life highly recommended but like all apps can be addictive so limit your use period to 2 to 3 months maximum,1,73.37
45b9efff-ee2d-4748-bd38-17c8313cb2ed,it's so amazing,5.0,male,"Tokyo, Japan",2023-03-25,Positivo,its so amazing,0,63.35
fe1e1a2d-7092-4b98-aa1c-5ea725413784,great,5.0,male,"Lusaka, Zambia",2023-10-25,Positivo,great,2,65.54
09b5d516-999b-4585-b043-e42e68066be3,definitely my favorite dating app,5.0,male,"Birmingham, United Kingdom",2022-09-06,Positivo,definitely my favorite dating app,0,62.95
89ec4fc6-d6db-4d39-91e6-787fbff2f5c3,"Dating app experience depends heavily on the users of the app. Hinge attracts people who generally want to have long-term relationships. It helps, but it should be used in conjunction with other programs that help you develop your relationship skills. I wish everyone great success and happiness on their journey.",5.0,male,"Shenzhen, China",2022-10-29,Positivo,dating app experience depends heavily on the users of the app hinge attracts people who generally want to have longterm relationships it helps but it should be used in conjunction with other programs that help you develop your relationship skills i wish everyone great success and happiness on their journey,0,70.08
99b9091b-b52a-4231-b55c-0362be1fed68,"""Sensation"" I've met nothing but nice people here... it's better than the alternative apps, Trust me!!",5.0,male,"Karachi, Pakistan",2022-11-26,Positivo,sensation ive met nothing but nice people here its better than the alternative apps trust me,2,64.6
57007300-191d-4683-9898-f8ee7d4ec217,awesome app 👌,5.0,male,"Harare, Zimbabwe",2023-10-31,Positivo,awesome app,1,66.47
01ac252f-e879-48cb-a677-215938148f8e,Found my true love.. Thankyou team hinge.. Love you.. Chao.. Bboyyeeee,5.0,male,"Guangzhou, China",2022-10-05,Positivo,found my true love thankyou team hinge love you chao bboyyeeee,0,70.58
f40064f9-209d-473f-9d94-a691bfc5ca15,I like this app,5.0,male,"Guangzhou, China",2023-03-20,Positivo,i like this app,0,33.33
ab57755d-6e31-4da5-8c2c-bbe4e52ac2dd,"Hello, I met my fiancee and wife to be on this app three and a half years ago. Recently had our son come into this world also. Thank you!",5.0,male,"Seville, Spain",2022-05-13,Positivo,hello i met my fiancee and wife to be on this app three and a half years ago recently had our son come into this world also thank you,2,94.99
7bc4586a-07fd-4424-a9eb-81b90123e404,So far so good,5.0,male,"Mexico City, Mexico",2024-01-15,Positivo,so far so good,2,76.51
2398e3de-ff6a-4f72-8711-692e32378247,Hinge showed me a pretty interface and kind people.,5.0,female,"San Antonio, United States",2024-11-09,Positivo,hinge showed me a pretty interface and kind people,0,88.06
d8a78d1f-9e0f-4a47-b70c-001755a5b49d,Decent dating app compared to others...,5.0,male,"Cancun, Mexico",2024-03-03,Positivo,decent dating app compared to others,1,85.94
6bb665af-709a-497d-b23f-7fe796bb1063,good that you can filter by religious affiliation,5.0,male,"Hamburg, Germany",2022-08-11,Positivo,good that you can filter by religious affiliation,0,82.16
8ba85470-8726-4898-8969-0b029587b465,5 ⭐ app for introducing me to a 5 ⭐ woman .,5.0,female,"Hobart, Australia",2025-10-27,Positivo,5 app for introducing me to a 5 woman,0,76.44
8c16d1e5-9d8e-45ba-83bf-01d3d592eec4,"This app has worked for me. I think I'll be able to find my special someone on here. Thank you, Hinge",5.0,male,"Washington DC, United States",2024-05-28,Positivo,this app has worked for me i think ill be able to find my special someone on here thank you hinge,0,92.33
ab5b82a9-15eb-4f80-a794-fa27e286dc96,Good,5.0,male,"Mexico City, Mexico",2024-03-31,Positivo,good,2,64.19
216d14ec-a539-4402-a7ba-098c37ac3779,mast app,5.0,male,"Phoenix, United States",2023-11-15,Positivo,mast app,0,33.33
6f189491-3b41-4e11-b9d1-7269192fddab,Good,5.0,male,"Durban, South Africa",2023-05-18,Positivo,good,2,64.21
75ed1819-70ee-46d0-b300-651c6c0bd4f7,"It has best algorithm. Just be clear what kind of people you want to see. Write that in your profile, like only those people and soon, you will get tons of matches",5.0,female,"Guadalajara, Mexico",2024-09-03,Positivo,it has best algorithm just be clear what kind of people you want to see write that in your profile like only those people and soon you will get tons of matches,1,59.42
7b9f146a-1bd6-4a05-8d4e-e8042fd94683,By far the best app out there!,5.0,male,"Phuket, Thailand",2022-10-25,Positivo,by far the best app out there,2,81.07
f1021587-f3df-4b59-907a-9ea9b9546453,Best App to get your partner. just joined and I love the experience,5.0,female,"Perth, Australia",2025-09-22,Positivo,best app to get your partner just joined and i love the experience,0,82.15
f2e5b979-1bf7-49b5-b871-955d1532674d,I found my husband here! We are getting married this year! Totally worth it ! The slogan doesn't lie that it is the app that's supposed to be deleted. I have recommended this to every person who is trying to find their forever someone 💙,5.0,male,"Marrakesh, Morocco",2023-05-28,Positivo,i found my husband here we are getting married this year totally worth it the slogan doesnt lie that it is the app thats supposed to be deleted i have recommended this to every person who is trying to find their forever someone,1,70.12
7a0e426c-2df7-4325-a034-5a6aa0d1ee50,I have never been on a dating app before 😔 But this seems to be pretty sweet 🎂 😊 Calibur of people seem to be a nice mixture. 🥂to Hinge and hoping I'm not so 🥺 lonely in 2024. Thank you Hinge for the great work 😊,5.0,female,"Perth, Australia",2025-06-09,Positivo,i have never been on a dating app before but this seems to be pretty sweet calibur of people seem to be a nice mixture to hinge and hoping im not so lonely in 2024 thank you hinge for the great work,0,81.55
0254297f-a757-4fe2-8d2e-170279bddc04,"Fabulous, uncomplicated app!",5.0,female,"Christchurch, New Zealand",2025-11-11,Positivo,fabulous uncomplicated app,0,66.55
d47d6b1d-939a-4fd9-8501-9658d9a4a88b,"This is definitely the number 1 dating app, it's so much more than just swiping or ""liking people"" genuine people for genuine connections.",5.0,female,"Brasília, Brazil",2024-12-31,Positivo,this is definitely the number 1 dating app its so much more than just swiping or liking people genuine people for genuine connections,2,88.53
e6b02b66-9bc5-4fcb-b6ed-9235fa0f7523,"Honestly the app itself is the best one I've used so far, compared to the others it's layout and unique features are much better. But the people there are well... questionable",5.0,female,"Wellington, New Zealand",2025-11-09,Positivo,honestly the app itself is the best one ive used so far compared to the others its layout and unique features are much better but the people there are well questionable,0,74.54
cf27752a-85e0-455f-9fdc-5f8ec85c0ffd,I think it's amazing so far,5.0,male,"Austin, United States",2024-06-24,Positivo,i think its amazing so far,2,80.32
1fd6d93f-c5b4-4b7a-a4cd-6f0c21216cf4,Seems to be trying to improve the user/customers wellbeing! (rather than using and abusing the userbase to make money and get attention like other apps),5.0,male,"Copenhagen, Denmark",2022-03-18,Positivo,seems to be trying to improve the usercustomers wellbeing rather than using and abusing the userbase to make money and get attention like other apps,0,56.22
45abb816-d4c7-47d1-8c4b-1e6e1539836c,Thankyou Guys I love you Simpii and Hinge,5.0,male,"Lusaka, Zambia",2023-08-14,Positivo,thankyou guys i love you simpii and hinge,1,68.07
02af69b3-81b1-4201-9a5d-c2ac77246a73,Great app to find new people ✨️,5.0,female,"Canberra, Australia",2025-11-07,Positivo,great app to find new people,2,85.73
6480e761-895a-4b04-aa16-7f3060180b8a,I'm personally satisfied.,5.0,male,"Chicago, United States",2024-04-02,Positivo,im personally satisfied,0,66.24
bfb6f3c2-d58a-4026-b406-c57597dbe61e,The best dating app to meet someone and form a meaningful connection.,5.0,male,"Ho Chi Minh City, Vietnam",2022-12-27,Positivo,the best dating app to meet someone and form a meaningful connection,2,88.7
7fd50288-52ac-4f8a-bd10-35a40ce9f773,fun to use,5.0,male,"Frankfurt, Germany",2022-06-20,Positivo,fun to use,2,75.68
7ad5479a-b17d-4775-ba86-b0dcc7b62d52,It's good,5.0,male,"Accra, Ghana",2023-06-16,Positivo,its good,2,64.21
fe2adeaa-c397-4d00-b8ae-90127a83d6dd,I enjoy the app but it just looged me out suddenly. I tired to log in once and it won't let me anymore,5.0,female,"Perth, Australia",2025-06-28,Positivo,i enjoy the app but it just looged me out suddenly i tired to log in once and it wont let me anymore,1,78.95
7a294279-9e4f-4f82-8071-24a4b6ea94e0,main kara di,5.0,male,"Jerusalem, Israel",2023-02-22,Positivo,main kara di,2,65.28
ceecabb7-4a1d-4bc7-b9fe-35ce7e118853,Its fineee,5.0,female,"Fortaleza, Brazil",2025-05-21,Positivo,its fineee,0,33.33
ab755589-8e2a-465f-b61e-b494f601ffdc,At least this is real life and not the dentist!,5.0,female,"Houston, United States",2024-11-01,Positivo,at least this is real life and not the dentist,1,82.32
d6007c65-3723-412f-a6bd-a1033598c2eb,love it,5.0,male,"Hamburg, Germany",2022-08-02,Positivo,love it,0,66.01
01938d44-3d86-4fc0-a033-b857cc06d46d,"It worked for me in less than a day, honestly not sure what the other reviews are about. This is better than Tinder which prefers dudes or that god awful Bumble which made me match with nobody friends or otherwise.",5.0,male,"Algiers, Algeria",2023-10-22,Positivo,it worked for me in less than a day honestly not sure what the other reviews are about this is better than tinder which prefers dudes or that god awful bumble which made me match with nobody friends or otherwise,1,96.79
8ce9568b-837e-4466-8208-04f85e1b46f4,it was good...but was slow,5.0,female,"Seattle, United States",2024-08-12,Positivo,it was goodbut was slow,1,80.27
6c1a213a-d836-44a2-9338-e7f42f72fa22,Very lgbt+ friendly! The app gives every valid sexuality option and that's amazing. Not sketchy at all unlike other lgbt+ dating apps. You don't get many likes a day but that's okay because the profiles have heaps of information about people so you can be picky lmao,5.0,female,"Santa Cruz, Bolivia",2025-05-31,Positivo,very lgbt friendly the app gives every valid sexuality option and thats amazing not sketchy at all unlike other lgbt dating apps you dont get many likes a day but thats okay because the profiles have heaps of information about people so you can be picky lmao,2,52.03
deae8c8f-fa72-4663-bd3f-731b07dfb97e,it's Hinge.,5.0,female,"Toronto, Canada",2024-09-06,Positivo,its hinge,0,60.17
9480512c-172f-4184-9a7b-1132f3ad53be,Thank you hinge for helping my find my man! I paid for the premium stuff for 1 month and I most definitely do not regret it. The app works so well and matches your type. Thank you so much!,5.0,male,"Dakar, Senegal",2023-07-26,Positivo,thank you hinge for helping my find my man i paid for the premium stuff for 1 month and i most definitely do not regret it the app works so well and matches your type thank you so much,2,87.48
a7f387bb-e319-454d-8370-3f45537703ff,"great app, quality people, great support",5.0,male,"Lahore, Pakistan",2023-01-24,Positivo,great app quality people great support,2,88.5
99a51cd8-77c2-41ee-b55a-bd7641ffa5c0,"unlike the other dating apps, you can actually match with people as a man lmao, plus the interface is quite good, the fact you can add text to your likes makes the app way more natural than our beloved Tinder, and the prompts are a good way of introducing oneself (tho kinda limited but I guess it's on purpose)",5.0,female,"Boston, United States",2024-09-22,Positivo,unlike the other dating apps you can actually match with people as a man lmao plus the interface is quite good the fact you can add text to your likes makes the app way more natural than our beloved tinder and the prompts are a good way of introducing oneself tho kinda limited but i guess its on purpose,2,82.03
ca527c86-c285-4c04-8b2b-f3ea6d7b8a60,Best experience I've had with dating apps. Way better for a less shallow experience. Been with a girl I meant on here for a year now so can't recommend it enough.,5.0,female,"Santa Cruz, Bolivia",2025-01-02,Positivo,best experience ive had with dating apps way better for a less shallow experience been with a girl i meant on here for a year now so cant recommend it enough,2,88.81
e7109019-233e-4df1-9945-b86b3a41093b,awesome,5.0,male,"Rabat, Morocco",2023-06-23,Positivo,awesome,1,66.47
872a40c0-4606-4bbe-93dd-409684e4f180,Easily better than the other big dating apps. No expiring matches. More well rounded profile info. Feels like more real people because everyone isn't an Instagram model.,5.0,male,"Bali, Indonesia",2022-09-26,Positivo,easily better than the other big dating apps no expiring matches more well rounded profile info feels like more real people because everyone isnt an instagram model,2,95.72
f814495a-4150-43dd-8590-e717e42c727b,best online dating experience so far.,5.0,female,"Caracas, Venezuela",2025-01-29,Positivo,best online dating experience so far,0,82.62
5e4a619b-494b-44a5-9585-f18c54b7714e,This aap is too good just go for it .,5.0,male,"Athens, Greece",2022-06-14,Positivo,this aap is too good just go for it,0,43.53
6943f7d6-a8af-4ffc-a015-727325b4160a,10/10 would recommend,5.0,male,"Chicago, United States",2023-11-12,Positivo,1010 would recommend,1,74.71
fab0c251-8933-4ee5-96ff-098fff7bdeb9,i think this the best thing that ever happend to me,5.0,male,"Barcelona, Spain",2022-03-14,Positivo,i think this the best thing that ever happend to me,0,81.83
57fb4896-c551-43ff-b16d-643ae59877ff,I've tried every free dating app. This is the only one that isn't loaded with fake profiles and prostitutes.,5.0,male,"Calgary, Canada",2024-03-22,Positivo,ive tried every free dating app this is the only one that isnt loaded with fake profiles and prostitutes,1,92.58
61b281cd-ef0c-4519-bfed-85ab80cb5ef6,"De las apps dating con mayor libertad para los usuarios free que he visto, ojalá permanezca así, además de ser muy práctica y sencilla de usar.",5.0,male,"Marseille, France",2022-02-22,Positivo,de las apps dating con mayor libertad para los usuarios free que he visto ojalá permanezca así además de ser muy práctica y sencilla de usar,1,91.38
7e627138-7577-48c2-9187-226393c8d188,"This app is fantastic, not only did I meet my wife, but I have 3 other friends who have all met their wives through this app as well! Thank you Hinge for helping me find love!",5.0,male,"Karachi, Pakistan",2023-03-12,Positivo,this app is fantastic not only did i meet my wife but i have 3 other friends who have all met their wives through this app as well thank you hinge for helping me find love,1,48.95
8831833a-05ae-4f09-8074-37743d123789,"This app is quite frankly one of the most revolutionary and ingenious exemplifications of what is possible in with the technology of the modern age. This app enabled me to meet the absolute most perfect, drop dead gorgeous, LITERALLY 700 IQ, angel to ever grace God's green earth. Thank you hinge and your creators for my life would be a dull and gray imitation of what it is now due to what you've done for me. 💯💯💯🤝🤝🤝💪🏼💪🏼💪🏼💪🏼❤️❤️❤️",5.0,male,"Riyadh, Saudi Arabia",2022-09-23,Positivo,this app is quite frankly one of the most revolutionary and ingenious exemplifications of what is possible in with the technology of the modern age this app enabled me to meet the absolute most perfect drop dead gorgeous literally 700 iq angel to ever grace gods green earth thank you hinge and your creators for my life would be a dull and gray imitation of what it is now due to what youve done for me,0,96.99
26532490-e265-43f0-828b-032aa0bddd30,works well for me,5.0,male,"Montreal, Canada",2023-12-29,Positivo,works well for me,2,64.59
97ed4d63-94f9-4a23-8741-7d32deb9d65f,good app,5.0,male,"Tunis, Tunisia",2023-07-10,Positivo,good app,2,64.21
6f68e25f-c98c-448c-ae54-f49daadda1f0,good,5.0,male,"Mexico City, Mexico",2024-05-04,Positivo,good,2,64.21
c5b587d1-e903-4bbd-a39b-02d211e933f5,"you get what you'd expect for being a male on a social dating app, and if you use it the way I use it the free version is fine. further more I agree with the rules and regulations when it comes to scrutinising getting your profile up so not too bad in my opinion",5.0,female,"Chicago, United States",2024-10-23,Positivo,you get what youd expect for being a male on a social dating app and if you use it the way i use it the free version is fine further more i agree with the rules and regulations when it comes to scrutinising getting your profile up so not too bad in my opinion,2,54.88
1c772d47-28b9-4d60-8dc5-092f3bf75c29,honestly I think they should make it easier so you can just swipe instead of having a like and to give you more likes but other than that I'm pretty great 10 out of 10,5.0,female,"Canberra, Australia",2025-07-05,Positivo,honestly i think they should make it easier so you can just swipe instead of having a like and to give you more likes but other than that im pretty great 10 out of 10,2,61.14
f580af69-2c79-4583-b607-bc88040b146e,I so much love this app,5.0,female,"Suva, Fiji",2025-06-25,Positivo,i so much love this app,0,75.6
784f3094-1b9a-445f-92b9-3917203d4bce,Good App,5.0,male,"Marseille, France",2022-02-27,Positivo,good app,2,64.21
a5441949-3eab-4cc7-82d3-32cc1d820bc3,great,5.0,male,"Lusaka, Zambia",2023-04-17,Positivo,great,2,65.54
2b0e9c04-b922-4931-98d6-047d42684465,waaaay better than tinder,5.0,male,"Guadalajara, Mexico",2024-04-07,Positivo,waaaay better than tinder,1,77.48
19a3d1a4-84b5-4375-b08b-c15870e24f70,It may be just my experience but I absolutely love Hinge! I met my man almost 3 years ago! Our anniversary is on July 4th ❤️🎆🎇 We've been going strong since day one 🥰 I couldn't be happier. I paid for the app to meet the love of my life. Best money I've ever spent❣️❣️ Thank you hinge! I truly don't know where I'd be if you didn't help me meet my soulmate❣️🎆🎇 I hope many more meet their soulmates too!! Forever thank you!,5.0,male,"Boston, United States",2024-03-20,Positivo,it may be just my experience but i absolutely love hinge i met my man almost 3 years ago our anniversary is on july 4th weve been going strong since day one i couldnt be happier i paid for the app to meet the love of my life best money ive ever spent thank you hinge i truly dont know where id be if you didnt help me meet my soulmate i hope many more meet their soulmates too forever thank you,2,71.03
a7d8265a-53e7-4e8e-8ab4-f9088b768ae5,"it's free to engage with others, little difficult to navigate, I'm sure it gets easier with time.",5.0,female,"Asunción, Paraguay",2024-12-26,Positivo,its free to engage with others little difficult to navigate im sure it gets easier with time,2,51.68
2fb8fca3-50e3-487e-9245-da0a7b851e72,Hopefully I will not be single soon.,5.0,male,"Kampala, Uganda",2023-06-14,Positivo,hopefully i will not be single soon,0,82.8
eb4efdca-9519-426b-af3b-499fc26c423b,Met someone great. Deleted the app. On my way to make more memories with him. ✌️,5.0,male,"Austin, United States",2024-02-04,Positivo,met someone great deleted the app on my way to make more memories with him,2,52.84
f267d446-b97f-455f-9370-5708ff0fd0d9,"I'd rate this as one of the better dating apps, especially for no fee! I've recommended it to a few people and couple of them have been successful and still dating after months together now!",5.0,female,"Melbourne, Australia",2025-07-12,Positivo,id rate this as one of the better dating apps especially for no fee ive recommended it to a few people and couple of them have been successful and still dating after months together now,2,96.31
02f38829-37e1-4fe9-96ca-7bf38cb3fbb0,refreshingly great,5.0,male,"San Jose, United States",2024-05-17,Positivo,refreshingly great,2,65.54
79fd0081-bca1-4b4a-87c7-5d5e46444e8f,"Met someone cool and beautiful, thanks",5.0,male,"Lagos, Nigeria",2023-07-02,Positivo,met someone cool and beautiful thanks,0,60.72
ecac272c-8d82-4ab9-8cbb-159519111290,it's super,5.0,male,"Abuja, Nigeria",2023-09-30,Positivo,its super,0,63.6
0fb3a890-7ab9-41aa-9a57-31858eb804cb,thank you,5.0,female,"San Jose, United States",2024-09-30,Positivo,thank you,0,62.6
c66cb909-782d-47e8-b128-3999104769d2,i get match,5.0,male,"Busan, South Korea",2023-01-19,Positivo,i get match,1,75.71
cd6bbd20-ffcf-4b73-bfbd-98fc1ffe3742,Way better than Bumble! It does the job of helping you find what you are looking for!,5.0,male,"Cairo, Egypt",2023-08-21,Positivo,way better than bumble it does the job of helping you find what you are looking for,1,91.97
c25836ab-5409-470e-8f4d-069b14ff1903,the best,5.0,female,"Melbourne, Australia",2025-06-18,Positivo,the best,0,64.29
0d458716-2b32-42fb-ab57-3fdda65fa595,"I uninstalled Hinge today! One month ago, I installed Tinder, Hinge, and a few other apps. Over time, I widdled it down to just Tinder and Hinge. Tinder has a lot of people to choose from, but it felt like I was constantly sifting through the crowd looking for anyone with sense. Hinge was by contrast very selective in who it showed me. Things started slow, but I eventually met someone I really vibe with. As of 2023, Hinge is pretty good in comparison to the others.",5.0,male,"Cancun, Mexico",2024-06-20,Positivo,i uninstalled hinge today one month ago i installed tinder hinge and a few other apps over time i widdled it down to just tinder and hinge tinder has a lot of people to choose from but it felt like i was constantly sifting through the crowd looking for anyone with sense hinge was by contrast very selective in who it showed me things started slow but i eventually met someone i really vibe with as of 2023 hinge is pretty good in comparison to the others,1,48.04
d71aa8a0-832a-42c0-bb90-21331eb77540,Undecided thus far,5.0,female,"Salvador, Brazil",2025-01-26,Positivo,undecided thus far,2,76.99
53d9550b-bb09-4ca1-a360-c8c371625730,good,5.0,male,"Addis Ababa, Ethiopia",2023-08-27,Positivo,good,2,64.21
df6b944f-97d4-4716-881f-4f66d9e47268,real profiles and great platform.,5.0,male,"Paris, France",2022-07-09,Positivo,real profiles and great platform,2,57.49
181b809f-8e63-4e4d-ad6b-41374be6a709,"There are several reasons I don't like dating apps, the 2 biggest ones are: (1) they generally are designed to be addictive, which negatively affects how I view the people I swipe on; (2) the people on the app put very little effort into their profile, which means they put very little effort into conversation. Hinge remedies both of these through it's non-swiping system and other things. The quality of matches are better, and the algorithm surprises me with how compatible my matches are.",5.0,female,"Santiago, Chile",2025-01-11,Positivo,there are several reasons i dont like dating apps the 2 biggest ones are 1 they generally are designed to be addictive which negatively affects how i view the people i swipe on 2 the people on the app put very little effort into their profile which means they put very little effort into conversation hinge remedies both of these through its nonswiping system and other things the quality of matches are better and the algorithm surprises me with how compatible my matches are,2,98.23
e8525739-c67c-45af-b260-52a892a4ec83,App works well enough. Nice clean interface.,5.0,male,"Tripoli, Libya",2023-06-09,Positivo,app works well enough nice clean interface,0,51.88
ec9166a2-fb1b-4af3-b81b-acbd8327c4d1,loved the app,5.0,female,"Montreal, Canada",2024-07-29,Positivo,loved the app,2,65.54
19587118-e5ce-47c3-a78f-e5f241f7ff90,very interesting app,5.0,male,"Los Angeles, United States",2024-02-07,Positivo,very interesting app,0,66.26
9c4a464b-57a6-47fb-afe0-404731dfaa75,I found the best person i could ever meet in this app .,5.0,male,"Birmingham, United Kingdom",2022-04-10,Positivo,i found the best person i could ever meet in this app,0,88.68
128466f8-26c8-4c24-a18b-9333cb8edc88,pretty cool app,5.0,female,"Port Moresby, Papua New Guinea",2025-06-20,Positivo,pretty cool app,2,75.0
88ea9596-068d-4f8a-8f10-fc76184ad9a2,great app! turned my dating life around,5.0,female,"Arequipa, Peru",2025-04-13,Positivo,great app turned my dating life around,1,87.84
6d7e935c-3187-4083-9ccb-064b936dd441,nice app better than tinder,5.0,female,"Gold Coast, Australia",2025-06-10,Positivo,nice app better than tinder,1,81.27
8a7235d1-2776-48de-8ebc-7b2c610a86a9,perfect,5.0,female,"Port Moresby, Papua New Guinea",2025-10-01,Positivo,perfect,2,62.85
80e60ad3-8815-4a75-bebd-6d1ae98d3c3e,Good,5.0,female,"Port Moresby, Papua New Guinea",2025-09-19,Positivo,good,2,64.2
96d757a4-9268-442c-9b9a-8e9e7737044a,"Perfect example of what a dating app should be! You get an experience that would empty your wallet on Tinder. You get free occasional super likes (roses), see who likes you, send comments on specific posts along with your like, choose your location, and encourages you to respond by putting those matched profiles first!",5.0,male,"Lusaka, Zambia",2023-08-01,Positivo,perfect example of what a dating app should be you get an experience that would empty your wallet on tinder you get free occasional super likes roses see who likes you send comments on specific posts along with your like choose your location and encourages you to respond by putting those matched profiles first,1,97.69
72b4c1f3-15ce-4ccd-a6d8-6cfb862396cb,Nice App,5.0,male,"Tel Aviv, Israel",2022-11-27,Positivo,nice app,0,64.94
b5ae099e-40ad-47cb-ba2d-7abb7b106805,"It would be better if for each person, that a percentage of compatibility would show. It would make it more fun and interesting 😁",5.0,male,"Phoenix, United States",2024-05-10,Positivo,it would be better if for each person that a percentage of compatibility would show it would make it more fun and interesting,0,75.03
bf952ce6-9f7f-414c-b732-3a1c44b4cb14,Great app the only dating app that I luv have tired the rest but they haven't worked for me awesome app,5.0,female,"Asunción, Paraguay",2025-01-26,Positivo,great app the only dating app that i luv have tired the rest but they havent worked for me awesome app,1,91.19
f1f2ed70-8847-49e4-937f-fcec87901c51,"it definitely works, like anything you have to keep practicing to get better at navigating the sea of options out there. app works well and I really like that I don't accidentally dismiss someone when trying to look at pics",5.0,male,"Helsinki, Finland",2022-02-21,Positivo,it definitely works like anything you have to keep practicing to get better at navigating the sea of options out there app works well and i really like that i dont accidentally dismiss someone when trying to look at pics,1,74.81
d134724c-7ef3-4db0-96a1-d1810c127351,Ye download nahin Ho pa raha hai yah app,5.0,female,"Dallas, United States",2024-09-26,Positivo,ye download nahin ho pa raha hai yah app,0,77.61
67301874-66ec-4d3a-a286-2ac7abf87240,love this dating app,5.0,female,"Washington DC, United States",2024-07-25,Positivo,love this dating app,0,57.92
90fd4daa-61ee-4386-b1a1-4ca82cc0474a,Good app,5.0,male,"Karachi, Pakistan",2022-12-01,Positivo,good app,2,64.2
9400bab2-0bad-45f7-a2b9-95a6d5abed6a,This is a great app for those who are interested in starting a conversation with a person. This app shouldn't be used for fast relationships.,5.0,female,"Gold Coast, Australia",2025-06-28,Positivo,this is a great app for those who are interested in starting a conversation with a person this app shouldnt be used for fast relationships,2,93.12
b27eea1f-27ad-499f-a4e8-475cafc0fced,"Good app, i met a lot of good people from this app, the fact that we only get few likes in a day. Hingeplus and HingeX being super expensive, girls are not getting soo many likes compared to bumble or tinder.. this is actually good because it creates a little good balance in terms of number of likes girls and guys get. Still number of likes girls get are more. But this balance is a little better ✌️",5.0,female,"Wellington, New Zealand",2025-06-10,Positivo,good app i met a lot of good people from this app the fact that we only get few likes in a day hingeplus and hingex being super expensive girls are not getting soo many likes compared to bumble or tinder this is actually good because it creates a little good balance in terms of number of likes girls and guys get still number of likes girls get are more but this balance is a little better,2,76.73
6aa313a3-554e-4225-be7d-f7f2c3df3dd1,"well, 4 months steady with my bf",5.0,female,"La Paz, Bolivia",2024-12-19,Positivo,well 4 months steady with my bf,2,82.62
5191c2e7-3302-4f58-b7bc-f894ccec69e7,Why would I pay for my like to pop up on the top of the list ?,5.0,male,"Cape Town, South Africa",2023-05-30,Positivo,why would i pay for my like to pop up on the top of the list,0,88.24
a70c2e02-49b5-4d34-8408-306d6b523713,great app,5.0,male,"Boston, United States",2024-01-21,Positivo,great app,2,65.53
8d379f43-ce9c-40f3-be36-b22482616db4,So far I love this site it seems like one of the best I have ever been on.,5.0,male,"Kuala Lumpur, Malaysia",2023-03-25,Positivo,so far i love this site it seems like one of the best i have ever been on,0,90.87
fb46c153-d03f-46e8-9701-0701c879e59d,"Higher quality matches, options to identify as and search for non-binary genders. This is by far my favorite dating app.",5.0,male,"Denver, United States",2024-05-27,Positivo,higher quality matches options to identify as and search for nonbinary genders this is by far my favorite dating app,2,38.06
86e5b839-9dea-47b1-99ba-59ebe350fb3c,met the love of my life ❤️,5.0,male,"Tunis, Tunisia",2023-05-17,Positivo,met the love of my life,1,76.43
0cb50627-4e61-4a52-86a5-feb729e4455e,I found the most understanding and loving girl would Higley recommend,5.0,female,"Christchurch, New Zealand",2025-07-23,Positivo,i found the most understanding and loving girl would higley recommend,1,63.99
3f609195-0530-4974-9ff4-ca928d0438f4,this much better than it apps,5.0,female,"Hobart, Australia",2025-11-18,Positivo,this much better than it apps,1,81.43
31f53adf-4b2f-43c7-8c78-d3018565574e,This is THE best dating app I've tried and I've tried several. Highly recommend!!,5.0,male,"Stockholm, Sweden",2022-06-28,Positivo,this is the best dating app ive tried and ive tried several highly recommend,1,84.84
d3f78f11-466b-4e64-a8a1-e35ae893e8e9,"Met my girlfriend on Hinge! What can I say, a fabulous app, best of the bunch. Love her with all my heart ❤️",5.0,male,"Vancouver, Canada",2023-11-05,Positivo,met my girlfriend on hinge what can i say a fabulous app best of the bunch love her with all my heart,0,94.76
87675d5e-f559-4222-b787-a3abb16911ad,I did not understand how terrible Tinder is until I tried Hinge. Hinge vs Tinder is like seal team six vs boy scouts armed with squirt guns.,5.0,female,"Brisbane, Australia",2025-12-06,Positivo,i did not understand how terrible tinder is until i tried hinge hinge vs tinder is like seal team six vs boy scouts armed with squirt guns,1,94.57
d28ad8ca-744b-4b19-bfac-4a40d695722f,"Much better quality of matches on here than bumble, tinder, or bagel. having to like a specific profile component is a little intimidating but it works out.",5.0,male,"Munich, Germany",2022-05-03,Positivo,much better quality of matches on here than bumble tinder or bagel having to like a specific profile component is a little intimidating but it works out,1,71.12
f729f739-42a6-4c3d-9234-ae5ea145d096,"I would recommend Hinge for anyone looking for a serious relationship. It worked super well for me personally. It was much easier to find dates than other apps, the algorithm worked well for me and none of the dates were terrible. The ads are true, I am now in a serious relationship and I deleted Hinge, hopefully won't need it anymore.",5.0,female,"Hobart, Australia",2025-08-01,Positivo,i would recommend hinge for anyone looking for a serious relationship it worked super well for me personally it was much easier to find dates than other apps the algorithm worked well for me and none of the dates were terrible the ads are true i am now in a serious relationship and i deleted hinge hopefully wont need it anymore,0,96.4
b6ada93f-1403-4388-bbe7-59064db14816,Multiple dates no complaints Hinge plus ➕️ is worth it they change algorithm when u have it.,5.0,male,"Zurich, Switzerland",2022-05-14,Positivo,multiple dates no complaints hinge plus is worth it they change algorithm when u have it,1,92.28
8c314655-d66d-44c2-a5ba-f560ce36aeca,unlike Tinder this app isn't designed for hookups. it's meant for meaningful connections,5.0,female,"Santiago, Chile",2025-02-23,Positivo,unlike tinder this app isnt designed for hookups its meant for meaningful connections,2,91.32
88b3877c-c144-47df-b406-f99383deb766,"I haven't had any of the messaging problems other people seem to be having. There are a lot of bot or fake profiles for sure, but that isn't the app's fault. Gave 5 stars because I've met up with probably 15 people on Tinder and mostly have horror stories to show for it. Met only a single guy on this app and he's my boyfriend now. So I guess quality beats quantity?",5.0,male,"Cancun, Mexico",2024-04-27,Positivo,i havent had any of the messaging problems other people seem to be having there are a lot of bot or fake profiles for sure but that isnt the apps fault gave 5 stars because ive met up with probably 15 people on tinder and mostly have horror stories to show for it met only a single guy on this app and hes my boyfriend now so i guess quality beats quantity,2,97.37
0281d750-6515-40ed-8894-cdba1d1a679e,WOW,5.0,male,"Ottawa, Canada",2024-02-06,Positivo,wow,2,66.59
61f9ea33-19c4-4a41-b2c7-5b10aeadf949,is a good app real people's,5.0,female,"Santiago, Chile",2025-04-30,Positivo,is a good app real peoples,2,59.07
b1281c38-dfc3-4eb1-8c0d-7122c1f66e4d,"Good app for meeting people, but have run into a frequent bug when a message I compose and send ... Doesn't? The message seems like it sends, then disappears!",5.0,female,"Valparaíso, Chile",2024-12-17,Positivo,good app for meeting people but have run into a frequent bug when a message i compose and send doesnt the message seems like it sends then disappears,2,95.19
e6c29f48-b65c-4e66-a160-af68a718cf78,Found my perfect match after 2 years. It's worth digging thru the bad matches to find the perfect match,5.0,female,"Toronto, Canada",2024-08-03,Positivo,found my perfect match after 2 years its worth digging thru the bad matches to find the perfect match,2,93.81
d07a068b-fddd-48eb-a7c6-34649f3808c9,I love that it's optional right off the bat. you can make it into your own. you have the right of freedom and passage,5.0,female,"Valparaíso, Chile",2025-05-19,Positivo,i love that its optional right off the bat you can make it into your own you have the right of freedom and passage,2,61.55
dd90b6ef-f504-44a3-b63e-148e4f323247,fairly easy to use so far,5.0,female,"Guadalajara, Mexico",2024-10-27,Positivo,fairly easy to use so far,0,79.18
ac3b9b28-60db-45d8-80c5-520508d155f5,Best app ever thankyou hinge wohooo,5.0,female,"Montevideo, Uruguay",2025-05-25,Positivo,best app ever thankyou hinge wohooo,0,48.3
0b48ed1a-b3c6-46d4-873c-638818589ab0,This app allowed me to meet my BEST friend....and now we're getting married!,5.0,male,"Vancouver, Canada",2024-06-10,Positivo,this app allowed me to meet my best friendand now were getting married,2,88.92
d1178fb4-e1b4-4d48-b62e-23109d8f53f6,hinge is by far the best dating app there are almost zero bots no scammers 100% trust worthy tons of girls already have tried many other dating apps and they're all scattered with scammers and all that junk book listen give this one a shot with it it's worth the money,5.0,male,"Vienna, Austria",2022-06-24,Positivo,hinge is by far the best dating app there are almost zero bots no scammers 100 trust worthy tons of girls already have tried many other dating apps and theyre all scattered with scammers and all that junk book listen give this one a shot with it its worth the money,2,97.23
3a73d1ae-bf68-4ca8-b783-c8eda90a79f3,Hinge truly is one of the best dating✨👍,5.0,female,"Adelaide, Australia",2025-08-21,Positivo,hinge truly is one of the best dating,2,83.19
f64ddc04-4d44-4ccd-b0a5-6fa32f2d3952,I know this sounds like BS but I actually found my future wife on here within 24hrs of downloading the app.,5.0,female,"Santiago, Chile",2025-04-18,Positivo,i know this sounds like bs but i actually found my future wife on here within 24hrs of downloading the app,2,92.93
268c566a-3860-4318-a480-560c85aa7b9f,"Slow and steady, but better quality than most other apps :)",5.0,male,"Tijuana, Mexico",2024-01-09,Positivo,slow and steady but better quality than most other apps,2,50.16
7b0fe98d-9229-4f2e-8d4a-880b421ba982,Great experience,5.0,male,"Hong Kong, China",2023-01-22,Positivo,great experience,2,67.87
1fca6ed1-9f85-4010-b83f-4acf5142f434,very easy to set up and use! 😉👍🏿,5.0,male,"Lagos, Nigeria",2023-08-19,Positivo,very easy to set up and use,0,58.71
2d012bd4-3f5d-4022-a975-02984af95854,Ottima,5.0,male,"Rome, Italy",2022-07-19,Positivo,ottima,0,33.33
35cb9d13-0685-48af-a2ca-8306c0879886,nice application,5.0,female,"Melbourne, Australia",2025-08-14,Positivo,nice application,1,70.07
a8312079-a28d-44bb-bed3-c8bded51d34c,so far so good,5.0,male,"Marseille, France",2022-06-14,Positivo,so far so good,2,76.52
9da81fba-5b95-447f-9508-8dffe548b020,this is best,5.0,female,"Denver, United States",2024-08-05,Positivo,this is best,0,64.3
e5183cf8-53d1-4a8c-93e2-3fd928df2993,awesome,5.0,male,"Johannesburg, South Africa",2023-07-14,Positivo,awesome,1,66.47
f3b47ca5-16fb-41c1-9443-81f79972c72b,Best app I've ever used!! I found my future partner through this app and I couldn't be more greatful to have had this on my phone,5.0,female,"Buenos Aires, Argentina",2024-11-22,Positivo,best app ive ever used i found my future partner through this app and i couldnt be more greatful to have had this on my phone,2,93.63
4d690a27-f068-42b4-8edb-e61b8f29599c,I get so much poon through Hinge. Highly recommend it. If you want poon hinge yourself a download,5.0,male,"Bangalore, India",2023-02-28,Positivo,i get so much poon through hinge highly recommend it if you want poon hinge yourself a download,0,64.82
f3ba1832-e342-47a1-b422-ffe217e21a43,nice,5.0,female,"Quito, Ecuador",2025-01-06,Positivo,nice,0,64.94
d0dd8485-c178-404a-a1df-f1e529553454,In,5.0,male,"Mexico City, Mexico",2024-01-27,Positivo,in,0,33.33
42ec2bd4-a4cb-44e3-8c0b-1aa8a7bf94d5,"I match more frequently than other appa and can see messages and can send messages, it is great :)",5.0,female,"Port Moresby, Papua New Guinea",2025-09-16,Positivo,i match more frequently than other appa and can see messages and can send messages it is great,2,91.56
f6db0141-c862-4312-8b58-88bca51259fe,i'm new to it and so far it's really interesting. i'm still to go on dates and so on but so far it's decent.,5.0,female,"Tijuana, Mexico",2024-10-21,Positivo,im new to it and so far its really interesting im still to go on dates and so on but so far its decent,2,91.49
3296d0e9-d48e-402a-9197-17e09d4eb8a0,I met my husband on Hinge,5.0,male,"Lyon, France",2022-05-29,Positivo,i met my husband on hinge,2,80.57
b4529d89-b68b-44d4-a0ab-6ab21c49049c,Cool app 10 out of 10,5.0,female,"Washington DC, United States",2024-08-18,Positivo,cool app 10 out of 10,2,75.78
83d09b27-5836-4ada-8cbe-cec7cba6ccd9,"Best dating app, hands down. The experience is fluid and the matches seem meaningful. The more time you take on your profile, the more meaningful your matches will be. This is the first dating app that I actually enjoy",5.0,female,"Asunción, Paraguay",2024-11-18,Positivo,best dating app hands down the experience is fluid and the matches seem meaningful the more time you take on your profile the more meaningful your matches will be this is the first dating app that i actually enjoy,2,96.32
310df62b-10f9-4a9c-812b-9eb91010a8f7,im 9 o found a 9 year old=),5.0,male,"Dubai, United Arab Emirates",2022-09-30,Positivo,im 9 o found a 9 year old,1,80.66
ac6c170a-cc3e-4056-8f09-d95a05078dba,My issues is signing next,5.0,male,"Toronto, Canada",2024-04-25,Positivo,my issues is signing next,2,74.93
79559009-bd33-4c60-975f-edc6029265f0,Steps above the rest...,5.0,male,"Marrakesh, Morocco",2023-04-20,Positivo,steps above the rest,1,77.34
c115c248-74d8-47b0-b221-ad0fc068de0e,I say it has a pretty interesting layout. You can add short video clips or like voice chats to answer certain prompts. Makes this app more interesting! So far I enjoyed using it.,5.0,male,"Boston, United States",2024-01-25,Positivo,i say it has a pretty interesting layout you can add short video clips or like voice chats to answer certain prompts makes this app more interesting so far i enjoyed using it,0,96.39
e91414a9-4259-47cc-b12c-93a0ea492a9d,very nice app,5.0,female,"Port Moresby, Papua New Guinea",2025-07-19,Positivo,very nice app,0,76.81
d192ce31-59ad-4dc3-86e9-f45861d77ac5,Nice app,5.0,male,"Valencia, Spain",2022-06-12,Positivo,nice app,0,64.94
d93b9bbf-b37c-4406-9502-a67ec8ba8604,Quality,5.0,female,"Queenstown, New Zealand",2025-11-05,Positivo,quality,2,66.45
41b8bc95-0add-42b6-bb28-fa6f6153a2ed,🔥🔥fire app,5.0,female,"La Paz, Bolivia",2025-01-30,Positivo,fire app,0,33.33
aea938b7-da36-40bd-8a9f-77a57d84db0c,good site,5.0,male,"Tel Aviv, Israel",2023-01-22,Positivo,good site,0,70.53
abcf981e-66bd-443c-9ea9-fe6810b53c49,Found the love of my life. She's so friggin hot.,5.0,male,"Frankfurt, Germany",2022-09-09,Positivo,found the love of my life shes so friggin hot,1,85.99
0121b4bb-850c-4c00-81d0-4fb8533a5814,"My initial review was only 2 stars due to it showing the same person every couple of days even though I thought I had removed them. This was a few years ago now, but I did meet someone and ended up getting married and having 2 children. You've just gotta wait for the right person to come along. Good luck everyone. Overall a very positive experience.",5.0,male,"Washington DC, United States",2024-01-21,Positivo,my initial review was only 2 stars due to it showing the same person every couple of days even though i thought i had removed them this was a few years ago now but i did meet someone and ended up getting married and having 2 children youve just gotta wait for the right person to come along good luck everyone overall a very positive experience,2,78.42
028bcf8f-4f87-4c59-9c61-2ec08b4ed727,"Works great. A lot of diffrent ways to customize your profile so there's no shortage of conversation starters or things to learn about with most people. I've seen some people complain about how many likes you can send a day but I think the free version of the app gives you a perfectly reasonable amount. I went out with a few people I met on here, and now I have a boyfriend of 4 months thanks to Hinge. So, I'm pretty happy.",5.0,male,"Houston, United States",2023-12-08,Positivo,works great a lot of diffrent ways to customize your profile so theres no shortage of conversation starters or things to learn about with most people ive seen some people complain about how many likes you can send a day but i think the free version of the app gives you a perfectly reasonable amount i went out with a few people i met on here and now i have a boyfriend of 4 months thanks to hinge so im pretty happy,2,98.11
720aafb3-5ae3-4b2c-a407-751c6023349b,"I met the love of my life on this app. Tinder, Bumble, etc all proved useless in the face of this. Still a honeymoon couple after more than 3 years. Can't recommend this app enough.",5.0,male,"Manchester, United Kingdom",2022-03-15,Positivo,i met the love of my life on this app tinder bumble etc all proved useless in the face of this still a honeymoon couple after more than 3 years cant recommend this app enough,1,95.61
cda27955-7c1e-4ab4-9eb2-4736440d6a6f,it's amazing didn't realize there were real people looking for their person,5.0,male,"Hanoi, Vietnam",2022-11-10,Positivo,its amazing didnt realize there were real people looking for their person,2,91.32
d0968dac-0702-4b12-a336-fe7af4a79f1d,good app,5.0,male,"Tunis, Tunisia",2023-07-26,Positivo,good app,2,64.21
4c7d0fc5-c894-4ee2-9613-fdbef95543cc,"Ngl this is like the one dating app that actually works. ""Designed to be deleted"" is cheesy but also true!",5.0,female,"Rio de Janeiro, Brazil",2025-04-18,Positivo,ngl this is like the one dating app that actually works designed to be deleted is cheesy but also true,0,73.09
c5465e1e-d155-438a-9e58-0d6d46e25f76,"I met my boyfriend on Hinge one year ago after I spent a looot of time on other apps. People here are much more focused on finding a serious relationship than having a one time night that ultimately bring you nowhere. I had only to spend a couple of weeks on the app to find someone. Maybe I am lucky, but I like that the app forces you to focus on people and take the time, rather than indefinitely swipping and never find anyone at the end, and skipping someone that would have been THE one.",5.0,female,"Caracas, Venezuela",2025-05-25,Positivo,i met my boyfriend on hinge one year ago after i spent a looot of time on other apps people here are much more focused on finding a serious relationship than having a one time night that ultimately bring you nowhere i had only to spend a couple of weeks on the app to find someone maybe i am lucky but i like that the app forces you to focus on people and take the time rather than indefinitely swipping and never find anyone at the end and skipping someone that would have been the one,0,92.97
879fe2be-8882-44d5-a8f0-a771efbb4ecb,"the ui is appealing. there is actually some cool tips for talking, lots of templates so profiles can be unique and people seem real. matched in 1 day.",5.0,male,"Windhoek, Namibia",2023-09-19,Positivo,the ui is appealing there is actually some cool tips for talking lots of templates so profiles can be unique and people seem real matched in 1 day,2,83.45
f1dd386e-f5bd-4fde-8248-f9ba37c48c00,Matched within 2 hours!,5.0,female,"Perth, Australia",2025-11-14,Positivo,matched within 2 hours,0,79.15
922a10c8-5aa6-4a97-9ed4-32a1c24776fc,good,5.0,male,"Philadelphia, United States",2024-05-16,Positivo,good,2,64.21
259d169d-38b6-4dad-b4bd-fca64009d636,"This app is great, I met my life partner here and we have been married for more then a year now",5.0,male,"Shanghai, China",2022-10-01,Positivo,this app is great i met my life partner here and we have been married for more then a year now,2,79.55
8f4f83e8-5143-4879-8edf-11e99d3588f7,in-depth and the free version isn't too restrictive,5.0,female,"Salvador, Brazil",2025-05-19,Positivo,indepth and the free version isnt too restrictive,1,86.17
233cb820-7977-4d2f-80fe-7778143257a2,Loved it ❤️,5.0,female,"Boston, United States",2024-10-20,Positivo,loved it,2,65.54
e47c82ef-2bab-49ab-aec8-0dd753154501,Works as advertised.,5.0,female,"Nadi, Fiji",2025-07-11,Positivo,works as advertised,2,77.23
b4420c1d-87de-45cf-b79b-5ec6fd6f4e70,Best app ever!!! Best thing created by aby human.... greatest gift to mankind....long live the creator 🤲,5.0,female,"San Diego, United States",2024-08-30,Positivo,best app ever best thing created by aby human greatest gift to mankindlong live the creator,0,90.92
41ede278-3f2f-423b-b4a4-1b3045273fd4,"Honestly great app, get to talk to people, matches are good and you genuinely grt to know people. Met a womderful girl that im hopeful about.",5.0,female,"Seattle, United States",2024-08-04,Positivo,honestly great app get to talk to people matches are good and you genuinely grt to know people met a womderful girl that im hopeful about,2,95.24
f452a9c7-fd75-4572-96fb-bfcabfbdb0c5,beautiful,5.0,male,"Calgary, Canada",2023-12-08,Positivo,beautiful,0,65.96
afe76691-cf6d-4bfe-8598-8bd43bfed9b6,best dating app so far,5.0,female,"Santa Cruz, Bolivia",2024-12-03,Positivo,best dating app so far,2,76.8
8060c87b-b662-45d8-93b4-e78a110cddf0,Very nice!,5.0,male,"Boston, United States",2024-06-09,Positivo,very nice,0,76.81
2bd48df7-e7df-413c-b343-17c658ec1c95,it is the most fair out of the apps. leaves you feeling a little better about yourself.,5.0,female,"Queenstown, New Zealand",2025-08-19,Positivo,it is the most fair out of the apps leaves you feeling a little better about yourself,2,92.11
